chr	start	end	names	pval	qval	genes
chr1	223538380	223538380	cg00172597	1.29443692537946e-05	0.054171566000017	
chr1	240118351	240118351	cg01567173	1.47459817801269e-05	0.054171566000017	
chr1	2801150	2801150	cg03543952	8.5318453072216e-06	0.054171566000017	
chr1	24229582	24229582	cg03611151	1.49693549596604e-05	0.054171566000017	CNR2
chr1	9099298	9099298	cg04885068	2.05870678929643e-05	0.054171566000017	SLC2A5
chr1	76080727	76080727	cg07923233	5.78891002066731e-06	0.054171566000017	
chr1	156616780	156616780	cg10389771	9.63606353580076e-06	0.054171566000017	BCAN,RP11-284F21.7
chr1	210531906	210531906	cg10556222	7.65365376153832e-06	0.054171566000017	HHAT
chr1	4714974	4714974	cg11835068	2.1588187508658e-05	0.054171566000017	AJAP1
chr1	20062330	20062330	cg14220777	1.64590052395134e-05	0.054171566000017	TMCO4
chr1	18023561	18023561	cg15076663	2.10368284442807e-05	0.054171566000017	ARHGEF10L
chr1	47882322	47882322	cg15457058	2.67332580124499e-06	0.054171566000017	FOXE3
chr1	156616805	156616805	cg16269733	2.51002239212959e-06	0.054171566000017	BCAN,RP11-284F21.7
chr1	47882314	47882314	cg18815943	3.95319121865453e-06	0.054171566000017	FOXE3
chr1	24229233	24229233	cg19276111	4.16366085111384e-06	0.054171566000017	CNR2
chr1	47882265	47882265	cg19809499	5.37681243925645e-06	0.054171566000017	FOXE3
chr1	13881542	13881542	cg19861147	1.11148869827448e-05	0.054171566000017	RP4-597A16.3
chr1	115881133	115881133	cg22354782	1.9151795499809e-05	0.054171566000017	RP4-663N10.1
chr1	75601121	75601121	cg23952663	1.96635230823924e-05	0.054171566000017	LHX8
chr1	16342156	16342156	cg24140574	5.29343363801526e-06	0.054171566000017	HSPB7
chr1	984429	984429	cg24730157	8.86029574222763e-06	0.054171566000017	AGRN
chr1	156616855	156616855	cg25773262	4.29974608101255e-06	0.054171566000017	BCAN,RP11-284F21.7
chr1	17475832	17475832	cg26516532	1.4985207376085e-05	0.054171566000017	
chr1	977004	977004	cg06819605	2.63630507439413e-05	0.0543206248802127	AGRN
chr1	201857948	201857948	cg08739233	2.61100067509949e-05	0.0543206248802127	SHISA4
chr1	27687232	27687232	cg20996351	2.72792505768345e-05	0.0543206248802127	MAP3K6
chr1	210032147	210032147	cg23817672	2.35444364419014e-05	0.0543206248802127	
chr1	226850741	226850741	cg04102510	3.0547257985566e-05	0.0543707177967035	ITPKB,ITPKB-IT1
chr1	22213908	22213908	cg07172756	3.38519644602422e-05	0.0543707177967035	HSPG2
chr1	21724633	21724633	cg07981328	3.1045219219723e-05	0.0543707177967035	PPP1R11P1
chr1	3051530	3051530	cg12641165	2.96115221773107e-05	0.0543707177967035	PRDM16
chr1	6266030	6266030	cg16094412	3.04862597507854e-05	0.0543707177967035	RNF207,RPL22
chr1	221051758	221051758	cg18645081	3.01669517427977e-05	0.0543707177967035	HLA-AS1,HLX
chr1	17953508	17953508	cg21524424	2.97878330250828e-05	0.0543707177967035	ARHGEF10L
chr1	20123989	20123989	cg27230749	2.9978646305284e-05	0.0543707177967035	TMCO4
chr1	22211075	22211075	cg27304144	2.85417104112734e-05	0.0543707177967035	HSPG2
chr1	70225706	70225706	cg07783134	3.84288969041116e-05	0.0551012872280427	LRRC7
chr1	60280489	60280489	cg08231348	3.91398350795182e-05	0.0553371048844476	HOOK1
chr1	47882937	47882937	cg23115387	3.93422108129018e-05	0.0554223609032328	FOXE3
chr1	2705733	2705733	cg12085977	3.9921960738322e-05	0.055490462612005	TTC34
chr1	1525453	1525453	cg00151676	4.04930294601857e-05	0.0556883318141202	
chr1	154475068	154475068	cg05637536	4.23068793768329e-05	0.0556883318141202	TDRD10
chr1	223739441	223739441	cg06877247	4.4183809020156e-05	0.0556883318141202	CAPN8
chr1	9749297	9749297	cg07427436	4.15176804457126e-05	0.0556883318141202	PIK3CD
chr1	22141015	22141015	cg15467646	4.02625352136927e-05	0.0556883318141202	LDLRAD2
chr1	155161212	155161212	cg15699386	4.2955170957035e-05	0.0556883318141202	MUC1
chr1	8398600	8398600	cg20706316	4.40107812077146e-05	0.0556883318141202	SLC45A1
chr1	103573700	103573700	cg26436330	4.55107213235592e-05	0.0564072304376067	COL11A1
chr1	150693383	150693383	cg06893172	4.64947626139205e-05	0.0566921772828391	
chr1	978665	978665	cg10983617	4.72016926839341e-05	0.0567859866937736	AGRN
chr1	201687738	201687738	cg01819910	5.00092338916198e-05	0.0574970328465066	IPO9-AS1,NAV1
chr1	240656514	240656514	cg02577267	5.984781691687e-05	0.0591830360077653	GREM2
chr1	4714673	4714673	cg12475759	6.22378613244626e-05	0.0595530723273388	
chr1	245836513	245836513	cg22686124	6.23842882951801e-05	0.0595530723273388	KIF26B
chr1	190447290	190447290	cg23010538	6.33515856229606e-05	0.0595530723273388	
chr1	228614015	228614015	cg16251579	6.47855643360125e-05	0.0596640624838269	
chr1	1475675	1475675	cg16306898	6.50936419277338e-05	0.0596640624838269	TMEM240
chr1	75595970	75595970	cg22694818	6.4789295639644e-05	0.0596640624838269	LHX8,RP11-510C10.2,RP11-510C10.3
chr1	224805287	224805287	cg01777643	6.59887103918053e-05	0.0599839531608748	CNIH3
chr1	60280812	60280812	cg15900248	6.6862907206385e-05	0.0601743006178223	HOOK1
chr1	223936813	223936813	cg19598416	6.6871489652069e-05	0.0601743006178223	CAPN2
chr1	3567304	3567304	cg04021697	6.84881836740114e-05	0.0606715248658468	WRAP73
chr1	27687454	27687454	cg06035600	7.59901139751358e-05	0.0622354563449658	MAP3K6
chr1	2980380	2980380	cg01514538	7.71972961928836e-05	0.0624289211758408	LINC00982
chr1	156612140	156612140	cg21475402	7.82105763964471e-05	0.0625216096139766	BCAN,RP11-284F21.10
chr1	16554402	16554402	cg17463745	7.8972939875798e-05	0.0627515857459962	ANO7P1
chr1	42846987	42846987	cg14899716	8.16562838690864e-05	0.0633987329348407	RIMKLA
chr1	19203999	19203999	cg10108612	8.20234790986743e-05	0.0635624135701076	ALDH4A1,RP13-279N23.2
chr1	40598455	40598455	cg07405182	8.40627180330879e-05	0.0638115440462443	RP11-115D7.3
chr1	19250280	19250280	cg09012001	8.55121013891968e-05	0.0640992769774896	IFFO2
chr1	79472452	79472452	cg26422458	8.60595445218597e-05	0.0641892017369679	
chr1	223936800	223936800	cg06756211	8.64695500807111e-05	0.0643227194382226	CAPN2
chr1	65991597	65991597	cg16987305	8.75154235732808e-05	0.0643983805620442	LEPR
chr1	150669681	150669681	cg12401651	8.88841490237328e-05	0.0646790131590173	
chr1	22174499	22174499	cg02459271	9.11952319206747e-05	0.0652244226631007	HSPG2
chr1	1374310	1374310	cg13897675	9.09842335429169e-05	0.0652244226631007	VWA1
chr1	7122640	7122640	cg14083421	9.07657650969308e-05	0.0652244226631007	CAMTA1
chr1	223936509	223936509	cg19318393	9.25389070838783e-05	0.0656793517130737	CAPN2
chr1	65775059	65775059	cg06346974	9.56842821179377e-05	0.0663346030698292	DNAJC6
chr1	986561	986561	cg08480609	9.86872377456369e-05	0.0674637909529654	AGRN
chr1	2980164	2980164	cg04484550	9.99919139271247e-05	0.0679110935812665	LINC00982
chr1	970295	970295	cg18147233	0.0001034770225591	0.068608991683305	AGRN
chr1	964497	964497	cg25774148	0.0001044440177335	0.0689177068484337	AGRN
chr1	229543554	229543554	cg13850606	0.0001100405450393	0.069656047044504	
chr1	50513749	50513749	cg02623400	0.0001110836598077	0.0698428433271369	ELAVL4
chr1	3057366	3057366	cg21299491	0.0001129724695055	0.0704199035452903	PRDM16
chr1	9100316	9100316	cg15545739	0.0001187657480214	0.0718001696776915	SLC2A5
chr1	2984831	2984831	cg04241652	0.0001210693095624	0.0720326998113761	LINC00982
chr1	22327148	22327148	cg04210254	0.0001217664526085	0.0722385518367077	
chr1	201857956	201857956	cg19624873	0.0001254277616405	0.0723600376393548	SHISA4
chr1	50573970	50573970	cg24518017	0.0001243200189576	0.0723600376393548	ELAVL4
chr1	15386739	15386739	cg27290274	0.0001255390681554	0.0723600376393548	KAZN
chr1	76080684	76080684	cg27510832	0.0001232614720267	0.0723600376393548	
chr1	10058068	10058068	cg15090005	0.0001282437163892	0.0733274923579364	RBP7
chr1	9243680	9243680	cg12385729	0.0001286146278017	0.0734215378161806	RP3-510D11.1,RP3-510D11.2
chr1	1045383	1045383	cg19860160	0.0001287790096929	0.0734215378161806	C1orf159
chr1	16342124	16342124	cg10494257	0.0001328192240883	0.0741600011648336	HSPB7
chr1	5957659	5957659	cg06616755	0.0001377743570953	0.0752242586824492	NPHP4
chr1	6266360	6266360	cg08611163	0.0001376532663375	0.0752242586824492	RNF207,RPL22
chr1	6265802	6265802	cg03716999	0.000138746105742	0.0754098173963142	RNF207,RP1-120G22.11,RPL22
chr1	1142933	1142933	cg07119157	0.0001386932606284	0.0754098173963142	
chr1	6266753	6266753	cg27307298	0.000139444442148	0.0755006092987509	RNF207,RPL22
chr1	11918955	11918955	cg14506552	0.0001403801356597	0.0757557593324633	NPPB
chr1	19110923	19110923	cg19637330	0.0001409626175683	0.07578182128122	
chr1	19661425	19661425	cg20698410	0.0001417190463636	0.0758900042544719	
chr1	989305	989305	cg07912402	0.0001431016313447	0.0759487815647982	AGRN
chr1	233749633	233749633	cg25191850	0.0001452532462439	0.0763629863610886	
chr1	1477931	1477931	cg19619320	0.0001474896440045	0.0767881047387209	SSU72
chr1	36039655	36039655	cg14962509	0.0001577812514512	0.0781567101057713	RP4-728D4.2,TFAP2E
chr1	175048874	175048874	cg01951489	0.0001603356890444	0.0788811931094548	TNN
chr1	8263776	8263776	cg11977919	0.0001605836960741	0.0789102614848638	
chr1	6059070	6059070	cg05307871	0.0001622080129484	0.079106423455981	KCNAB2
chr1	1267560	1267560	cg10065209	0.0001637417216177	0.0795727614628957	TAS1R3
chr1	243736307	243736307	cg24455383	0.0001649402831395	0.0799227517908465	AKT3
chr1	1100126	1100126	cg06618740	0.0001661377021118	0.0801774215852035	
chr1	240569726	240569726	cg12804283	0.0001675409977442	0.0804364330170381	FMN2
chr1	10710135	10710135	cg22508928	0.0001723599930542	0.081383343672814	CASZ1,RP4-734G22.3
chr1	22157498	22157498	cg24447680	0.000172480831105	0.081383343672814	HSPG2
chr1	1559155	1559155	cg03975652	0.0001739787564922	0.0816929965086444	MIB2
chr1	985394	985394	cg13244315	0.0001767245004204	0.0825015141930855	AGRN
chr1	145415412	145415412	cg19624849	0.0001809299261596	0.083000634890553	HFE2
chr1	50571846	50571846	cg26888153	0.0001823931032649	0.083367482836042	ELAVL4
chr1	19600730	19600730	cg11376198	0.0001843809334982	0.083523567737419	
chr1	156611963	156611963	cg20270188	0.0001845694336228	0.083523567737419	BCAN,RP11-284F21.10
chr1	27902556	27902556	cg27424995	0.000184546827983	0.083523567737419	AHDC1
chr1	1017384	1017384	cg24378253	0.0001881923075202	0.0844766043537877	C1orf159
chr1	49085507	49085507	cg15009232	0.0001926518510731	0.0851870303647866	AGBL4
chr1	57111118	57111118	cg26068551	0.0001962161054346	0.0859633126631171	PRKAA2
chr1	68761431	68761431	cg17449969	0.0001991067068534	0.0863595878146538	
chr1	165204745	165204745	cg23049291	0.0001990196244238	0.0863595878146538	LMX1A
chr1	9099282	9099282	cg02497830	0.0002005654310186	0.086792236309169	SLC2A5
chr1	6972863	6972863	cg10030008	0.0002008314752262	0.086792236309169	CAMTA1
chr1	991534	991534	cg08262378	0.0002029914434959	0.0873179211136738	
chr1	36039173	36039173	cg01101380	0.0002037572491712	0.0874684009605248	RP4-728D4.2,TFAP2E
chr1	2089555	2089555	cg19928739	0.0002044621599122	0.0875512859630647	PRKCZ
chr1	203056475	203056475	cg25729585	0.0002099144330071	0.0885480966473021	
chr1	59042113	59042113	cg00554413	0.0002106328941331	0.0885542241084852	TACSTD2
chr1	19110735	19110735	cg13786083	0.0002101446821546	0.0885542241084852	
chr1	983386	983386	cg02494066	0.0002138181877341	0.0892012271851563	AGRN
chr1	22182101	22182101	cg25940827	0.0002150557782029	0.0894971849277402	HSPG2
chr1	3086509	3086509	cg22796923	0.0002173831189165	0.0898101906932611	PRDM16
chr1	180662660	180662660	cg14838757	0.0002220696089495	0.09096374300036	XPR1
chr1	19600702	19600702	cg18202521	0.0002244593889953	0.0913334328410184	
chr1	161049543	161049543	cg10888244	0.0002274866612437	0.0916854972061999	PVRL4
chr1	4714034	4714034	cg13495205	0.0002275884605145	0.0916854972061999	
chr1	16554172	16554172	cg20611680	0.0002267162145276	0.0916854972061999	ANO7P1
chr1	1563501	1563501	cg09159050	0.0002302190543179	0.0919057406268587	MIB2
chr1	10363989	10363989	cg26247646	0.0002313470530244	0.0921169271083258	KIF1B
chr1	151945664	151945664	cg27310092	0.0002313404631536	0.0921169271083258	
chr1	1475743	1475743	cg15487867	0.0002339754974981	0.0927215594151043	TMEM240
chr1	2928506	2928506	cg23226249	0.0002371902020149	0.0932923614849576	
chr1	119549146	119549146	cg10572355	0.0002399161456823	0.0936540702258069	
chr1	1028878	1028878	cg06181703	0.0002409560954031	0.0938845416237354	C1orf159
chr1	75602167	75602167	cg08272731	0.0002427299996868	0.0941366438061465	LHX8
chr1	1100493	1100493	cg21475076	0.0002444213059995	0.0944418150222511	
chr1	1268145	1268145	cg18386618	0.00024795881949	0.0951485304881342	TAS1R3
chr1	20141663	20141663	cg04994456	0.000248846624781	0.0951969533713077	RNF186,RP11-91K11.2
chr1	103574523	103574523	cg03520644	0.000250256919874	0.0955039397820317	
chr1	991709	991709	cg13439946	0.0002530213665178	0.0959888605964768	
chr1	19600674	19600674	cg13935437	0.0002541118254422	0.0961841468359595	AKR7L
chr1	46212774	46212774	cg04012872	0.0002550745787322	0.096300717039019	IPP
chr1	1470836	1470836	cg07835437	0.0002549038844546	0.096300717039019	TMEM240
chr1	36038708	36038708	cg13558810	0.0002547032832263	0.096300717039019	RP4-728D4.2
chr1	156612436	156612436	cg09182138	0.0002569506630777	0.096549867142403	BCAN,RP11-284F21.10
chr1	1023163	1023163	cg04315086	0.0002626658795615	0.0974352781851132	C1orf159
chr1	979590	979590	cg16657578	0.0002672245884879	0.09816731459259	AGRN
chr1	150669759	150669759	cg15700487	0.0002745899403898	0.0995163977714728	
chr1	82620087	82620087	cg15393179	0.0002771422861286	0.099878110497179	
chr1	87617328	87617328	cg09121047	0.0002793653080611	0.10025592309252	LINC01140,RP5-1052I5.2
chr1	40599011	40599011	cg08166631	0.0002817425894813	0.10066742256005	RP11-115D7.3
chr1	1562772	1562772	cg04854189	0.0002860107807185	0.101222053396222	MIB2
chr1	37500195	37500195	cg10126715	0.000287370633064	0.101334721496529	
chr1	110693237	110693237	cg11885396	0.0002923052606907	0.10215382658682	SLC6A17
chr1	984384	984384	cg08387293	0.0002936679414917	0.102302987054083	AGRN
chr1	228362444	228362444	cg01200585	0.0002945727393184	0.102348735721469	IBA57
chr1	148855373	148855373	cg26681183	0.0002959790159795	0.102583602593628	RP11-763B22.9
chr1	39283780	39283780	cg10702770	0.0003032442475308	0.103833021097169	
chr1	5943175	5943175	cg05927645	0.000306556530891	0.104453766334489	NPHP4
chr1	218519233	218519233	cg25851842	0.0003081613556744	0.104688105911898	
chr1	2736859	2736859	cg25207052	0.0003160901817507	0.105368523339912	
chr1	2092854	2092854	cg24937768	0.0003220320855719	0.106455139408048	PRKCZ
chr1	155161680	155161680	cg20949223	0.0003259055941148	0.107006489195459	MUC1
chr1	153348912	153348912	cg02813121	0.0003388609832691	0.109131514976075	
chr1	78744225	78744225	cg12413606	0.0003424090961628	0.109395304283977	RP11-183M13.1
chr1	221051908	221051908	cg23616139	0.0003413106631983	0.109395304283977	HLA-AS1,HLX
chr1	57111100	57111100	cg04876835	0.0003443306322171	0.109746225699258	PRKAA2
chr1	236924392	236924392	cg20282303	0.0003465383740931	0.110239584051685	ACTN2
chr1	237205296	237205296	cg03422911	0.0003558273406449	0.111873883652212	
chr1	24229576	24229576	cg26404511	0.0003572795742551	0.111993270943266	CNR2
chr1	27902069	27902069	cg24442740	0.0003642292140134	0.112683720266135	AHDC1
chr1	41324395	41324395	cg01074104	0.0003720841548016	0.113856933601925	
chr1	15375511	15375511	cg20675796	0.0003723817176998	0.11386456992744	KAZN
chr1	150669796	150669796	cg01139966	0.0003775729458491	0.114272848841539	
chr1	230468773	230468773	cg11825002	0.0003791845842787	0.114511041629532	PGBD5
chr1	27278293	27278293	cg11967862	0.0003845509422825	0.115207051617967	C1orf172
chr1	103125518	103125518	cg25770995	0.0003855095730935	0.115253621502494	
chr1	2302005	2302005	cg15836199	0.000387601469352	0.115463613017591	MORN1
chr1	59043256	59043256	cg16699148	0.0003873886081642	0.115463613017591	
chr1	1932336	1932336	cg26424079	0.0003877011189172	0.115463613017591	C1orf222
chr1	228248014	228248014	cg26841013	0.0003927281959402	0.116144451403077	WNT3A
chr1	36039885	36039885	cg05845757	0.0003986258126596	0.117295399656493	RP4-728D4.2,TFAP2E
chr1	2560884	2560884	cg00980319	0.0004013145438154	0.11763389589031	MMEL1
chr1	223538335	223538335	cg12307840	0.0004031747013692	0.117901836693551	
chr1	115881131	115881131	cg03962691	0.0004054722089831	0.118244008961753	RP4-663N10.1
chr1	1475738	1475738	cg16601494	0.0004071963114289	0.118339886874226	TMEM240
chr1	1903425	1903425	cg15546282	0.000415637489032	0.119014535593508	C1orf222
chr1	230240632	230240632	cg24577594	0.0004151293948911	0.119014535593508	GALNT2
chr1	245836446	245836446	cg24481802	0.0004183482245098	0.119117526892275	KIF26B
chr1	1985501	1985501	cg01907016	0.0004213680601207	0.119528916148519	PRKCZ
chr1	27902687	27902687	cg27543538	0.0004242401072442	0.119850914896526	AHDC1
chr1	12251870	12251870	cg06740893	0.000425207969705	0.11996023131171	TNFRSF1B
chr1	964506	964506	cg17021880	0.0004362078084833	0.121344209724937	AGRN
chr1	184761874	184761874	cg07234097	0.0004368467078915	0.121383466418512	FAM129A
chr1	1050110	1050110	cg08927102	0.0004378220034987	0.121433761071653	C1orf159
chr1	2103155	2103155	cg02854763	0.000441909012677	0.121725291696194	PRKCZ
chr1	6265879	6265879	cg12911256	0.0004470419462053	0.122441711071911	RNF207,RPL22
chr1	36038877	36038877	cg09364688	0.0004661123921823	0.124601015522232	RP4-728D4.2
chr1	3083174	3083174	cg00715999	0.0004732210945108	0.125417702603386	PRDM16
chr1	2238046	2238046	cg06875179	0.000475046790901	0.125702165949363	SKI
chr1	97737510	97737510	cg23057232	0.000476542237831	0.125978163096799	DPYD,DPYD-AS1
chr1	1558937	1558937	cg09061216	0.0004826047819781	0.126858240132213	MIB2
chr1	19600719	19600719	cg12798157	0.0004909324740895	0.127577004667128	
chr1	963887	963887	cg07396477	0.0004935433491819	0.127775403439852	AGRN
chr1	3234008	3234008	cg01793374	0.0005018686327283	0.128496529779253	PRDM16
chr1	3498927	3498927	cg03117540	0.0005052764209161	0.1288839037699	MEGF6
chr1	15541217	15541217	cg11741753	0.0005071959404664	0.129018971245797	TMEM51
chr1	1268469	1268469	cg16174225	0.000507443309279	0.129042601840385	TAS1R3
chr1	1911387	1911387	cg04012515	0.0005079254992834	0.129086630982168	C1orf222
chr1	2828293	2828293	cg04914832	0.0005185414492667	0.130461742635277	
chr1	5917846	5917846	cg24883265	0.0005240023846166	0.131177095608851	
chr1	9100328	9100328	cg18731519	0.0005297744104809	0.131964842075678	SLC2A5
chr1	1914597	1914597	cg18270426	0.0005341045159684	0.132396743597215	C1orf222
chr1	248100276	248100276	cg08861456	0.0005355690591549	0.132425679631527	RP11-438H8.8
chr1	27284253	27284253	cg02127418	0.0005364329385614	0.132502108106985	C1orf172
chr1	19599516	19599516	cg17431922	0.0005419962131541	0.133065285197237	AKR7L
chr1	219786527	219786527	cg03773196	0.0005438111809072	0.133378074409637	
chr1	4794072	4794072	cg21913897	0.0005454304504214	0.133579131366287	AJAP1
chr1	201998639	201998639	cg17984007	0.0005529972486227	0.13464282237569	
chr1	27287777	27287777	cg23609650	0.0005597707633045	0.135533724666376	
chr1	108735549	108735549	cg17107246	0.0005618152633827	0.135653689702062	SLC25A24
chr1	19204233	19204233	cg17886330	0.000575098363622	0.137076589693109	ALDH4A1,RP13-279N23.2
chr1	32054461	32054461	cg24253618	0.000575091796736	0.137076589693109	
chr1	958275	958275	cg17801765	0.000581097516663	0.137573255555449	AGRN
chr1	3128607	3128607	cg22031783	0.0005861908596277	0.138173985093313	PRDM16
chr1	2107452	2107452	cg00660626	0.0005881524178875	0.138487779628296	PRKCZ
chr1	1907395	1907395	cg01559650	0.0005881852225723	0.138487779628296	C1orf222
chr1	19181420	19181420	cg24953922	0.0005916624998123	0.138824525776902	RP13-279N23.2,TAS1R2
chr1	203054723	203054723	cg01194444	0.0005974675947538	0.139155987453827	MYOG
chr1	22213994	22213994	cg24109161	0.0005977968278217	0.139155987453827	HSPG2
chr1	203166049	203166049	cg22820426	0.0006018680998909	0.139391450534597	
chr1	145415442	145415442	cg14036143	0.0006020887033321	0.139403893696615	HFE2
chr1	233749411	233749411	cg11382055	0.0006043145274696	0.139764297915398	
chr1	223936838	223936838	cg21617516	0.0006082697302442	0.140213222304932	CAPN2
chr1	228785988	228785988	cg01525538	0.0006127689247262	0.140665914582041	DUSP5P1
chr1	164819400	164819400	cg17855130	0.000612356882426	0.140665914582041	PBX1
chr1	51110219	51110219	cg12470218	0.0006166706738835	0.141140516624744	FAF1
chr1	228614019	228614019	cg14847095	0.0006175115712894	0.141160682226244	
chr1	150693375	150693375	cg05125051	0.0006200601981451	0.141303058908334	
chr1	27126173	27126173	cg13199963	0.0006323729565221	0.142543962812125	
chr1	201777631	201777631	cg12636482	0.0006355609291067	0.143026553809444	IPO9-AS1,NAV1
chr1	22206962	22206962	cg10820203	0.0006445922776087	0.144178418697222	HSPG2
chr1	34631891	34631891	cg01445580	0.0006452446898374	0.144200484326441	
chr1	87617351	87617351	cg02083836	0.0006464961451919	0.144286954526747	LINC01140,RP5-1052I5.2
chr1	1564482	1564482	cg05642789	0.0006505655159538	0.144781886749523	MIB2
chr1	156046546	156046546	cg11717597	0.0006727206000335	0.146882723087399	MEX3A
chr1	203056504	203056504	cg15470344	0.0006775887333933	0.147406252752543	
chr1	218458023	218458023	cg08160643	0.000680888904421	0.147701087416738	
chr1	1611999	1611999	cg09825670	0.0006820844843536	0.147806911551877	SLC35E2B
chr1	1132852	1132852	cg02852923	0.0006885095291568	0.148578799574217	TTLL10
chr1	3474377	3474377	cg12612393	0.000691011904454	0.148698287394502	MEGF6
chr1	36825645	36825645	cg05798664	0.0006941681211956	0.149050774885205	STK40
chr1	218653562	218653562	cg13132121	0.0006961710857562	0.14915702092654	
chr1	31457939	31457939	cg21861265	0.0007023162434669	0.149667533053566	PUM1
chr1	97833213	97833213	cg24155937	0.0007014742984598	0.149667533053566	DPYD
chr1	22214106	22214106	cg13063658	0.0007082692038732	0.150201283747155	HSPG2
chr1	1003377	1003377	cg08709360	0.0007148670443034	0.150624678017846	RP11-465B22.3
chr1	75599667	75599667	cg11842415	0.0007156125481829	0.15068564529278	LHX8
chr1	98336448	98336448	cg17752576	0.0007249190550205	0.151850183216831	DPYD
chr1	977897	977897	cg03790440	0.0007325345333016	0.152430191151419	AGRN
chr1	54822009	54822009	cg06358171	0.0007330824773639	0.152451591099188	SSBP3
chr1	15546372	15546372	cg10386863	0.0007348611082369	0.152707428714512	TMEM51
chr1	1229590	1229590	cg01515136	0.000736267555718	0.152847607626851	ACAP3
chr1	210906641	210906641	cg14960034	0.0007403118231118	0.153306209449733	KCNH1
chr1	36039159	36039159	cg26372517	0.0007560292674358	0.15475794982968	RP4-728D4.2,TFAP2E
chr1	201689689	201689689	cg10985158	0.0007581594743434	0.154928256536253	IPO9-AS1,NAV1
chr1	997269	997269	cg22169680	0.0007641611190412	0.155510754196754	RP11-465B22.3
chr1	63539729	63539729	cg23166865	0.0007657970529422	0.155613463221737	
chr1	981567	981567	cg14253035	0.0007693975902514	0.155919517418903	AGRN
chr1	9416180	9416180	cg13187433	0.0007761469058011	0.156498417882394	SPSB1
chr1	27901698	27901698	cg10364249	0.0007766410403433	0.156516182912178	AHDC1
chr1	228756790	228756790	cg18025438	0.0007769844531153	0.156516182912178	DUSP5P1
chr1	1045506	1045506	cg26405545	0.0007868213517553	0.157208825616193	C1orf159
chr1	40594982	40594982	cg12066344	0.0007938408451778	0.15784463083698	
chr1	223538360	223538360	cg07605211	0.0008006119424243	0.158636228414884	
chr1	1095608	1095608	cg02971920	0.0008178439333366	0.160369427453537	
chr1	896227	896227	cg09789536	0.0008222722065003	0.160679490580829	KLHL17
chr1	19990625	19990625	cg13245440	0.0008251762944176	0.16104054768592	
chr1	1913527	1913527	cg04624458	0.0008295949612075	0.16158126862294	C1orf222
chr1	982190	982190	cg12469361	0.0008330904743991	0.162034626705308	AGRN
chr1	4714171	4714171	cg15484532	0.0008342583596398	0.162116880279271	
chr1	20879814	20879814	cg02582387	0.0008443488918779	0.16301322384258	FAM43B
chr1	47137632	47137632	cg06888626	0.0008498925526134	0.163627135572003	ATPAF1,EFCAB14,TEX38
chr1	19992167	19992167	cg27549720	0.0008704316934956	0.165410331699723	HTR6
chr1	201777623	201777623	cg10987004	0.0008741035956097	0.165579006140333	IPO9-AS1,NAV1
chr1	47905438	47905438	cg15691862	0.0008730890136437	0.165579006140333	FOXD2
chr1	53679996	53679996	cg18147584	0.0008735810302897	0.165579006140333	C1orf123
chr1	1377526	1377526	cg08270205	0.0008874194802275	0.16662781768389	VWA1
chr1	92001034	92001034	cg05152465	0.0009018824892224	0.168068049781237	RP11-47K11.2
chr1	17574331	17574331	cg01459162	0.0009042872103591	0.16831952407901	
chr1	27687074	27687074	cg01730970	0.0009134841079178	0.169094419084268	MAP3K6
chr1	240161250	240161250	cg13239420	0.0009176331420758	0.169257422925253	
chr1	159915374	159915374	cg17720231	0.0009165651297636	0.169257422925253	IGSF9
chr1	91190620	91190620	cg15452970	0.0009206142488836	0.169536774407626	
chr1	5917533	5917533	cg15728744	0.0009254434444575	0.169947547146695	
chr1	9217204	9217204	cg13116478	0.0009485536963589	0.172035843582747	
chr1	119550484	119550484	cg13933734	0.0009629661089574	0.173407383122267	
chr1	154439516	154439516	cg15633035	0.0009637437635837	0.173510017836213	IL6R
chr1	2984276	2984276	cg12140144	0.0009683663874007	0.173776897288466	LINC00982
chr1	81593104	81593104	cg23619753	0.0009777356781756	0.174564251431959	
chr1	990294	990294	cg16903000	0.000983847862125	0.175315896752315	AGRN
chr1	6265806	6265806	cg24870568	0.0009842677079225	0.175340696642251	RNF207,RP1-120G22.11,RPL22
chr1	155156300	155156300	cg11659330	0.0009856766749877	0.175416339836572	RP11-201K10.3,TRIM46
chr1	243869070	243869070	cg27438690	0.0009866671605667	0.175481390800782	AKT3,RP11-370K11.1
chr1	9226944	9226944	cg12597558	0.0010049353235692	0.177323051714841	
chr1	3136333	3136333	cg17489690	0.0010082332690767	0.177615322421287	PRDM16
chr1	20113930	20113930	cg06871525	0.0010107385442804	0.177944088659588	TMCO4
chr1	11561908	11561908	cg13863764	0.0010120330327731	0.178096920733061	PTCHD2
chr1	19209709	19209709	cg07785791	0.0010216134575546	0.178728653506027	ALDH4A1,MIR4695,RP13-279N23.2
chr1	1913799	1913799	cg14639753	0.0010299163123606	0.179281039302299	C1orf222
chr1	4712764	4712764	cg17328472	0.0010293073206204	0.179281039302299	
chr1	150693101	150693101	cg20767356	0.0010296400158833	0.179281039302299	HORMAD1
chr1	78279008	78279008	cg17895286	0.0010366409443135	0.179767851232443	FAM73A
chr1	2108749	2108749	cg02334669	0.0010384581948283	0.179792948403426	PRKCZ
chr1	10675576	10675576	cg04110886	0.0010404477013789	0.179898852119171	PEX14
chr1	2084520	2084520	cg04347414	0.0010530648663973	0.181006575925775	PRKCZ
chr1	15283327	15283327	cg06840246	0.0010665890751355	0.18206078845213	KAZN
chr1	40598395	40598395	cg01015662	0.0010761051303349	0.182787768838642	
chr1	47796002	47796002	cg03525818	0.0010775461555781	0.182858068894464	
chr1	65991176	65991176	cg08234308	0.0010792378174406	0.182925148742135	LEPR
chr1	211779639	211779639	cg01433468	0.0010892338868514	0.183488136518381	
chr1	5917394	5917394	cg12438598	0.0011297885433492	0.187273482585509	
chr1	154986512	154986512	cg01782486	0.0011445467606014	0.18847611408157	ZBTB7B
chr1	2980400	2980400	cg12050271	0.0011490077027497	0.188901141233519	LINC00982
chr1	31894683	31894683	cg25938569	0.0011495769014277	0.188916821999038	SERINC2
chr1	244094935	244094935	cg13808012	0.0011538491410694	0.189370446438458	RP11-278H7.1
chr1	155641828	155641828	cg13985135	0.0011677152271701	0.190374500425841	MSTO1,MSTO2P,YY1AP1
chr1	1133216	1133216	cg09021712	0.0011688751931728	0.190437422857483	TTLL10
chr1	170630735	170630735	cg07149609	0.0011784795507235	0.191172190073719	
chr1	91301731	91301731	cg18235734	0.0011779932223227	0.191172190073719	RP4-665J23.1
chr1	1069929	1069929	cg18272703	0.0011777480618148	0.191172190073719	
chr1	1005171	1005171	cg26702212	0.0011782534271841	0.191172190073719	
chr1	206677719	206677719	cg13052638	0.0011855152618346	0.191461886258492	RP11-534L20.5
chr1	19225290	19225290	cg23028755	0.0011858446629909	0.191461886258492	ALDH4A1,RP13-279N23.2
chr1	19246158	19246158	cg14014854	0.0012013576855724	0.192786813891438	IFFO2,RP13-279N23.2
chr1	12251935	12251935	cg03129172	0.0012222222897344	0.194293572419535	TNFRSF1B
chr1	45103933	45103933	cg11251215	0.0012274559533213	0.194331425804344	RNF220,TMEM53
chr1	8270646	8270646	cg25942940	0.0012298286149558	0.194331425804344	RP11-431K24.3
chr1	218519576	218519576	cg09167119	0.0012359665175678	0.194774976020362	
chr1	8277395	8277395	cg07113230	0.0012445437761826	0.195304277940798	
chr1	27709772	27709772	cg10961604	0.0012504366019016	0.19587140931501	CD164L2
chr1	990557	990557	cg14252395	0.0012596793080486	0.196508991454987	AGRN,RP11-54O7.14
chr1	1960944	1960944	cg11240722	0.0012685091667823	0.197435321136438	GABRD
chr1	53924998	53924998	cg24845207	0.0012687714154392	0.197435321136438	
chr1	154986238	154986238	cg17588293	0.001271156947855	0.197519615749367	ZBTB7B
chr1	38071572	38071572	cg13919631	0.0012781637795221	0.197906629669172	
chr1	1267252	1267252	cg06802641	0.0012798871570519	0.198070480536328	TAS1R3
chr1	19217795	19217795	cg12461099	0.0012894099508114	0.198770907593496	ALDH4A1,RP13-279N23.2
chr1	155161162	155161162	cg06216400	0.0013038031857845	0.199297947396444	MUC1
chr1	22213376	22213376	cg00543840	0.0013172986350658	0.200448762600012	HSPG2
chr1	118679291	118679291	cg12435551	0.0013304317418585	0.201561132739086	SPAG17
chr1	3003610	3003610	cg03525023	0.0013362948119619	0.201936675515179	PRDM16
chr1	81668907	81668907	cg15733456	0.001335339256673	0.201936675515179	
chr1	3136528	3136528	cg26053881	0.0013521763832948	0.203014859587784	PRDM16
chr1	54822103	54822103	cg19963589	0.0013591234865993	0.203545432680961	SSBP3
chr1	1471017	1471017	cg12983196	0.001380777981613	0.205206551434264	TMEM240
chr1	19218840	19218840	cg20632537	0.0014127069847446	0.207624680625277	ALDH4A1,RP13-279N23.2
chr1	91183052	91183052	cg25026529	0.0014246376645868	0.208568710455449	
chr1	3575917	3575917	cg13943358	0.0014376491178048	0.209628575342852	RP5-1092A11.5,TP73
chr1	68761419	68761419	cg03935244	0.0014555223598901	0.210728862369297	
chr1	42928162	42928162	cg01664124	0.0014619879144665	0.211116109258352	PPCS
chr1	1021300	1021300	cg26338735	0.0014709142180724	0.211636840166736	C1orf159
chr1	36349272	36349272	cg01324793	0.0014774060989683	0.212225437228916	AGO1
chr1	241520287	241520287	cg14156405	0.0014826705194877	0.212523061521373	RGS7
chr1	227165264	227165264	cg20430572	0.0014952940532199	0.213453481615609	ADCK3
chr1	32055007	32055007	cg16817668	0.0014997444835678	0.213614245220127	
chr1	1564921	1564921	cg17122213	0.001502890228646	0.213843539748757	MIB2
chr1	23279555	23279555	cg11070863	0.001503204920188	0.213851891518593	LACTBL1
chr1	1981825	1981825	cg11345323	0.0015049629799898	0.213883454312019	
chr1	40769709	40769709	cg07575466	0.0015062868817852	0.213917545003144	COL9A2
chr1	2103646	2103646	cg14778173	0.0015067392985638	0.213917545003144	PRKCZ
chr1	221052024	221052024	cg21878149	0.0015136100176368	0.214131888782105	HLA-AS1,HLX
chr1	1961628	1961628	cg25384089	0.0015265094082171	0.214970713145648	GABRD
chr1	1150410	1150410	cg21815220	0.0015305032957843	0.215377382778334	
chr1	17516536	17516536	cg08912666	0.0015374279211427	0.215906962549118	RP11-380J14.1
chr1	19203897	19203897	cg13489553	0.0015373498007061	0.215906962549118	ALDH4A1,RP13-279N23.2
chr1	231116935	231116935	cg12741407	0.0015414448526072	0.216075626663592	ARV1
chr1	2452167	2452167	cg24046159	0.0015495633577987	0.216646851959455	PANK4
chr1	2145259	2145259	cg12526693	0.0015626574427701	0.217422284909511	AL590822.1,RP11-181G12.4
chr1	228346015	228346015	cg03650119	0.0015630626071703	0.217442441698973	GJC2
chr1	838379	838379	cg27573606	0.0015784148735123	0.218284984778894	
chr1	1249102	1249102	cg10435967	0.0015865816906361	0.21863891343344	CPSF3L
chr1	31441197	31441197	cg22111442	0.0015941439716984	0.219355365872771	PUM1
chr1	8277080	8277080	cg06974662	0.0016056630274103	0.219852185150087	
chr1	223740057	223740057	cg25138649	0.0016072337642619	0.219852185150087	CAPN8
chr1	228786296	228786296	cg20971488	0.0016127363552347	0.220099410004543	DUSP5P1
chr1	27683140	27683140	cg23989110	0.0016542000450327	0.221774307241077	MAP3K6
chr1	10486966	10486966	cg24512897	0.0016646015474754	0.222597223166443	
chr1	47886224	47886224	cg02916713	0.0016904583815422	0.224188756949113	
chr1	978573	978573	cg02138082	0.0017073599326529	0.225356943653023	AGRN
chr1	44324656	44324656	cg26396357	0.0017196235299163	0.226367599539925	ST3GAL3
chr1	976707	976707	cg20594982	0.0017558055696907	0.228937825268594	AGRN
chr1	1131983	1131983	cg05652547	0.0017633424131664	0.229125899059959	TTLL10
chr1	1959631	1959631	cg00889627	0.0017764666801894	0.229794685118703	GABRD
chr1	11760710	11760710	cg27396830	0.0017762354557499	0.229794685118703	DRAXIN
chr1	9100507	9100507	cg24552773	0.0017776264989107	0.229909112695632	SLC2A5
chr1	22153390	22153390	cg13430401	0.0017783397895039	0.229930169217932	HSPG2
chr1	1268793	1268793	cg00002593	0.0017840276908744	0.230237965122286	TAS1R3
chr1	963599	963599	cg02632261	0.0017837990600763	0.230237965122286	AGRN
chr1	15586167	15586167	cg11579466	0.001796376384725	0.231224364562909	FHAD1
chr1	22140860	22140860	cg17456100	0.0018195632375806	0.232920989874759	LDLRAD2
chr1	40033144	40033144	cg18162350	0.0018507690541125	0.234720521804735	PABPC4,RP11-69E11.8,SNORA55
chr1	230837516	230837516	cg23671626	0.0018560672634909	0.234936772090753	
chr1	50893469	50893469	cg11665991	0.0018778242364221	0.236212248709063	
chr1	36348992	36348992	cg11582116	0.0018953043329489	0.237561804158396	AGO1
chr1	152080544	152080544	cg04938315	0.0018979981914009	0.237676261601465	TCHH
chr1	47881257	47881257	cg18983672	0.0019035586150968	0.238059744009026	
chr1	1907658	1907658	cg19694957	0.0019064577564732	0.238128774200967	C1orf222
chr1	5893586	5893586	cg08545746	0.0019300904021653	0.239896940874639	
chr1	221052580	221052580	cg18800479	0.0019471067215098	0.240765178491519	HLA-AS1,HLX
chr1	27286832	27286832	cg13896157	0.0019496477720172	0.240860671144153	C1orf172
chr1	217313045	217313045	cg00116092	0.0019580654686041	0.24144456335059	
chr1	22446522	22446522	cg06398244	0.0019576510841009	0.24144456335059	WNT4
chr1	57368085	57368085	cg19926245	0.0019653836252094	0.241943763708473	C8A
chr1	90410109	90410109	cg09267056	0.0019739930913274	0.242516951803503	
chr1	27902740	27902740	cg15072832	0.0019762985637219	0.242608146417439	AHDC1
chr1	92293628	92293628	cg11855117	0.0019807802192849	0.242897265391621	TGFBR3
chr1	111746959	111746959	cg07318155	0.0019823079767876	0.242944175046724	CHI3L2,DENND2D
chr1	40388264	40388264	cg04218880	0.0019857045949768	0.243069245052508	
chr1	2984446	2984446	cg11229543	0.0020040377109333	0.244111649758289	LINC00982
chr1	32478224	32478224	cg10485000	0.0020187652638988	0.245271004129626	
chr1	1091669	1091669	cg12806826	0.0020211336790544	0.245406559541447	
chr1	22188532	22188532	cg26433593	0.002031663680854	0.245935229058073	HSPG2
chr1	9748107	9748107	cg11980800	0.0020440806143062	0.246652000447133	PIK3CD
chr1	60280809	60280809	cg23996071	0.0020493065886708	0.246994857606603	HOOK1
chr1	111746963	111746963	cg13547268	0.0020664793387333	0.247851128659732	CHI3L2,DENND2D
chr1	36039866	36039866	cg17474422	0.002072056314109	0.248117434354977	RP4-728D4.2,TFAP2E
chr1	53904635	53904635	cg16117789	0.0020954666796461	0.249263391676971	SLC25A3P1
chr1	155161222	155161222	cg00930306	0.0021021124435844	0.249591878493095	MUC1
chr1	228346339	228346339	cg17680089	0.0021090576269089	0.25004994408479	GJC2
chr1	17475820	17475820	cg10432422	0.0021130916720848	0.250134967495462	
chr1	15802595	15802595	cg25021182	0.0021209101015435	0.250566137062206	CELA2B
chr1	154966319	154966319	cg25593075	0.0021333045481871	0.25139397577587	LENEP
chr1	91182777	91182777	cg18322569	0.0021340176162082	0.251418880298772	BARHL2
chr1	1913544	1913544	cg10623802	0.0021418029802678	0.25200091870962	C1orf222
chr1	1290713	1290713	cg00040588	0.0021672096306804	0.253668288919724	MXRA8
chr1	1684095	1684095	cg22707691	0.002183792076659	0.254326379791854	NADK
chr1	1376052	1376052	cg25592215	0.0021827214662821	0.254326379791854	VWA1
chr1	15392309	15392309	cg11157208	0.0021857551412827	0.254358550080014	KAZN
chr1	6059205	6059205	cg25392777	0.0021874476010804	0.25436203400682	KCNAB2
chr1	161049677	161049677	cg19272744	0.0022110553550144	0.255311103828687	PVRL4
chr1	1023247	1023247	cg09358422	0.0022287071565986	0.256340907646482	C1orf159
chr1	27286944	27286944	cg10706454	0.0022303489454748	0.256423826035936	
chr1	181087920	181087920	cg16273734	0.0022403713174315	0.257080762215391	
chr1	37500791	37500791	cg06165395	0.0022432761397394	0.257224466823033	
chr1	1855209	1855209	cg07924154	0.0022481420156174	0.25747729478399	C1orf222
chr1	8394348	8394348	cg10710472	0.0022490021862146	0.257540500658931	SLC45A1
chr1	990471	990471	cg02415349	0.0022526999456846	0.257751946914995	AGRN,RP11-54O7.14
chr1	19217189	19217189	cg26791665	0.0022588065083272	0.258165834776447	ALDH4A1,RP13-279N23.2
chr1	57111109	57111109	cg12167830	0.002260945276517	0.258306195216789	PRKAA2
chr1	29651806	29651806	cg10010183	0.0022670735290663	0.258793971340562	PTPRU
chr1	54856511	54856511	cg21655710	0.0022832780872422	0.259824556762712	SSBP3
chr1	116917620	116917620	cg04403423	0.0022853040793752	0.259894624271311	AL136376.1,ATP1A1
chr1	42955247	42955247	cg24639069	0.0022895076211782	0.260252434281419	CCDC30
chr1	240161447	240161447	cg03075534	0.002315236830874	0.261374739258913	
chr1	72885080	72885080	cg16525738	0.0023202682574376	0.261642000416947	
chr1	1050211	1050211	cg27302190	0.0023293139896536	0.262137726632483	C1orf159
chr1	182771991	182771991	cg05625543	0.0023354858514261	0.262464004285765	NPL
chr1	1267746	1267746	cg08621441	0.0023411569121069	0.262833169506037	TAS1R3
chr1	1959832	1959832	cg07701567	0.0023441587061491	0.262922829617437	GABRD
chr1	237144916	237144916	cg01942492	0.0023551614413979	0.263495275651316	RPL35P1
chr1	29062860	29062860	cg25273602	0.0023556559508902	0.263495275651316	
chr1	103574620	103574620	cg16968885	0.0023776889746869	0.264764002871247	
chr1	228785993	228785993	cg16732787	0.0024007322124398	0.265977049946541	DUSP5P1
chr1	933389	933389	cg15882305	0.002404376651182	0.266280490601161	RP11-54O7.17
chr1	28919362	28919362	cg02525756	0.0024274805269816	0.267562226909451	RAB42,TAF12
chr1	165631596	165631596	cg12799677	0.0024333709773583	0.267766960989267	ALDH9A1
chr1	244218327	244218327	cg14171188	0.0024381299450219	0.267832628613501	ZBTB18
chr1	204587946	204587946	cg20382344	0.0024377582070618	0.267832628613501	LRRN2
chr1	230992820	230992820	cg26872588	0.0024373925036962	0.267832628613501	C1orf198
chr1	201757666	201757666	cg00946032	0.0024421171246686	0.268043772290489	IPO9-AS1,NAV1
chr1	17475657	17475657	cg00924685	0.0024584443532215	0.269093356017828	
chr1	119550984	119550984	cg14609025	0.0024660718468406	0.269539749179984	
chr1	1158649	1158649	cg03467014	0.0024816264662009	0.270249801535157	SDF4
chr1	7747161	7747161	cg04128092	0.002481475585184	0.270249801535157	CAMTA1
chr1	244094885	244094885	cg00823843	0.0024856133539	0.270429089444664	RP11-278H7.1
chr1	49061762	49061762	cg13401071	0.0024980079782586	0.271216415419512	AGBL4
chr1	155161834	155161834	cg18804777	0.0025103029078433	0.271664135668326	MUC1
chr1	59043281	59043281	cg01821018	0.0025204294833979	0.271923189883	
chr1	8613264	8613264	cg23042612	0.0025256577364477	0.272239255267303	RERE
chr1	3213486	3213486	cg04120680	0.0025467292708147	0.273064695231426	PRDM16
chr1	228634266	228634266	cg26345105	0.0025427654004741	0.273064695231426	
chr1	243646692	243646692	cg12211856	0.002566823740125	0.273801620470278	SDCCAG8
chr1	983260	983260	cg18380070	0.0025791596588622	0.274326829750753	AGRN
chr1	70034492	70034492	cg14520424	0.0025873296882882	0.274637430903358	LRRC7
chr1	15375233	15375233	cg10761807	0.0025916073733223	0.274921817617728	KAZN
chr1	91184291	91184291	cg07135732	0.0025943574684222	0.274963051995153	
chr1	38230845	38230845	cg21306240	0.0026003036725188	0.275248455469926	
chr1	1266549	1266549	cg24252805	0.0026135823098546	0.275985173620596	
chr1	40783264	40783264	cg04100190	0.0026381496812997	0.27742216161456	COL9A2
chr1	53905143	53905143	cg15390560	0.0026393374339218	0.277470890743941	SLC25A3P1
chr1	1026410	1026410	cg00648573	0.00264504756156	0.277658119043484	C1orf159
chr1	9748971	9748971	cg03265564	0.0026540481207064	0.278044893206067	PIK3CD
chr1	77332994	77332994	cg15100100	0.0026565383709227	0.278200211241223	
chr1	71172090	71172090	cg19601666	0.0026951907531825	0.280420012485874	
chr1	98511258	98511258	cg04763554	0.0026989564789461	0.280729791208673	MIR137HG
chr1	202545590	202545590	cg24376793	0.0026991762767192	0.280729791208673	PPP1R12B
chr1	240256603	240256603	cg15031661	0.0027056925757499	0.281161585342751	FMN2
chr1	155147398	155147398	cg15497761	0.002718878150799	0.281796540489532	RP11-201K10.3,TRIM46
chr1	24229301	24229301	cg24452347	0.0027205408609105	0.28181255988752	CNR2
chr1	34642397	34642397	cg24411961	0.0027430277171112	0.282790822677286	C1orf94
chr1	221052469	221052469	cg18704691	0.002744698213832	0.28289321723402	HLA-AS1,HLX
chr1	103574073	103574073	cg00325149	0.0027683337189092	0.283740115619848	
chr1	9747772	9747772	cg03653801	0.0027688788764469	0.283740115619848	PIK3CD
chr1	103319496	103319496	cg25742403	0.0027678007101549	0.283740115619848	
chr1	119549847	119549847	cg16145113	0.0027960161605595	0.285153231159479	
chr1	27686769	27686769	cg06507987	0.0028020409888494	0.285405918171836	MAP3K6
chr1	3791610	3791610	cg03660578	0.0028083747943888	0.285547241080856	DFFB
chr1	8277628	8277628	cg21279510	0.0028184053930614	0.28595524596968	
chr1	46595678	46595678	cg21579472	0.0028182963228832	0.28595524596968	PIK3R3
chr1	245836746	245836746	cg09799789	0.002819654826264	0.285961676682707	KIF26B
chr1	112296919	112296919	cg22851415	0.0028284561815608	0.286436992873708	FAM212B
chr1	243646403	243646403	cg22699026	0.0028443928575255	0.287139347074007	SDCCAG8
chr1	203055479	203055479	cg19251719	0.0028554861114231	0.287461366880159	
chr1	8362414	8362414	cg24453604	0.0028634542078341	0.287854416414463	
chr1	228613101	228613101	cg13771378	0.0028694055325626	0.288104179971028	
chr1	245082180	245082180	cg17929645	0.002875397236189	0.288421815290909	
chr1	46914672	46914672	cg01057635	0.0028813679557872	0.288662905459052	RP5-1109J22.2
chr1	1322461	1322461	cg04880874	0.0029057191665469	0.289681256800765	CCNL2
chr1	22904862	22904862	cg26811927	0.0029162177964315	0.29015394538783	EPHA8
chr1	6105944	6105944	cg27298072	0.0029303340499642	0.291107727037082	KCNAB2
chr1	45120161	45120161	cg10808027	0.0029462538129884	0.291870941277943	TMEM53
chr1	41863226	41863226	cg09322386	0.0029673486648161	0.292903925738167	
chr1	52345293	52345293	cg03649284	0.0029717447451934	0.293139199597792	
chr1	85721327	85721327	cg26414000	0.0029802452467505	0.293587192542332	C1orf52
chr1	2103575	2103575	cg26430365	0.0029825119253625	0.293741206924994	PRKCZ
chr1	27709790	27709790	cg05436231	0.0029874226158172	0.293982233509922	CD164L2
chr1	44334786	44334786	cg10886334	0.0029929954500581	0.294347937704848	ST3GAL3
chr1	19209742	19209742	cg12058507	0.0030171353724769	0.295880767501962	ALDH4A1,MIR4695,RP13-279N23.2
chr1	85726564	85726564	cg17719473	0.0030163583676304	0.295880767501962	
chr1	229541874	229541874	cg01281061	0.0030511670007163	0.297379374072805	
chr1	50883014	50883014	cg17603689	0.0030522071355305	0.297414497099813	
chr1	92952534	92952534	cg18182148	0.0030960273735258	0.299761331841889	
chr1	2995605	2995605	cg11731671	0.0031062003528332	0.300432906512413	PRDM16
chr1	1168432	1168432	cg13924635	0.0031118635983065	0.300632582580291	B3GALT6
chr1	36771715	36771715	cg02865595	0.0031148573886743	0.300711384695956	
chr1	2985218	2985218	cg08528984	0.0031345584178702	0.301847677668005	
chr1	3139868	3139868	cg15727188	0.003141022053134	0.302034131231847	PRDM16
chr1	27527861	27527861	cg07022953	0.003165305664325	0.302992328867863	CHCHD3P3
chr1	91182857	91182857	cg17241310	0.0031680163309039	0.303118166528473	
chr1	6566338	6566338	cg02928797	0.0031892942328226	0.304150648654213	PLEKHG5
chr1	47882687	47882687	cg01281911	0.0031958223645134	0.304309462205979	FOXE3
chr1	43317080	43317080	cg08719317	0.0031967555869917	0.304338571684709	ZNF691
chr1	150693482	150693482	cg22823121	0.0032042227357766	0.304519267767543	
chr1	33438978	33438978	cg23012731	0.003215621935512	0.30510742285477	
chr1	10699959	10699959	cg02720091	0.0032343859162684	0.306062743590485	CASZ1,RP4-734G22.3
chr1	15392794	15392794	cg13322252	0.0032645841083699	0.307425297179973	KAZN
chr1	37499649	37499649	cg20168230	0.0032717301125022	0.307679643251321	GRIK3
chr1	228362510	228362510	cg18277682	0.0033048922392357	0.309093265725409	IBA57
chr1	2310328	2310328	cg13864546	0.0033108523345029	0.309338995423675	MORN1
chr1	50571816	50571816	cg11404544	0.0033162356163177	0.309668791833874	ELAVL4
chr1	161693089	161693089	cg27495845	0.0033379952536223	0.310647041218149	FCRLB
chr1	36348279	36348279	cg27094188	0.00334752049377	0.311069287942738	AGO1
chr1	2706335	2706335	cg00017437	0.0033573387939268	0.311455771115094	TTC34
chr1	238023986	238023986	cg05778367	0.0033759431070029	0.312289783584787	
chr1	152488368	152488368	cg22723818	0.0033815581231974	0.312523774552237	CRCT1
chr1	1290555	1290555	cg25063151	0.0033857830603112	0.312694899904841	MXRA8
chr1	2046783	2046783	cg09179248	0.0033970679739961	0.312821207294451	PRKCZ
chr1	1134019	1134019	cg22723960	0.0034144364595473	0.31368431133376	
chr1	15541281	15541281	cg19505659	0.0034164742601347	0.313699029301587	TMEM51
chr1	12203751	12203751	cg24492058	0.0034179656606295	0.313766994042063	TNFRSF8
chr1	202183387	202183387	cg04131431	0.0034293955124128	0.314263695347343	LGR6
chr1	15130960	15130960	cg14041921	0.0034323340123358	0.314304179721522	KAZN
chr1	82687318	82687318	cg01432898	0.0034372078303049	0.314499278159471	RP11-147G16.1
chr1	5772057	5772057	cg12688521	0.0034458870399916	0.314709902761261	
chr1	108735312	108735312	cg10536901	0.0034487465087533	0.314759441276447	SLC25A24
chr1	223741445	223741445	cg04652208	0.0034650858234472	0.315510403376688	CAPN8
chr1	36335393	36335393	cg09752398	0.003465275171471	0.315510403376688	
chr1	175050480	175050480	cg19371121	0.0034692508758688	0.315630797340239	TNN
chr1	155265026	155265026	cg11736940	0.0034719857626294	0.315714933823242	PKLR
chr1	148854229	148854229	cg07056812	0.0034786528153659	0.316073103870299	RP11-763B22.9
chr1	52301876	52301876	cg01523285	0.0034810566326242	0.316171988741705	NRD1
chr1	36020018	36020018	cg24559147	0.0035031334713535	0.317213469726101	KIAA0319L
chr1	1914708	1914708	cg12701697	0.0035151264370928	0.317820054928932	C1orf222
chr1	27683346	27683346	cg11592082	0.0035169686409152	0.31789484542696	MAP3K6
chr1	201778100	201778100	cg02944076	0.0035310583318638	0.318582387182462	IPO9-AS1,NAV1
chr1	43814765	43814765	cg11839415	0.0035339432306749	0.318704986762583	MPL
chr1	201617854	201617854	cg16517702	0.0035389189952855	0.318706437771416	NAV1
chr1	1565027	1565027	cg23430652	0.0035351864919862	0.318706437771416	MIB2
chr1	16271762	16271762	cg19813284	0.0035416356149925	0.318725044983874	ZBTB17
chr1	228645512	228645512	cg00948275	0.0035593182190783	0.319181814900704	HIST3H2A
chr1	6396135	6396135	cg22171613	0.0035638956568274	0.319336790462822	ACOT7
chr1	99470129	99470129	cg14991984	0.0035680763522894	0.319575234771897	LPPR5,RP5-896L10.1
chr1	159915429	159915429	cg02985724	0.0035690476405131	0.319593697464465	
chr1	50513766	50513766	cg05697849	0.0036064588619832	0.321290600977967	ELAVL4
chr1	156261299	156261299	cg20570016	0.0036172903783485	0.321632213267497	C1orf85,TMEM79
chr1	40026448	40026448	cg01143607	0.0036478131200478	0.32266466325283	
chr1	22927528	22927528	cg20991983	0.0036653834113389	0.32312853544363	EPHA8
chr1	3417208	3417208	cg12061019	0.0036672661270116	0.323260396073254	MEGF6
chr1	76081962	76081962	cg27547954	0.0037009031792927	0.324241037493286	
chr1	15149411	15149411	cg08118599	0.0037044283728591	0.324379784858371	KAZN
chr1	243646236	243646236	cg16126286	0.0037066018312755	0.324534672797744	SDCCAG8
chr1	9774743	9774743	cg05341549	0.0037194942595185	0.324983662540641	PIK3CD
chr1	19205991	19205991	cg04088289	0.0037246251731129	0.324989571100339	ALDH4A1,RP13-279N23.2
chr1	91301485	91301485	cg06849504	0.0037213082067152	0.324989571100339	RP4-665J23.1
chr1	209346510	209346510	cg12622721	0.0037302018019342	0.325103140332713	RP11-385M4.2
chr1	988624	988624	cg22627753	0.0037350305976698	0.325286431453073	AGRN
chr1	175372551	175372551	cg13444005	0.0037395164567274	0.325643158607552	TNR
chr1	946675	946675	cg26420561	0.003784882772364	0.327816761128129	
chr1	29338769	29338769	cg01925633	0.0037911353747758	0.327958433587767	EPB41
chr1	145416641	145416641	cg17156641	0.0037912295488692	0.327958433587767	HFE2
chr1	17996919	17996919	cg08714895	0.0038207752847792	0.329388682430048	ARHGEF10L
chr1	2085718	2085718	cg14989962	0.0038364546507482	0.329932572160836	PRKCZ
chr1	103319677	103319677	cg04856205	0.0038598158167882	0.330542407501857	
chr1	9212514	9212514	cg09994773	0.0038722860266539	0.330883243225889	
chr1	20397074	20397074	cg24335149	0.0039176072180889	0.332621934363635	PLA2G5
chr1	19992024	19992024	cg10741760	0.0039466599406118	0.333786480373052	HTR6
chr1	947018	947018	cg22367159	0.0039854965763696	0.335487728434926	
chr1	15283982	15283982	cg08479136	0.0039966115974785	0.336021492529749	KAZN
chr1	230851503	230851503	cg26882410	0.0040217342223622	0.336672232114602	RP11-99J16__A.2
chr1	244007304	244007304	cg19503731	0.0040527278871459	0.338047279680146	AKT3
chr1	239550283	239550283	cg13985485	0.0040626144868169	0.33830934380301	CHRM3
chr1	12514411	12514411	cg26228280	0.0040862291846073	0.338695175270233	VPS13D
chr1	91853025	91853025	cg00162191	0.0041162999633723	0.339575312656525	HFM1
chr1	28844479	28844479	cg01018002	0.0041158906541669	0.339575312656525	RCC1
chr1	2105155	2105155	cg15513868	0.0041286107654754	0.340089013165759	PRKCZ
chr1	103573772	103573772	cg20847625	0.004155448354026	0.340997635204121	COL11A1
chr1	970237	970237	cg16502826	0.0041775663621887	0.34186916229552	AGRN
chr1	1688884	1688884	cg09185911	0.0041805767030528	0.341950815912839	NADK
chr1	2013507	2013507	cg07375700	0.0041846875184998	0.342007089709785	PRKCZ
chr1	20238348	20238348	cg20686277	0.0042215524496955	0.343486427984021	OTUD3
chr1	119551303	119551303	cg09628195	0.0042305898166904	0.343914635237895	
chr1	214531224	214531224	cg16402835	0.0042504837171768	0.344598562184872	PTPN14
chr1	919917	919917	cg03394722	0.0042521804496925	0.344656438387619	
chr1	983611	983611	cg15469001	0.0042626301657082	0.345218972415628	AGRN
chr1	982225	982225	cg24685837	0.0042702508682547	0.345486616498901	AGRN
chr1	33519236	33519236	cg04306220	0.0042745945499015	0.345545973746332	AK2
chr1	155147432	155147432	cg10446869	0.0042894883578493	0.346148285109159	RP11-201K10.3,TRIM46
chr1	2085752	2085752	cg24054683	0.0042952911125471	0.346382326272125	PRKCZ
chr1	1602482	1602482	cg19382808	0.0043645566796423	0.349203828340152	SLC35E2B
chr1	228773515	228773515	cg19631585	0.0043824335863016	0.349930326392962	DUSP5P1
chr1	64669473	64669473	cg25108325	0.0043993267619164	0.35050864991981	UBE2U
chr1	237729947	237729947	cg11958173	0.0044229680830686	0.351520553650977	RYR2
chr1	27875684	27875684	cg19818016	0.0044252034829378	0.351631307367617	AHDC1
chr1	26754439	26754439	cg21402453	0.0044403196371479	0.352181825890699	LIN28A
chr1	228247136	228247136	cg23663760	0.0044622825953786	0.352832452516029	WNT3A
chr1	3400412	3400412	cg06346362	0.0044739997208151	0.353136892425854	
chr1	54725436	54725436	cg07221518	0.0044798822812326	0.353287754253038	SSBP3
chr1	229797158	229797158	cg07136715	0.0045022494470786	0.353849104299926	
chr1	2116458	2116458	cg01728055	0.0045094976320733	0.353972160079168	C1orf86,PRKCZ
chr1	228613102	228613102	cg26784527	0.0045059896152823	0.353972160079168	
chr1	2254583	2254583	cg12936238	0.0045167628867455	0.354289791526022	MORN1
chr1	1565025	1565025	cg03427058	0.0045210658366446	0.354394374797898	MIB2
chr1	2005564	2005564	cg13591369	0.004526859264771	0.354437662343601	PRKCZ
chr1	161049579	161049579	cg16276523	0.0045251470571686	0.354437662343601	PVRL4
chr1	2237800	2237800	cg01445240	0.0045291593667171	0.354529795428409	SKI
chr1	5772385	5772385	cg11681366	0.0045329845705902	0.354663056352179	
chr1	53074333	53074333	cg00998379	0.0045489876582161	0.355259420954149	GPX7
chr1	35227030	35227030	cg01385862	0.0045581282013467	0.355631062675992	GJB4,RP1-34M23.5,SMIM12
chr1	1026255	1026255	cg15322667	0.0046142115134727	0.357842747863515	C1orf159
chr1	4771202	4771202	cg12065138	0.0046189473703499	0.358035496015467	AJAP1
chr1	1475645	1475645	cg22497741	0.0046275916438	0.358339798094906	TMEM240
chr1	2928965	2928965	cg00829990	0.0046747105973881	0.359224697873477	
chr1	5931428	5931428	cg19762508	0.0046941771654106	0.359959019219549	NPHP4
chr1	14921850	14921850	cg09332996	0.0047070886341303	0.360260735164553	
chr1	155202685	155202685	cg26231794	0.0047429570299493	0.361278652861943	MTX1P1
chr1	206742216	206742216	cg17001153	0.0047593333052787	0.36181497619407	RASSF5
chr1	3003239	3003239	cg15505198	0.0047887093067241	0.36294349921932	PRDM16
chr1	38269630	38269630	cg26687031	0.0048052732545152	0.363605103235277	YRDC
chr1	3519046	3519046	cg07045221	0.0048111582314139	0.363799874600999	MEGF6
chr1	40783234	40783234	cg12733396	0.0048531702184502	0.365174281674496	COL9A2
chr1	3477691	3477691	cg07830126	0.0048583446889	0.365213803605596	MEGF6
chr1	1423784	1423784	cg24378791	0.0048702112266965	0.365637443452002	ATAD3B
chr1	858363	858363	cg01197763	0.0048773801500868	0.365750399606845	
chr1	218519553	218519553	cg08746138	0.0048761798195218	0.365750399606845	
chr1	46657852	46657852	cg07833865	0.0048823117553448	0.365855427010177	POMGNT1
chr1	20649108	20649108	cg25104613	0.0048837243492929	0.365908049741434	RP4-745E8.2,VWA5B1
chr1	7210117	7210117	cg00833688	0.0048953214723104	0.366327163901465	CAMTA1
chr1	1024513	1024513	cg22343299	0.0049090004839543	0.366769642275543	C1orf159
chr1	43815036	43815036	cg13393721	0.0049112369722763	0.366862074302722	MPL
chr1	1099584	1099584	cg08090385	0.0049471384263436	0.368235838525205	
chr1	6526584	6526584	cg26056577	0.0049647880375089	0.369056312693181	PLEKHG5
chr1	164604807	164604807	cg21270847	0.0049741745995728	0.369261186523019	PBX1
chr1	234891474	234891474	cg07833951	0.0049753785432955	0.369284928940648	
chr1	155157195	155157195	cg22072829	0.0049861781387882	0.369571822534977	RP11-201K10.3,TRIM46
chr1	180374455	180374455	cg01559031	0.0049894483595042	0.369622227902568	ACBD6
chr1	2375421	2375421	cg00532449	0.0049950865696268	0.3698932229426	PLCH2
chr1	1615737	1615737	cg14976190	0.0050064158563664	0.370257316184724	SLC35E2B
chr1	229567627	229567627	cg24104241	0.0050023850487094	0.370257316184724	ACTA1
chr1	241587783	241587783	cg16003102	0.005010647688438	0.370454447480418	RP11-527D7.1
chr1	220922046	220922046	cg23214787	0.0050180808232458	0.370632798479218	MARC2
chr1	19657281	19657281	cg08597802	0.0050643514743343	0.372086855630661	
chr1	211380782	211380782	cg10328377	0.0050894172743041	0.37281394706579	RP11-543B16.2
chr1	1420537	1420537	cg15466030	0.0050990810296796	0.372992944904908	ATAD3B
chr1	32705761	32705761	cg11960677	0.0051158238660072	0.373634048456195	MTMR9LP
chr1	29062690	29062690	cg03731740	0.0051202388378709	0.373765662612012	
chr1	15127908	15127908	cg03767258	0.00513605417432	0.374260826920661	KAZN
chr1	155239493	155239493	cg01134274	0.0051496586611617	0.374794472417608	CLK2
chr1	32054836	32054836	cg10574365	0.0051858646380708	0.376171547183524	
chr1	110305591	110305591	cg23957643	0.0051892501609509	0.376200290585568	EPS8L3,GSTM5,RP4-735C1.4
chr1	3663706	3663706	cg25467973	0.0052039984143862	0.376534702102411	TP73-AS1
chr1	236081097	236081097	cg00040837	0.0052153441108835	0.376672881134532	
chr1	864880	864880	cg02896266	0.0052279601119459	0.376913951027595	AL645608.1,SAMD11
chr1	17952425	17952425	cg13228596	0.0052455533058128	0.377660850408525	ARHGEF10L
chr1	28160786	28160786	cg04111436	0.0052607717906651	0.377925598061538	PPP1R8
chr1	38227381	38227381	cg11521434	0.0052608093275437	0.377925598061538	EPHA10
chr1	103574532	103574532	cg00172849	0.0052674243752779	0.378095034729583	
chr1	49364559	49364559	cg06836740	0.0052706397840293	0.378163311770482	AGBL4
chr1	97610703	97610703	cg24682415	0.0052723094210917	0.3782181374268	DPYD,DPYD-AS1
chr1	106623430	106623430	cg11522610	0.0052851831318117	0.378556509779142	RP5-947P14.1,RP5-947P14.2
chr1	43814983	43814983	cg08706567	0.0053351270027244	0.380372653817013	MPL
chr1	12566061	12566061	cg01318461	0.0053556689830713	0.380959351248659	VPS13D
chr1	10758995	10758995	cg09017718	0.0053629259783947	0.381232118704428	CASZ1
chr1	68696989	68696989	cg22454660	0.0053897726378322	0.382161002445118	WLS
chr1	26288198	26288198	cg07232730	0.005409676233159	0.382893459770542	PAFAH2
chr1	40388224	40388224	cg02630477	0.0054262531194297	0.383401063468704	
chr1	1375449	1375449	cg09603935	0.0054570596933703	0.384522424921336	VWA1
chr1	53925659	53925659	cg16252727	0.0054571035783888	0.384522424921336	DMRTB1
chr1	29189935	29189935	cg01243892	0.0054603631854178	0.384622493777412	OPRD1
chr1	222794514	222794514	cg21919420	0.0054956055849931	0.385497188677311	MIA3
chr1	52456341	52456341	cg18194821	0.0055277597097198	0.386357658948084	RAB3B
chr1	33612978	33612978	cg15860924	0.0055424507313874	0.387065490809178	TRIM62
chr1	2104311	2104311	cg05706173	0.0055448763007995	0.387165287103317	PRKCZ
chr1	149162519	149162519	cg21937395	0.0055485367347786	0.387207949081631	
chr1	12262916	12262916	cg15208519	0.0055653210400736	0.38745932982169	TNFRSF1B
chr1	35441735	35441735	cg20419541	0.00556906166934	0.387622839773644	RP11-244H3.1
chr1	76082889	76082889	cg26940178	0.0055703207180015	0.387645876331205	
chr1	145474469	145474469	cg26144437	0.0055731269681938	0.387744263173809	ANKRD34A
chr1	22974093	22974093	cg11152959	0.0055842010892818	0.387900914747857	C1QC
chr1	1030657	1030657	cg23812948	0.0055866261196007	0.387920763545925	C1orf159
chr1	233749944	233749944	cg00777689	0.0056333399702725	0.389146261831345	KCNK1
chr1	84763933	84763933	cg11555919	0.0056322254739011	0.389146261831345	
chr1	2276565	2276565	cg15527356	0.0056345593646229	0.389178060897478	MORN1
chr1	9321736	9321736	cg25190094	0.0056471978116366	0.389555922766155	H6PD
chr1	2985494	2985494	cg17173498	0.0056570229329895	0.389961234942812	
chr1	6566528	6566528	cg10700634	0.0056829762527441	0.390733383058426	PLEKHG5
chr1	35667652	35667652	cg17787387	0.0057106480446567	0.391281449984002	
chr1	47882739	47882739	cg22796507	0.0057095949295183	0.391281449984002	FOXE3
chr1	3089892	3089892	cg24612696	0.0057256483375959	0.391688373461742	PRDM16
chr1	150518766	150518766	cg21679169	0.0057481157055974	0.392629479501603	
chr1	31996811	31996811	cg02709167	0.005782258677853	0.393511084379049	
chr1	21642517	21642517	cg17445490	0.0058100565581498	0.394310682200658	ECE1
chr1	15126782	15126782	cg04706087	0.0058404134225288	0.394842683917609	KAZN
chr1	11916658	11916658	cg07563063	0.0058336661340659	0.394842683917609	
chr1	121137854	121137854	cg27260418	0.0058364287629466	0.394842683917609	RP11-343N15.1
chr1	1965064	1965064	cg13856872	0.005872476506353	0.395672230007943	
chr1	1265354	1265354	cg16590012	0.0058765653837145	0.395865650419736	
chr1	2060642	2060642	cg26335530	0.0058885601270364	0.396151497494059	PRKCZ
chr1	155904917	155904917	cg17218154	0.0059068562987505	0.396794438078462	
chr1	161050227	161050227	cg07832203	0.0059101517827916	0.39684809383472	PVRL4
chr1	19276237	19276237	cg22867719	0.0059348928535415	0.397614498567202	IFFO2
chr1	201700487	201700487	cg04277574	0.0059407328247591	0.397904280631932	IPO9-AS1,NAV1,RP11-90L20.2
chr1	2085233	2085233	cg07196858	0.0059555460934443	0.39823167872128	PRKCZ
chr1	32827710	32827710	cg01555014	0.0059912079751835	0.399396147215721	FAM229A,TSSK3
chr1	50571943	50571943	cg15322801	0.0059991833428235	0.399614208263125	ELAVL4
chr1	19206560	19206560	cg16823064	0.0060292601918669	0.400627561793954	ALDH4A1,RP13-279N23.2
chr1	229544327	229544327	cg17035539	0.0060291627654409	0.400627561793954	
chr1	220863514	220863514	cg01491219	0.0060427115474765	0.400981657947223	C1orf115
chr1	22211317	22211317	cg20103919	0.0060482702108975	0.401124776052579	HSPG2
chr1	56940113	56940113	cg23237472	0.0060825271331017	0.402406353154961	
chr1	6530744	6530744	cg08091596	0.0060857998413678	0.402495365108292	PLEKHG5
chr1	156109909	156109909	cg24086565	0.0060900007468248	0.402686986666442	
chr1	2006897	2006897	cg01970427	0.0061018474251241	0.402982424769994	PRKCZ
chr1	1099167	1099167	cg18792131	0.0061195696986025	0.403482984798772	
chr1	2189027	2189027	cg08730743	0.006161181214309	0.404661576831684	SKI
chr1	12251719	12251719	cg01250490	0.0061699556426063	0.404914928009524	TNFRSF1B
chr1	15271831	15271831	cg00577560	0.0061893615618767	0.405491595864342	KAZN
chr1	2537774	2537774	cg01075559	0.0061917603446409	0.405491595864342	MMEL1
chr1	2835156	2835156	cg14074351	0.0062007430806745	0.405728796919824	
chr1	87617143	87617143	cg02357336	0.0062163648284164	0.406246283681365	LINC01140,RP5-1052I5.2
chr1	32084965	32084965	cg19420968	0.0062171977303095	0.406264497556288	HCRTR1
chr1	84464084	84464084	cg03098721	0.006219148146045	0.406296603062035	TTLL7
chr1	91185234	91185234	cg22507154	0.0062230505423144	0.406456186374935	
chr1	10725237	10725237	cg08233833	0.0062276237177248	0.406532385369278	CASZ1
chr1	63782427	63782427	cg05719140	0.0062464148398939	0.407126325966187	LINC00466
chr1	228645482	228645482	cg11672054	0.0062502076678556	0.407211119975611	HIST3H2A
chr1	8404216	8404216	cg15554087	0.0062629273971508	0.407563037428333	SLC45A1
chr1	47074746	47074746	cg01535777	0.0062662335699892	0.407574570237962	MKNK1,MOB3C
chr1	6130188	6130188	cg00223046	0.0062843576508336	0.4080723390254	KCNAB2
chr1	31158139	31158139	cg08023265	0.006310835117808	0.408932944226628	
chr1	3473924	3473924	cg26607673	0.0063157837888695	0.409027177831078	MEGF6
chr1	10705842	10705842	cg16120244	0.0063224335288471	0.409204043288692	CASZ1,RP4-734G22.3
chr1	161414152	161414152	cg23840854	0.0063251752114557	0.409286360735449	
chr1	161068070	161068070	cg17150246	0.0063328046560546	0.409471206291849	
chr1	43533797	43533797	cg02584756	0.006344906281746	0.409646731973782	
chr1	106623838	106623838	cg06086598	0.0063618998187527	0.410106157820104	RP5-947P14.1,RP5-947P14.2
chr1	226924740	226924740	cg00279406	0.006380947966018	0.410610726035054	ITPKB
chr1	110765667	110765667	cg11404402	0.0063967534960352	0.411052427307456	KCNC4
chr1	1858286	1858286	cg11977488	0.0064285812737702	0.411613397764134	C1orf222
chr1	3558139	3558139	cg06650698	0.0064458037428311	0.412301443787431	WRAP73
chr1	8383637	8383637	cg00184512	0.0064536278012969	0.412546026236401	SLC45A1
chr1	201708501	201708501	cg22488259	0.0064856158895255	0.413391949343545	IPO9-AS1,NAV1
chr1	17381801	17381801	cg08737815	0.006508253348705	0.413891744316539	
chr1	98088314	98088314	cg25969802	0.0065083602723056	0.413891744316539	DPYD
chr1	31884902	31884902	cg18939081	0.0065137509595824	0.4140636203971	SERINC2
chr1	9211837	9211837	cg00909706	0.0065382424859033	0.414626719685644	
chr1	175549030	175549030	cg05965015	0.0065407536074069	0.414722998408652	TNR
chr1	1272477	1272477	cg11339519	0.0065497627007408	0.415016462990844	DVL1
chr1	47881738	47881738	cg13017614	0.0065775604082555	0.416014759879319	
chr1	32704933	32704933	cg15623425	0.0065954002098472	0.416512386974668	MTMR9LP
chr1	15783159	15783159	cg07906331	0.0065995856915209	0.416634765501252	
chr1	206729685	206729685	cg05756492	0.0066686413708288	0.41873667584866	RASSF5
chr1	109781607	109781607	cg06812309	0.0067018634784377	0.419619434974997	
chr1	204803813	204803813	cg05663480	0.0067194101569406	0.420014026308983	NFASC
chr1	22270752	22270752	cg11345909	0.0067207553711101	0.420014026308983	
chr1	79088769	79088769	cg05696877	0.0067381178204286	0.420474412125828	IFI44L
chr1	2089384	2089384	cg22128985	0.0067416752294261	0.420474412125828	PRKCZ
chr1	22890049	22890049	cg13437164	0.0067488864488158	0.420561677909311	
chr1	1603014	1603014	cg18288914	0.0067473448956793	0.420561677909311	SLC35E2B
chr1	14113204	14113204	cg15568145	0.0067685361419682	0.421143140588903	PRDM2
chr1	79472409	79472409	cg15084543	0.0067807924376818	0.421465602815179	
chr1	7294361	7294361	cg06789545	0.0067832667089834	0.421588024979568	CAMTA1
chr1	77230837	77230837	cg25199254	0.006791698150667	0.42170168921706	RP11-415A20.1
chr1	47066498	47066498	cg23277659	0.0068137978778021	0.422138013579961	MKNK1
chr1	207496046	207496046	cg12467404	0.0068297681743956	0.422651468023425	CD55
chr1	18809604	18809604	cg07632391	0.0068349953696003	0.422690849438869	KLHDC7A
chr1	28919301	28919301	cg02447380	0.0068534259195813	0.422980337995279	RAB42,TAF12
chr1	209406581	209406581	cg07224169	0.0068602213451324	0.423111196287956	RP11-385M4.3
chr1	45111435	45111435	cg11744075	0.0068635159598395	0.423111196287956	RNF220,TMEM53
chr1	12566790	12566790	cg15598719	0.0068677912437293	0.423157858271072	VPS13D
chr1	1374669	1374669	cg19639479	0.0068718806748505	0.42322563410736	VWA1
chr1	1886544	1886544	cg13111532	0.0068926253194985	0.423933849248219	C1orf222
chr1	153518055	153518055	cg26894575	0.0068930724134801	0.423933849248219	S100A4
chr1	223308239	223308239	cg23039250	0.0068957304934124	0.423978759695625	TLR5
chr1	3436037	3436037	cg24050519	0.0069196941264453	0.424679569797135	MEGF6
chr1	238644629	238644629	cg24488001	0.0069253013081827	0.424821314071216	LINC01139
chr1	221052144	221052144	cg13170032	0.006975241474278	0.426350725933529	HLA-AS1,HLX
chr1	21930181	21930181	cg19740679	0.0069766022573991	0.426353823600708	RAP1GAP
chr1	2084596	2084596	cg00300046	0.0069866439838247	0.426638771615096	PRKCZ
chr1	240161446	240161446	cg21854408	0.0069975398148743	0.426902560737543	
chr1	3361131	3361131	cg10709432	0.007007699851629	0.427281717689915	
chr1	57890611	57890611	cg08458292	0.0070149850675412	0.427320520045167	DAB1
chr1	152081002	152081002	cg05523911	0.0070349131342471	0.42783805508216	TCHH
chr1	228246937	228246937	cg09511896	0.0070482947966308	0.428215433995688	WNT3A
chr1	55223007	55223007	cg00156991	0.0070752615486368	0.429190364168181	PARS2
chr1	114305957	114305957	cg10813585	0.0070776284012968	0.429196730002211	RSBN1
chr1	19280186	19280186	cg11697440	0.0070965052780801	0.42986266406866	IFFO2
chr1	22265175	22265175	cg01794853	0.0071060741896098	0.430130397802414	
chr1	202314341	202314341	cg11141821	0.0071206307100708	0.430549378859182	
chr1	16346120	16346120	cg13048591	0.0071298994158102	0.430751634025091	CLCNKA
chr1	23763451	23763451	cg02351745	0.0071409709688612	0.431055819216814	ASAP3
chr1	2043439	2043439	cg22342249	0.0071452689049773	0.431190628203896	PRKCZ
chr1	36348318	36348318	cg24003898	0.0071496140976734	0.431421679227814	AGO1
chr1	91183697	91183697	cg11823511	0.0071646564876317	0.431938200319914	
chr1	228743236	228743236	cg12437277	0.0071628969621443	0.431938200319914	
chr1	40598649	40598649	cg13451356	0.0071886173688916	0.432679321591305	RP11-115D7.3
chr1	7710720	7710720	cg18180609	0.0072021292201961	0.433087456516219	CAMTA1
chr1	247542228	247542228	cg25881792	0.0072248516626093	0.4338931152265	
chr1	233121957	233121957	cg20705469	0.0072487678845492	0.434509154578263	PCNXL2
chr1	237206483	237206483	cg02328010	0.0072547471781155	0.434600398698041	RYR2
chr1	102312611	102312611	cg24393673	0.0072633765336676	0.43465445726903	OLFM3
chr1	214813712	214813712	cg15009294	0.0072688276946935	0.434813925612905	CENPF
chr1	59280371	59280371	cg20593826	0.0072757100253616	0.435005289262822	LINC01135
chr1	32673467	32673467	cg11142522	0.0072778454032332	0.435036876442689	IQCC
chr1	24796905	24796905	cg24399432	0.0072920167192772	0.435531384774574	NIPAL3
chr1	54209080	54209080	cg00021550	0.0072950510114968	0.435536338578757	
chr1	22207012	22207012	cg02956660	0.0072946488085804	0.435536338578757	HSPG2
chr1	1378060	1378060	cg24492273	0.0073070065132548	0.435881409526118	VWA1
chr1	26696866	26696866	cg17465336	0.0073135887720376	0.435993856194402	ZNF683
chr1	7123191	7123191	cg24844717	0.0073121260711574	0.435993856194402	CAMTA1
chr1	2100233	2100233	cg17156349	0.0073154837225625	0.436036587439027	PRKCZ
chr1	3575000	3575000	cg20768358	0.0073258609365932	0.436278079584687	TP73
chr1	32083031	32083031	cg11573219	0.0073400235322569	0.436823484480518	
chr1	22191504	22191504	cg11839036	0.0073655359491909	0.437280735414643	HSPG2
chr1	75139491	75139491	cg15386773	0.0073779264832117	0.437660598752391	
chr1	1022643	1022643	cg15565004	0.0073967253447979	0.437949680217252	C1orf159
chr1	1961762	1961762	cg03700143	0.0074140586153583	0.43841241866301	GABRD
chr1	15541800	15541800	cg13878066	0.0074303503974447	0.43863191458944	TMEM51
chr1	181382639	181382639	cg20741134	0.0074372089590251	0.438765066041653	CACNA1E
chr1	1983003	1983003	cg02347356	0.0074614574312563	0.439325396224075	PRKCZ
chr1	19000726	19000726	cg26530301	0.0074629439423896	0.439325396224075	PAX7
chr1	11024083	11024083	cg01191660	0.0074685850050225	0.439512814374894	C1orf127
chr1	17907025	17907025	cg09854011	0.0074798737674096	0.439786885457212	ARHGEF10L
chr1	164545783	164545783	cg00222472	0.0074831467099419	0.439793714646819	PBX1
chr1	119531718	119531718	cg03760839	0.0074820948383421	0.439793714646819	TBX15
chr1	1470906	1470906	cg03041030	0.0074894606318373	0.43997895118569	TMEM240
chr1	53925146	53925146	cg17736259	0.0075055485465734	0.440428498984631	DMRTB1
chr1	34642346	34642346	cg27557134	0.0075398271009005	0.441441075372269	C1orf94
chr1	15573567	15573567	cg02394978	0.0075674910505423	0.442352056681242	
chr1	1882619	1882619	cg22452682	0.0075679822380015	0.442352056681242	C1orf222
chr1	12579743	12579743	cg15135803	0.0075787831139259	0.442647229288928	
chr1	21934727	21934727	cg24852446	0.0076312072422064	0.443605238617781	RAP1GAP
chr1	27287469	27287469	cg16574155	0.007632758183788	0.443642862695463	
chr1	9749717	9749717	cg20317738	0.0076331810334636	0.443642862695463	PIK3CD
chr1	1916718	1916718	cg10331922	0.0076405414487789	0.443682624989843	C1orf222
chr1	14954053	14954053	cg15118606	0.0076542685692966	0.443959660317637	KAZN
chr1	1961112	1961112	cg24364910	0.0076730016407905	0.44416581882617	GABRD
chr1	15419636	15419636	cg05626309	0.0076879878164635	0.444545243593162	KAZN
chr1	6521857	6521857	cg13331246	0.0077054011839243	0.444874684402489	TNFRSF25
chr1	164546144	164546144	cg22238122	0.0077175934044856	0.445129097402974	PBX1
chr1	983545	983545	cg09792712	0.0077266247607271	0.445233551884372	AGRN
chr1	2104478	2104478	cg11961999	0.007741533018639	0.445628941874782	PRKCZ
chr1	963896	963896	cg15574137	0.0077669260519544	0.446206456483421	AGRN
chr1	42664859	42664859	cg15496430	0.0077793414930872	0.446548666967129	FOXJ3
chr1	969826	969826	cg24598973	0.0077793798621339	0.446548666967129	AGRN
chr1	3500469	3500469	cg25279739	0.0077958750140598	0.446908035893771	MEGF6
chr1	2026224	2026224	cg04349178	0.0078153494129514	0.447228382072579	PRKCZ
chr1	1564426	1564426	cg18852096	0.0078145747074258	0.447228382072579	MIB2
chr1	82591537	82591537	cg06191165	0.0078372744230383	0.447779308262342	
chr1	209755781	209755781	cg04340324	0.0078409442423135	0.447932774087289	
chr1	6784750	6784750	cg26360953	0.0078476977829468	0.448195986034829	RP11-242F24.1
chr1	3115309	3115309	cg14380230	0.0078582605060058	0.448400718028971	PRDM16
chr1	37783871	37783871	cg04851505	0.0078842471396601	0.448699839551262	RP5-1180C18.1
chr1	205818669	205818669	cg06815965	0.0079182085862896	0.449854840829917	PM20D1
chr1	175937550	175937550	cg05131292	0.0079292546027778	0.450123348890734	RFWD2,SCARNA3
chr1	8280500	8280500	cg00894449	0.0079328691946316	0.450192363280248	RP11-431K24.4
chr1	2885085	2885085	cg27537199	0.0079428950842498	0.450460830828929	
chr1	3347993	3347993	cg11210422	0.0079549604033304	0.450770118382276	PRDM16
chr1	1181770	1181770	cg19236794	0.0079823064634887	0.451469957998	FAM132A
chr1	8334657	8334657	cg21544805	0.0079975107238508	0.451748767558739	
chr1	1564423	1564423	cg00078456	0.0079997248139838	0.451782187449769	MIB2
chr1	204122321	204122321	cg11687966	0.0080044398819582	0.451815660598273	
chr1	223567003	223567003	cg04926766	0.0080243919636015	0.451985426359404	C1orf65
chr1	10709185	10709185	cg16346321	0.0080224714842621	0.451985426359404	CASZ1,RP4-734G22.3
chr1	97303097	97303097	cg26336118	0.0080143066634625	0.451985426359404	
chr1	2088708	2088708	cg25726135	0.008029860017909	0.452230586031198	PRKCZ
chr1	38259097	38259097	cg07003115	0.0081108052082791	0.454217053701213	
chr1	1042451	1042451	cg01881456	0.0081171683736843	0.454421083835826	C1orf159
chr1	1233542	1233542	cg14529643	0.008133625252447	0.454938370175622	ACAP3
chr1	154437694	154437694	cg21262032	0.0081392019164236	0.455031146684575	IL6R
chr1	154582157	154582157	cg17218026	0.0081593574355799	0.45547043490746	ADAR
chr1	1911472	1911472	cg01748832	0.0081792784592983	0.455764031863944	C1orf222
chr1	27683352	27683352	cg09230763	0.0081846766483206	0.455803134947069	MAP3K6
chr1	946100	946100	cg10984178	0.0081896534183992	0.455919188697076	
chr1	2445357	2445357	cg02083536	0.0081990293293617	0.456080349324945	PANK4
chr1	3581320	3581320	cg11226808	0.0082385821462312	0.457173995072791	RP5-1092A11.5,TP73
chr1	36187288	36187288	cg15966349	0.0082402484346813	0.457205718376296	CLSPN
chr1	201687860	201687860	cg16258899	0.0082711471226914	0.457977149630228	IPO9-AS1,NAV1
chr1	91182535	91182535	cg01921432	0.0082910037762483	0.458317164411045	BARHL2
chr1	248525008	248525008	cg07483650	0.0083042647997466	0.458564708013189	OR2T4
chr1	27688462	27688462	cg17107840	0.0083102984501025	0.458589100263289	MAP3K6
chr1	111416181	111416181	cg22325572	0.0083179430707541	0.458713584287572	CD53
chr1	15162073	15162073	cg22853601	0.0083337920301187	0.459065778278344	KAZN
chr1	3083536	3083536	cg04316231	0.0083449745019109	0.459228284461402	PRDM16
chr1	40598779	40598779	cg16458866	0.0083606658307663	0.459317788861066	RP11-115D7.3
chr1	38477010	38477010	cg21009824	0.0083523302649453	0.459317788861066	UTP11L
chr1	241520331	241520331	cg13849378	0.0084061717415746	0.460901635104105	RGS7
chr1	243646788	243646788	cg06882058	0.008407969286277	0.460902152487191	SDCCAG8
chr1	3082863	3082863	cg10484617	0.0084284636834181	0.461553252007762	PRDM16
chr1	156093624	156093624	cg02997316	0.0084368905085067	0.461707105905882	LMNA
chr1	16202870	16202870	cg23216498	0.0084367583578747	0.461707105905882	SPEN
chr1	201693819	201693819	cg20491406	0.0084748793029383	0.462697245884637	IPO9-AS1,NAV1,RP11-90L20.2
chr1	111218283	111218283	cg00995520	0.0085084819778855	0.463004975176487	
chr1	19654245	19654245	cg26573807	0.008506973988852	0.463004975176487	PQLC2
chr1	11732206	11732206	cg15715049	0.0085257629840464	0.4633609169296	FBXO6
chr1	152488000	152488000	cg23726537	0.0085260034258647	0.4633609169296	CRCT1
chr1	148855368	148855368	cg00646200	0.0085300354229599	0.463369322467551	RP11-763B22.9
chr1	218497807	218497807	cg21848278	0.0085407649374252	0.46353867419693	RRP15
chr1	233497903	233497903	cg02452586	0.0085757394786807	0.464678588004373	MLK4
chr1	91361642	91361642	cg20805961	0.0085857224660502	0.464799415758673	
chr1	242936926	242936926	cg26820288	0.0086178228320203	0.465819187432015	
chr1	91853089	91853089	cg20256120	0.0086285370432295	0.466066408178053	HFM1
chr1	15270235	15270235	cg23205276	0.0086321449084377	0.466205950268891	KAZN
chr1	183387564	183387564	cg00707317	0.0086413794462879	0.466510515287795	NMNAT2
chr1	229568078	229568078	cg00034468	0.0086535870032589	0.466686997369944	ACTA1
chr1	2046506	2046506	cg20250605	0.0086609664888308	0.466917649746455	PRKCZ
chr1	19639299	19639299	cg15974430	0.0087181270408204	0.468042318124639	PQLC2
chr1	154680614	154680614	cg26219674	0.0087235436452675	0.468162761732091	KCNN3
chr1	6841126	6841126	cg23229610	0.0087359290484442	0.468466298171463	
chr1	214160860	214160860	cg17954152	0.0087543616638277	0.468852809370331	PROX1,PROX1-AS1
chr1	1525422	1525422	cg05702207	0.0087569705923124	0.468902349309814	
chr1	22182144	22182144	cg17420036	0.0087960988306055	0.46991317161337	HSPG2
chr1	54803684	54803684	cg18764544	0.0088018821104194	0.470003281186015	SSBP3
chr1	203058955	203058955	cg11719784	0.0088091697091342	0.470190488569313	
chr1	1375481	1375481	cg03116557	0.0088352559420566	0.470615010716721	VWA1
chr1	210856990	210856990	cg26572354	0.0088382566745285	0.470615010716721	KCNH1
chr1	2522331	2522331	cg07563069	0.0088946274321142	0.472032224203782	FAM213B,MMEL1
chr1	21934679	21934679	cg11531272	0.0088956602738894	0.472032224203782	RAP1GAP
chr1	844500	844500	cg04410003	0.0089011450098026	0.472233272667271	RP11-54O7.16
chr1	4715521	4715521	cg17525406	0.0089114859011755	0.472511813596231	AJAP1
chr1	214153472	214153472	cg24244374	0.0089151570763663	0.472598854567739	PROX1-AS1
chr1	54620627	54620627	cg01060188	0.0089258358137891	0.472797607431253	RP11-446E24.4
chr1	236915027	236915027	cg00328597	0.0089389202159974	0.473045244209478	ACTN2
chr1	26373408	26373408	cg03987192	0.0089455987057846	0.473179292930168	
chr1	21754900	21754900	cg04578903	0.0089488007966774	0.473265784533114	HS6ST1P1
chr1	227505917	227505917	cg15084499	0.0089649883716614	0.473515313352829	CDC42BPA
chr1	201562365	201562365	cg05385282	0.0089794726733195	0.473968046714242	
chr1	153599831	153599831	cg02331910	0.0090073069345197	0.474430644584965	RP1-178F15.5,S100A13
chr1	218460685	218460685	cg07575617	0.0090559310437487	0.47555251067014	RRP15
chr1	201561165	201561165	cg01931883	0.0090685194950186	0.475710119654269	
chr1	19984017	19984017	cg26671966	0.0090663710698092	0.475710119654269	MINOS1-NBL1,NBL1
chr1	100950872	100950872	cg20384613	0.0090718137444508	0.475727843689057	CDC14A,RP5-837M10.4
chr1	57111123	57111123	cg09686317	0.0090967355672002	0.476160436108881	PRKAA2
chr1	2276456	2276456	cg09971184	0.0091063902012144	0.476256282974352	MORN1
chr1	155895457	155895457	cg02805690	0.0091145507921718	0.47641867479646	KIAA0907
chr1	59043208	59043208	cg04863005	0.0091146010704602	0.47641867479646	
chr1	1473320	1473320	cg02068237	0.0091243164534909	0.476746105392704	TMEM240
chr1	9427707	9427707	cg07835682	0.0091295808584247	0.476869126984685	SPSB1
chr1	95163986	95163986	cg10712476	0.0092065332883776	0.478800204203254	LINC01057
chr1	103574470	103574470	cg26256793	0.0092729270451932	0.480305193294351	
chr1	15086357	15086357	cg06887407	0.0092778371537837	0.480380806650857	KAZN
chr1	1563097	1563097	cg06080300	0.0092838587485838	0.480489828688615	MIB2
chr1	8274044	8274044	cg04236512	0.0092863482022627	0.480554927502253	RP11-431K24.3
chr1	32930837	32930837	cg00987080	0.0092937322050968	0.48069730958458	RP1-27O5.3,ZBTB8B
chr1	57045708	57045708	cg16505550	0.0093005206109714	0.480789148861395	PPAP2B
chr1	154473340	154473340	cg00114710	0.0093130835134819	0.4810889746477	SHE
chr1	214452015	214452015	cg02709907	0.0093346184519883	0.481508810972747	
chr1	91184501	91184501	cg19811087	0.0093409367058283	0.48178937370318	
chr1	1163886	1163886	cg11257497	0.0093648524600148	0.482100805791884	SDF4
chr1	220101729	220101729	cg24933645	0.0093564484709675	0.482100805791884	SLC30A10
chr1	203056150	203056150	cg17424007	0.00940317556811	0.483038272477823	
chr1	1290213	1290213	cg07284273	0.0094156817986475	0.483413174781106	MXRA8
chr1	154325249	154325249	cg22708508	0.0094633844164529	0.484481047123169	
chr1	210499017	210499017	cg10825481	0.0095451290186215	0.48632304274225	
chr1	68628206	68628206	cg17597249	0.009561709028136	0.486722510369272	CTBP2P8,GNG12-AS1,WLS
chr1	21977905	21977905	cg04142080	0.0095648122790113	0.486791488532157	RAP1GAP
chr1	1972776	1972776	cg07226484	0.00957856469053	0.4870802775978	
chr1	15541956	15541956	cg09022584	0.0095825141948272	0.487174401755315	TMEM51
chr1	44402353	44402353	cg23954153	0.0096064737193855	0.487773164355332	ARTN
chr1	75602413	75602413	cg08146483	0.0096257735399282	0.488174459953267	LHX8
chr1	32930833	32930833	cg10201297	0.0096250421108941	0.488174459953267	RP1-27O5.3,ZBTB8B
chr1	4715616	4715616	cg08159291	0.0096477540879253	0.488662353145141	AJAP1
chr1	229730475	229730475	cg23109359	0.0096523482283769	0.488765043849116	TAF5L
chr1	22148927	22148927	cg00309945	0.0096570252171999	0.488952529474098	HSPG2,LDLRAD2
chr1	53067832	53067832	cg26251270	0.0096655397285049	0.489205730697372	
chr1	151104004	151104004	cg16399136	0.0096984175579232	0.490157049369748	RP11-68I18.10
chr1	2561055	2561055	cg21391741	0.0097006236748201	0.490190503523593	MMEL1
chr1	980304	980304	cg09134969	0.0097318070582491	0.490914038017556	AGRN
chr1	17381850	17381850	cg22688160	0.0097540790744316	0.49130564080339	
chr1	215177429	215177429	cg11194108	0.0097557679247003	0.491361080087342	
chr1	149137869	149137869	cg01105140	0.0097640888969555	0.491454238609711	
chr1	85086452	85086452	cg24334243	0.0097748553600711	0.491692214063509	
chr1	91190892	91190892	cg24453699	0.0097776457730585	0.491692214063509	
chr1	18434114	18434114	cg03993263	0.0097838468650604	0.491784759063743	
chr1	175490612	175490612	cg20283505	0.0098242071720506	0.492770086177635	TNR
chr1	6501240	6501240	cg24050109	0.0098590990142787	0.492937197670595	ESPN
chr1	229569046	229569046	cg27229613	0.0098596408744801	0.492937197670595	ACTA1
chr1	46668841	46668841	cg08160980	0.0098715585665454	0.493306736434322	POMGNT1
chr1	153364020	153364020	cg09174555	0.00989811579479	0.493885353240767	
chr1	244924883	244924883	cg11658707	0.009896368415884	0.493885353240767	
chr1	208218009	208218009	cg27225130	0.0098963079800514	0.493885353240767	PLXNA2
chr1	17958884	17958884	cg11807529	0.0099020191252627	0.493905647849117	ARHGEF10L
chr1	100643545	100643545	cg26117431	0.0099071196792402	0.493921591962619	LRRC39
chr1	1234354	1234354	cg19414302	0.009927536125507	0.49428251470744	ACAP3
chr1	1860128	1860128	cg17091049	0.0099329576954182	0.494445321950595	C1orf222
chr1	54689333	54689333	cg26901915	0.0099565609355873	0.494861096044139	MRPL37
chr1	2985312	2985312	cg19356825	0.0099613439381287	0.494892098366139	
chr1	64669412	64669412	cg11244180	0.0099714730339955	0.495098483018144	UBE2U
chr1	35222918	35222918	cg12405421	0.0099706476334314	0.495098483018144	GJB5,SMIM12
chr1	11040367	11040367	cg27631724	0.0099779019896793	0.49526321430341	C1orf127
chr1	10699975	10699975	cg23231666	0.00998074541139	0.495334603894636	CASZ1,RP4-734G22.3
chr1	981393	981393	cg07501049	0.0099818820476543	0.495343039900033	AGRN
chr1	175048754	175048754	cg03038726	0.0099933922961728	0.495590388603329	TNN
chr1	54940534	54940534	cg12078320	0.0100087480818467	0.495968329150152	
chr1	16553457	16553457	cg02987928	0.0100194375567905	0.496175092155214	ANO7P1
chr1	34630944	34630944	cg15654121	0.010054542926877	0.49700022147911	CSMD2
chr1	47157810	47157810	cg06824199	0.0100740023967897	0.497285332282445	EFCAB14
chr1	46972736	46972736	cg08032971	0.0100729024814188	0.497285332282445	DMBX1
chr1	6504576	6504576	cg04980281	0.0101028474779594	0.497738624030008	ESPN,RP1-202O8.2
chr1	36348944	36348944	cg27026509	0.0101024898933468	0.497738624030008	AGO1
chr1	52256024	52256024	cg06894469	0.0101090775052236	0.497898738980522	NRD1
chr1	7710739	7710739	cg02294758	0.0101256460122851	0.498162453507548	CAMTA1
chr1	115826415	115826415	cg07037778	0.0101257621862282	0.498162453507548	RP4-663N10.1
chr1	237729918	237729918	cg24690236	0.0101515236587448	0.498607650805521	RYR2
chr1	2100865	2100865	cg09891066	0.010152816358626	0.498612511038851	PRKCZ
chr1	99127069	99127069	cg02331772	0.0101554134412293	0.498627963428541	
chr1	246599230	246599230	cg22019569	0.0101580828108452	0.498636635916498	SMYD3
chr1	143168960	143168960	cg25940606	0.0101580538585247	0.498636635916498	RP11-782C8.1,RP11-782C8.2,RP11-782C8.4
chr1	28918476	28918476	cg04896949	0.010167665599357	0.498892017277777	TAF12
chr1	1269219	1269219	cg14911892	0.0101781378944579	0.49899807803343	TAS1R3
chr1	15429881	15429881	cg03541846	0.0101851875905333	0.499116612791354	KAZN
chr1	3103048	3103048	cg05952379	0.010218435540082	0.499493055319735	PRDM16
chr1	1986276	1986276	cg12391964	0.0102399490282968	0.499806437602359	PRKCZ
chr10	133747926	133747926	cg04021127	1.61010912833749e-05	0.054171566000017	
chr10	128594145	128594145	cg05608777	1.32461234972394e-05	0.054171566000017	DOCK1
chr10	62023666	62023666	cg10652674	4.3025635126536e-06	0.054171566000017	ANK3
chr10	135150429	135150429	cg14614314	2.44819277953927e-06	0.054171566000017	CALY,ZNF511
chr10	125651371	125651371	cg14676407	1.73936891701166e-05	0.054171566000017	CPXM2
chr10	13736109	13736109	cg15777335	5.73344362749405e-06	0.054171566000017	FRMD4A
chr10	133747932	133747932	cg22851378	2.22795701163242e-05	0.054171566000017	
chr10	26223311	26223311	cg23771603	5.61748120283028e-06	0.054171566000017	MYO3A
chr10	129535893	129535893	cg26115633	1.45229847442568e-05	0.054171566000017	FOXI2
chr10	62648096	62648096	cg00590714	2.76117220423065e-05	0.0543206248802127	RHOBTB1
chr10	133747850	133747850	cg07454788	2.26084237146633e-05	0.0543206248802127	
chr10	124133785	124133785	cg08564661	2.64313323934485e-05	0.0543206248802127	
chr10	62671228	62671228	cg10157558	2.68071892332324e-05	0.0543206248802127	RHOBTB1
chr10	13771427	13771427	cg12656653	2.57373124713992e-05	0.0543206248802127	FRMD4A,RP11-353M9.1
chr10	134209611	134209611	cg19919881	2.35225166930815e-05	0.0543206248802127	
chr10	1308811	1308811	cg25970447	2.54423182465073e-05	0.0543206248802127	ADARB2
chr10	98977821	98977821	cg03593014	3.26935855994694e-05	0.0543707177967035	ARHGAP19-SLIT1
chr10	26507384	26507384	cg07440775	3.78793025238564e-05	0.0551012872280427	GAD2
chr10	131845025	131845025	cg02576528	4.18622354993313e-05	0.0556883318141202	
chr10	128593922	128593922	cg06128198	4.11611973503841e-05	0.0556883318141202	
chr10	735041	735041	cg10796899	4.4197406183053e-05	0.0556883318141202	DIP2C
chr10	1707524	1707524	cg17522332	4.1132688382958e-05	0.0556883318141202	ADARB2
chr10	13750689	13750689	cg10198568	4.47345923336924e-05	0.0559432864313862	FRMD4A
chr10	413744	413744	cg09943714	4.86440950726247e-05	0.0570949707730289	DIP2C
chr10	840201	840201	cg02228420	5.17210450033775e-05	0.0575318458703748	
chr10	131005696	131005696	cg26791879	5.15636757074917e-05	0.0575318458703748	
chr10	131844549	131844549	cg02180915	5.76743135537598e-05	0.0589438365507034	
chr10	128994603	128994603	cg03070297	5.86620940573846e-05	0.0589438365507034	DOCK1
chr10	1780003	1780003	cg23684973	5.92528990378199e-05	0.0590672210988303	
chr10	23463016	23463016	cg00181834	5.96973050082914e-05	0.0591612788534209	
chr10	736974	736974	cg04586563	5.94610250039168e-05	0.0591612788534209	
chr10	18999146	18999146	cg17517709	6.00973403277978e-05	0.0592724387001107	
chr10	7564470	7564470	cg07005640	6.34473114692719e-05	0.0595530723273388	
chr10	132365701	132365701	cg13253210	6.19089155261675e-05	0.0595530723273388	
chr10	100992656	100992656	cg17508300	6.29130758552189e-05	0.0595530723273388	HPSE2
chr10	133747941	133747941	cg26381263	6.25089766241924e-05	0.0595530723273388	
chr10	13736003	13736003	cg18698819	6.52175814738956e-05	0.0596725869728084	FRMD4A
chr10	72014869	72014869	cg17364672	6.58439525149345e-05	0.0599175664359595	NPFFR1
chr10	128994605	128994605	cg12204732	6.73866425868433e-05	0.0603134549055003	DOCK1
chr10	1851599	1851599	cg03402698	7.19497830334078e-05	0.0615974473485097	
chr10	129535510	129535510	cg09614415	7.72222263575966e-05	0.0624289211758408	FOXI2
chr10	106400454	106400454	cg14752336	7.7359480142456e-05	0.0624289211758408	
chr10	403654	403654	cg04213845	7.99062809405037e-05	0.0629245912912735	DIP2C
chr10	26223206	26223206	cg15843567	8.05785255894738e-05	0.0630436879575555	MYO3A
chr10	25464059	25464059	cg13448753	8.14588899061318e-05	0.0633987329348407	GPR158,GPR158-AS1
chr10	839865	839865	cg00683655	8.71717598861137e-05	0.0643983805620442	
chr10	44321795	44321795	cg12453183	9.05056618485417e-05	0.0652244226631007	
chr10	129535898	129535898	cg13929328	9.33055137785115e-05	0.0659433166389258	FOXI2
chr10	132890865	132890865	cg12014886	9.55822591972587e-05	0.0663346030698292	TCERG1L
chr10	1402918	1402918	cg01033356	0.0001141390300856	0.0706481018961496	ADARB2
chr10	397126	397126	cg19563415	0.0001143104382321	0.0706481018961496	DIP2C
chr10	2936415	2936415	cg13775978	0.0001157527409065	0.0710807324055405	
chr10	1767485	1767485	cg08442149	0.0001205049172869	0.0720326998113761	ADARB2
chr10	13708259	13708259	cg25557504	0.0001218425753469	0.0722385518367077	FRMD4A,RP11-295P9.3
chr10	133747754	133747754	cg24282401	0.0001222372662643	0.072282039353711	
chr10	118562629	118562629	cg23643360	0.0001255988989088	0.0723600376393548	
chr10	15254851	15254851	cg14440794	0.000141477861778	0.0758862368689889	FAM171A1
chr10	465797	465797	cg14780777	0.0001432491950941	0.0759603510451277	DIP2C
chr10	13708148	13708148	cg20403873	0.0001450366668892	0.0763452177479213	FRMD4A,RP11-295P9.3
chr10	5567479	5567479	cg20691436	0.0001502146651449	0.0771156871465499	CALML3,CALML3-AS1,RP11-116G8.5
chr10	62630417	62630417	cg26561020	0.0001517884130093	0.0774131073614129	RHOBTB1
chr10	62671137	62671137	cg01112784	0.0001577090733801	0.0781567101057713	RHOBTB1
chr10	23462117	23462117	cg01082512	0.0001665149910934	0.0802797013868175	
chr10	126256345	126256345	cg10567078	0.000190860710576	0.0849893791240896	LHPP
chr10	129733373	129733373	cg20162240	0.0001923884447766	0.0851870303647866	PTPRE,RP11-4C20.4
chr10	2125912	2125912	cg23523659	0.0001928871645547	0.0852104295096699	
chr10	526813	526813	cg00961127	0.0001987313091164	0.0863595878146538	DIP2C
chr10	128994608	128994608	cg25984344	0.0002044743538988	0.0875512859630647	DOCK1
chr10	54631369	54631369	cg03631459	0.0002115923808791	0.0888681616815097	
chr10	130726702	130726702	cg19317226	0.0002225969811787	0.0909806006463	
chr10	15254823	15254823	cg08927260	0.000225969523633	0.0915910067129678	FAM171A1
chr10	62648022	62648022	cg05171195	0.0002439245010101	0.0944233032214688	RHOBTB1
chr10	125306934	125306934	cg09299668	0.000250936459821	0.0956035294594924	
chr10	131694689	131694689	cg26275858	0.0002553760298999	0.0963135420323402	EBF3
chr10	123909357	123909357	cg19774782	0.0002562985128741	0.0964437449971855	TACC2
chr10	134597885	134597885	cg25756406	0.0002566916780993	0.0965482007656775	RP11-288G11.3
chr10	25315221	25315221	cg20699492	0.0002618074551177	0.0974352781851132	THNSL1
chr10	62647977	62647977	cg16943151	0.0002714393484096	0.0990621993177823	RHOBTB1
chr10	35103126	35103126	cg19470652	0.0002778866372503	0.100060030907936	PARD3
chr10	29948324	29948324	cg06197966	0.0002829049133288	0.100823979977454	SVIL
chr10	62023638	62023638	cg18732042	0.0002835083488274	0.100866909452023	ANK3
chr10	42608750	42608750	cg09266080	0.0002846628150289	0.101062437076934	
chr10	11912126	11912126	cg08584759	0.0003066559359443	0.104453766334489	PROSER2,PROSER2-AS1
chr10	28034248	28034248	cg14614211	0.0003270929890726	0.107196931602028	MKX,RP11-360I20.2
chr10	131034897	131034897	cg18944135	0.0003275942643173	0.107319110180336	
chr10	1416920	1416920	cg02408697	0.0003350987305874	0.108669552393535	ADARB2
chr10	116391551	116391551	cg01315572	0.0003365780422864	0.108895641168477	ABLIM1
chr10	125309904	125309904	cg19151518	0.000339119849394	0.109131514976075	
chr10	1205612	1205612	cg19282259	0.0003506995680869	0.111123110988364	
chr10	133109195	133109195	cg10175795	0.0003553586480493	0.111834843628165	TCERG1L
chr10	20295881	20295881	cg02536263	0.0003638348811084	0.112683720266135	PLXDC2
chr10	126487102	126487102	cg10402121	0.0003678910839658	0.113029292525528	
chr10	54538306	54538306	cg17334937	0.0003757690597173	0.114098278812469	
chr10	327132	327132	cg15864612	0.000391281567571	0.115868999726369	DIP2C
chr10	134598353	134598353	cg11174855	0.0004125135108482	0.118943832179087	NKX6-2
chr10	13708110	13708110	cg14702215	0.0004140972136276	0.119014535593508	FRMD4A,RP11-295P9.3
chr10	135259860	135259860	cg16692735	0.0004233641595959	0.119684403200784	SPRN
chr10	93999133	93999133	cg20441135	0.0004227245501739	0.119684403200784	CPEB3
chr10	25464426	25464426	cg09437327	0.0004239775390937	0.11981725735552	GPR158,GPR158-AS1
chr10	134741907	134741907	cg26648233	0.0004330046828437	0.120834333373058	TTC40
chr10	134528051	134528051	cg15847996	0.0004549626105924	0.123484835288427	INPP5A
chr10	129534613	129534613	cg02523640	0.0004604767566757	0.12403998178172	AL391005.1
chr10	134505549	134505549	cg06381135	0.0004604023794942	0.12403998178172	INPP5A
chr10	62668850	62668850	cg11024506	0.000460459505549	0.12403998178172	RHOBTB1
chr10	62674969	62674969	cg24853299	0.0004624367730191	0.124304687320971	RHOBTB1
chr10	711945	711945	cg23681599	0.0005048010288776	0.128801971502039	DIP2C,RP11-809C18.5
chr10	54515953	54515953	cg13805793	0.0005139674428237	0.129871457526153	
chr10	5554040	5554040	cg06510234	0.0005563566529295	0.135145647741903	
chr10	20295033	20295033	cg14899131	0.0005587026459822	0.13540054081369	PLXDC2
chr10	13708262	13708262	cg11197893	0.000574175065665	0.137073566101915	FRMD4A,RP11-295P9.3
chr10	134994252	134994252	cg06517181	0.0005788404950268	0.137361691869434	KNDC1
chr10	8302798	8302798	cg04444399	0.0005822239455666	0.137743950320721	LINC00708
chr10	128593946	128593946	cg23665778	0.0005834728601451	0.13780550100958	
chr10	393842	393842	cg10271315	0.000593376839645	0.138976040735923	DIP2C
chr10	577087	577087	cg19341715	0.00059721314053	0.139155987453827	DIP2C
chr10	102792250	102792250	cg06154084	0.0006190681324967	0.141297440809317	SFXN3
chr10	135260221	135260221	cg02613809	0.0006459485198288	0.14424180668364	SPRN
chr10	134499267	134499267	cg19649172	0.0006902649052672	0.148615813137289	INPP5A
chr10	133956982	133956982	cg06965072	0.0007358095131926	0.152820973088335	JAKMIP3
chr10	60024634	60024634	cg20442379	0.000743201004987	0.153637910502367	IPMK
chr10	133110350	133110350	cg03109827	0.0007554473628336	0.154728530301889	
chr10	61468728	61468728	cg24969942	0.0007641746642553	0.155510754196754	SLC16A9
chr10	1595786	1595786	cg19163058	0.0007811229744953	0.156895835336915	ADARB2,ADARB2-AS1
chr10	24539322	24539322	cg16442712	0.0007836182453954	0.156981848472175	KIAA1217
chr10	131566727	131566727	cg03570498	0.0007936768577356	0.15784463083698	
chr10	131575896	131575896	cg01164791	0.000795603853003	0.15809390416237	
chr10	43916495	43916495	cg07383464	0.0008007393253144	0.158636228414884	RP11-517P14.2
chr10	11342722	11342722	cg06515461	0.0008300234146273	0.16162703495825	CELF2
chr10	3235465	3235465	cg06107137	0.0008404118668362	0.162739504600479	
chr10	118897904	118897904	cg16043357	0.0008515340528323	0.163716811853866	
chr10	3894968	3894968	cg00524374	0.0008569637603201	0.164233022851636	
chr10	3823791	3823791	cg23680451	0.0008768510318497	0.165761157248356	KLF6
chr10	717091	717091	cg02514579	0.0008850552728466	0.166518531111157	DIP2C
chr10	6264090	6264090	cg19705197	0.0009077529835121	0.168739038907096	PFKFB3
chr10	101075825	101075825	cg26168148	0.0009190806683645	0.169412200850486	
chr10	43916063	43916063	cg06282029	0.0009197159641303	0.1694545222363	
chr10	44287133	44287133	cg26839288	0.0009337419799624	0.170683538899164	
chr10	132633002	132633002	cg19436415	0.0009372986743884	0.171109034706856	
chr10	131348664	131348664	cg10036895	0.0009467894426889	0.171990166603686	MGMT
chr10	120102303	120102303	cg20050093	0.0009614073004374	0.173407383122267	
chr10	114610615	114610615	cg24332743	0.0009626190333134	0.173407383122267	
chr10	135123421	135123421	cg24424217	0.000965090566704	0.173528103114475	TUBGCP2,ZNF511
chr10	131742168	131742168	cg01419164	0.0009890502866361	0.175654451446354	EBF3
chr10	2776005	2776005	cg10790181	0.0010150235539068	0.17823602420156	
chr10	7621949	7621949	cg17753476	0.0010154309130609	0.17823602420156	ITIH5
chr10	134419537	134419537	cg13174051	0.0010323916129539	0.17941192246303	INPP5A
chr10	18999314	18999314	cg09113440	0.0010844973915375	0.183142649286323	
chr10	49954016	49954016	cg12697796	0.0010923810859966	0.183869989388151	RP11-534L6.3,WDFY4
chr10	29948429	29948429	cg13324103	0.0011096523092721	0.185172730364739	SVIL
chr10	125117367	125117367	cg25288034	0.0011222478474368	0.186529381875198	RP11-282I1.1
chr10	50977131	50977131	cg03202564	0.0011975030604712	0.192377484930401	
chr10	26855908	26855908	cg22842855	0.0012121573724047	0.19342975220921	APBB1IP
chr10	132546399	132546399	cg20168554	0.0012136771500339	0.193462085802482	
chr10	43916511	43916511	cg25602759	0.0012248764885229	0.19432000820506	RP11-517P14.2
chr10	91597208	91597208	cg09095892	0.0012374233172701	0.194819311391114	LINC00865
chr10	76803670	76803670	cg14462779	0.001250890731872	0.195905810694956	DUPD1
chr10	105880991	105880991	cg15741482	0.0012521855121775	0.196010858098988	
chr10	102777132	102777132	cg02529095	0.0012572509053462	0.196349732249519	PDZD7
chr10	127477260	127477260	cg15504041	0.0012781261239879	0.197906629669172	UROS
chr10	42864913	42864913	cg23853165	0.0012875546907253	0.198714205296671	
chr10	1445201	1445201	cg04855826	0.001294898583331	0.198929626533203	ADARB2
chr10	131667854	131667854	cg04989813	0.0013190582723753	0.200602036269299	EBF3
chr10	129144210	129144210	cg10990188	0.0013323284124627	0.201738719454893	DOCK1
chr10	16741549	16741549	cg12208848	0.0013358815962256	0.201936675515179	RSU1
chr10	131404770	131404770	cg18038372	0.0013909808131079	0.205921076806664	MGMT
chr10	135237755	135237755	cg24413339	0.0013990816387558	0.206457591396228	SPRN
chr10	16554794	16554794	cg20013097	0.0014096236387871	0.207426975097444	PTER
chr10	135149698	135149698	cg00732348	0.0014429416406407	0.20996271208999	CALY,ZNF511
chr10	134584660	134584660	cg02240936	0.0014500176363746	0.210270198493233	INPP5A
chr10	90641389	90641389	cg16341836	0.0014501184697544	0.210270198493233	STAMBPL1
chr10	88023053	88023053	cg10775229	0.0014712213520901	0.211644578229887	GRID1
chr10	2932077	2932077	cg25093954	0.0014852501851377	0.212780638666596	
chr10	7603805	7603805	cg09955886	0.0015005033379912	0.213649475962342	ITIH5
chr10	118613134	118613134	cg05614720	0.0015759065707612	0.218089644170177	ENO4
chr10	128599009	128599009	cg20122645	0.0015818710414203	0.218422138736444	DOCK1
chr10	8277496	8277496	cg02643589	0.0016183878397866	0.220355270498634	
chr10	33654419	33654419	cg09821400	0.0016570428377056	0.222012911548594	
chr10	130085200	130085200	cg08701047	0.0016618950513328	0.22244895315048	
chr10	131631851	131631851	cg23391090	0.0016734530788375	0.223173561986083	
chr10	131686575	131686575	cg09515665	0.0016778013768309	0.223511728473123	EBF3
chr10	2777041	2777041	cg24145118	0.0016916292447227	0.224283049344574	
chr10	134098891	134098891	cg03123170	0.0017381355318733	0.227513825102351	STK32C
chr10	4705434	4705434	cg27388962	0.0018120661685512	0.2323217981495	LINC00704
chr10	128593943	128593943	cg22665692	0.0018539098597432	0.23492164785782	
chr10	1130406	1130406	cg01468921	0.0019258433987465	0.239592536430846	WDR37
chr10	128994644	128994644	cg03129384	0.0019338435263767	0.240172217894359	DOCK1
chr10	120354082	120354082	cg13654588	0.0019396081396047	0.240577839310741	PRLHR
chr10	5550471	5550471	cg05358397	0.0019852130065453	0.243069245052508	
chr10	128993187	128993187	cg25321212	0.0019904726684308	0.243133369632659	DOCK1,FAM196A
chr10	102794524	102794524	cg17858697	0.0020225563546	0.245437389913957	SFXN3
chr10	134461778	134461778	cg25594319	0.002048755845577	0.246994857606603	INPP5A
chr10	105036702	105036702	cg21384402	0.0020698121600006	0.248001615511813	
chr10	25017026	25017026	cg06397264	0.0020820077672126	0.248760477010987	
chr10	629625	629625	cg26314512	0.0020920022519633	0.249263391676971	DIP2C
chr10	119313305	119313305	cg27552435	0.0021018853720569	0.249591878493095	
chr10	101090472	101090472	cg15019541	0.0021449926289866	0.252163111799477	CNNM1
chr10	93804899	93804899	cg22635041	0.0021734713186175	0.253796677288066	
chr10	13708265	13708265	cg05397646	0.0021950772474817	0.254761096004006	FRMD4A,RP11-295P9.3
chr10	45219815	45219815	cg09502177	0.0021999006991576	0.254887634765343	
chr10	327225	327225	cg18721155	0.0022498145430829	0.257598214653694	DIP2C
chr10	15762076	15762076	cg26104297	0.0022745793758486	0.259265016875994	ITGA8
chr10	36711932	36711932	cg14118839	0.0022935483594168	0.260392860451139	
chr10	24873784	24873784	cg07740574	0.0023129862735104	0.261303947884525	ARHGAP21
chr10	118032082	118032082	cg18044663	0.0023306841724987	0.26218596282211	GFRA1
chr10	54170928	54170928	cg00681566	0.0023599241715011	0.263629218352979	PRKRIRP3
chr10	16562470	16562470	cg08949408	0.0024149035838095	0.266897859556409	C1QL3
chr10	327440	327440	cg27197835	0.0024207105445097	0.267309801772545	DIP2C
chr10	23410368	23410368	cg03461100	0.0024414091886502	0.268036504081941	MSRB2
chr10	105880828	105880828	cg10860095	0.0024724611245443	0.269882464774938	
chr10	131576096	131576096	cg27413539	0.0024955092878692	0.271140600112773	
chr10	119443973	119443973	cg14218861	0.0025059973598089	0.271347380227222	
chr10	1264713	1264713	cg25744776	0.0025229158073187	0.27205089320035	ADARB2
chr10	23463244	23463244	cg14568830	0.0025320670929152	0.272522088420904	
chr10	11868184	11868184	cg01472043	0.002534679305176	0.272655679781217	PROSER2
chr10	130831422	130831422	cg02220418	0.0025517489908562	0.273356589353706	
chr10	30722678	30722678	cg03807314	0.0026672636531003	0.278601932835796	
chr10	118899292	118899292	cg26595643	0.00267197915047	0.278977866622272	
chr10	131348485	131348485	cg27056559	0.0027160251162342	0.281663205004919	MGMT
chr10	676530	676530	cg26467471	0.0027377179565492	0.282541364567632	DIP2C,RP11-809C18.3
chr10	1416597	1416597	cg05483559	0.0027571327684998	0.283483790364321	ADARB2
chr10	131697345	131697345	cg26229752	0.0027592511850408	0.283483790364321	EBF3
chr10	62760865	62760865	cg27648946	0.0027917285579406	0.284970460000676	RHOBTB1
chr10	1156213	1156213	cg17715243	0.0028030277126576	0.285442319338788	WDR37
chr10	135206831	135206831	cg05676341	0.0028350512714714	0.286930957215187	RP11-108K14.8
chr10	1405193	1405193	cg12799314	0.0028356729171667	0.286959106905544	ADARB2
chr10	133748048	133748048	cg13985270	0.0028548943180236	0.287452643086689	PPP2R2D
chr10	51572324	51572324	cg07333046	0.0028644054106766	0.287854416414463	NCOA4
chr10	1576685	1576685	cg06764387	0.0028784529084697	0.288516089990878	ADARB2,ADARB2-AS1
chr10	75411572	75411572	cg07127957	0.0029321766610143	0.291191308888663	SYNPO2L
chr10	124671698	124671698	cg26731008	0.0030323935597902	0.296486743634855	FAM24A
chr10	17428871	17428871	cg02165095	0.0030630289993129	0.297982390505651	ST8SIA6
chr10	35742029	35742029	cg04054187	0.0030886636503149	0.299362543912464	CCNY
chr10	3193265	3193265	cg20407665	0.0031069671597985	0.300472283416251	PITRM1,PITRM1-AS1
chr10	133982861	133982861	cg23035058	0.0031430026584481	0.302034131231847	JAKMIP3
chr10	1156114	1156114	cg10838380	0.0032466497542851	0.306667434626435	WDR37
chr10	134596943	134596943	cg05030346	0.0032596304184749	0.307177398694546	INPP5A,RP11-288G11.3
chr10	5567525	5567525	cg17283169	0.0032675157553981	0.307491011225638	CALML3,CALML3-AS1,RP11-116G8.5
chr10	27093176	27093176	cg07041723	0.0033253111886574	0.310022161512729	ABI1
chr10	112524550	112524550	cg06874891	0.003336117835675	0.310518785611056	RBM20
chr10	13736020	13736020	cg15658978	0.0033608329608787	0.311604048153283	FRMD4A
chr10	131683001	131683001	cg23111133	0.0033659766869753	0.31184666952252	EBF3
chr10	135123764	135123764	cg07219844	0.0033787068410048	0.312394449208362	TUBGCP2,ZNF511
chr10	29821055	29821055	cg04501107	0.0033803451665507	0.312511339438042	SVIL
chr10	91405299	91405299	cg20349567	0.0033959776330043	0.312821207294451	RP11-80H5.2
chr10	135150368	135150368	cg21965997	0.0034382130897559	0.314519691375575	CALY,ZNF511
chr10	135123007	135123007	cg07908874	0.003448258593393	0.314749297879935	TUBGCP2,ZNF511
chr10	1939663	1939663	cg12327866	0.0034700331500285	0.31565957469158	
chr10	6622280	6622280	cg27201625	0.0034982046043375	0.317030623018919	
chr10	62760792	62760792	cg04121624	0.0035514405384739	0.319106513478557	RHOBTB1
chr10	2936435	2936435	cg07985227	0.0035527620205294	0.319106513478557	
chr10	131151535	131151535	cg13957928	0.0036290379192828	0.322054952937468	
chr10	45477673	45477673	cg20626045	0.0036411413847785	0.322420483693872	RASSF4
chr10	127817455	127817455	cg25223716	0.0036481844928846	0.32266466325283	ADAM12
chr10	1156177	1156177	cg02229288	0.0036793439370433	0.323617883929003	WDR37
chr10	14862454	14862454	cg27275193	0.0037316231190493	0.325114443415172	CDNF
chr10	108674143	108674143	cg23024358	0.0037339391925994	0.325225286109741	SORCS1
chr10	7453471	7453471	cg16818993	0.0038021168076271	0.328492039099675	
chr10	17655712	17655712	cg12615770	0.0038190828603562	0.329388682430048	PTPLA
chr10	103982588	103982588	cg16144345	0.0038275143870477	0.329537664918419	
chr10	15762091	15762091	cg08361126	0.0038432458557347	0.329997704130799	ITGA8
chr10	736083	736083	cg08754967	0.0039450260762042	0.333728831734993	
chr10	49893463	49893463	cg07345108	0.0040248625408802	0.336847749806435	WDFY4
chr10	135279011	135279011	cg19904058	0.0040297219677409	0.33700319942733	RP11-108K14.4,SPRN
chr10	51572314	51572314	cg24035962	0.0040588250566159	0.338190525223269	NCOA4
chr10	130366895	130366895	cg25020071	0.0040804088227243	0.338695175270233	
chr10	1651392	1651392	cg23853507	0.0041066948896151	0.339329983849397	ADARB2
chr10	134671664	134671664	cg11148307	0.0041819722799066	0.341964654596195	TTC40
chr10	134504552	134504552	cg00434991	0.0041844328151187	0.342007089709785	INPP5A
chr10	26222248	26222248	cg02657833	0.0041935428662883	0.342341119748142	RP11-435M3.2
chr10	114604801	114604801	cg07457429	0.0041995293502044	0.342573467806434	
chr10	133747771	133747771	cg13257878	0.0042753142468353	0.345545973746332	
chr10	3096220	3096220	cg00470641	0.0043258495735268	0.347705403794419	
chr10	25464132	25464132	cg24488891	0.0043871138374057	0.35000806433273	GPR158,GPR158-AS1
chr10	844187	844187	cg23446641	0.0044274789280341	0.351711751809397	
chr10	134572362	134572362	cg06732450	0.0044386259189269	0.352095023112491	INPP5A
chr10	129533731	129533731	cg14716990	0.0044605866948148	0.352804788000763	
chr10	123922704	123922704	cg27438889	0.0044750101669672	0.353136892425854	TACC2
chr10	54531569	54531569	cg00524814	0.0044939920646701	0.353732604073473	
chr10	13771383	13771383	cg13473894	0.0045093483799833	0.353972160079168	FRMD4A,RP11-353M9.1
chr10	16561393	16561393	cg20047561	0.004527043692231	0.354437662343601	C1QL3
chr10	134358536	134358536	cg09421083	0.0045521869976108	0.355322634189275	INPP5A
chr10	1167738	1167738	cg24411488	0.0045605695958606	0.355788313930939	WDR37
chr10	125231256	125231256	cg01492853	0.0046157647290448	0.357842747863515	RP11-282I1.1
chr10	120788366	120788366	cg23089913	0.0046377362119686	0.358365319298952	
chr10	3147381	3147381	cg07418124	0.004711474106712	0.360352134437123	PFKP
chr10	62676419	62676419	cg11883238	0.0047676373713555	0.362093017709893	RHOBTB1
chr10	118899289	118899289	cg08833577	0.0047741684910912	0.362367456757843	
chr10	134902278	134902278	cg07779444	0.0048019250700536	0.363450516759175	GPR123
chr10	1175756	1175756	cg25275452	0.0048417483435309	0.364746206215963	WDR37
chr10	23481422	23481422	cg17076890	0.0048493063976903	0.365067026508783	PTF1A
chr10	14562036	14562036	cg14937228	0.0048681007913341	0.365577564766267	FAM107B
chr10	8075716	8075716	cg27427581	0.0048787210313213	0.365750399606845	
chr10	60936383	60936383	cg02662277	0.0049027546333667	0.366606605353308	PHYHIPL
chr10	1939619	1939619	cg24265076	0.0049768015428725	0.369292113348337	
chr10	1705581	1705581	cg27354589	0.0050173853961058	0.370632798479218	ADARB2
chr10	60937031	60937031	cg24073466	0.0050232060254561	0.370813185348581	PHYHIPL
chr10	93169496	93169496	cg00268338	0.0050417862383739	0.371408918615117	
chr10	13699426	13699426	cg01164291	0.0050789016730869	0.372664242973503	FRMD4A,RP11-295P9.3
chr10	134549143	134549143	cg17215172	0.0050898676117347	0.37281394706579	INPP5A
chr10	135176242	135176242	cg24730459	0.0050959693114507	0.3729665557722	ECHS1
chr10	131592436	131592436	cg18629132	0.005105283206411	0.373190484185546	
chr10	119304488	119304488	cg17276590	0.0051213538314506	0.373776501449785	EMX2,EMX2OS
chr10	29084707	29084707	cg19359767	0.0052233062517561	0.376778417404994	LINC00837,RP11-478H13.3
chr10	679400	679400	cg25297146	0.0052472670555364	0.377719127035907	DIP2C
chr10	102777925	102777925	cg21378403	0.0052573547093349	0.377925598061538	PDZD7
chr10	77352232	77352232	cg02587606	0.0052669189780942	0.378095034729583	
chr10	134994425	134994425	cg08815970	0.0052729297522802	0.378221598914366	KNDC1
chr10	54532906	54532906	cg08780887	0.0052895099837901	0.378772204099765	
chr10	125651392	125651392	cg27003782	0.0053071695041895	0.379448084336943	CPXM2
chr10	1828900	1828900	cg23653240	0.0053738130467525	0.381632551229946	
chr10	49893445	49893445	cg17967780	0.0053788792016328	0.381732363027352	WDFY4
chr10	134597359	134597359	cg12880300	0.005416927176065	0.383062495784612	RP11-288G11.3
chr10	849032	849032	cg20718524	0.0054470338233647	0.384182845217832	
chr10	7574780	7574780	cg23331981	0.0054474352824067	0.384182845217832	
chr10	89998445	89998445	cg25872855	0.0054675738028204	0.384834865391338	
chr10	132683455	132683455	cg08380478	0.005487214788186	0.385264461797453	
chr10	134371847	134371847	cg03207667	0.0054988146845622	0.385520352048102	INPP5A
chr10	459968	459968	cg14955916	0.0055172919775316	0.385951285822833	DIP2C
chr10	124578264	124578264	cg04278168	0.0055335983414732	0.38653935788192	
chr10	123353419	123353419	cg10788901	0.0055505859534203	0.387207949081631	FGFR2
chr10	132365913	132365913	cg03294704	0.005575861028195	0.387773778599964	
chr10	102766459	102766459	cg18360825	0.0055831448221606	0.387900914747857	LZTS2
chr10	13708239	13708239	cg00246402	0.0055868086703931	0.387920763545925	FRMD4A,RP11-295P9.3
chr10	125732373	125732373	cg06946708	0.0055889677189861	0.388006176288567	
chr10	1130391	1130391	cg09753778	0.0055916859762498	0.388033650168114	WDR37
chr10	35069983	35069983	cg06832449	0.0056013145514703	0.388321144237402	PARD3
chr10	5705038	5705038	cg04329659	0.0056330991866726	0.389146261831345	ASB13
chr10	133748026	133748026	cg21750602	0.0056696115245209	0.390135589595154	PPP2R2D
chr10	125807504	125807504	cg09595290	0.0056764454849412	0.390445036684835	CHST15
chr10	134481297	134481297	cg22900057	0.0057488911090311	0.392629479501603	INPP5A
chr10	134570284	134570284	cg07605938	0.0057760951848967	0.393412127108677	INPP5A
chr10	13771107	13771107	cg20152304	0.0057955675239039	0.394031773306742	FRMD4A
chr10	120354249	120354249	cg11705975	0.0058417561067931	0.394842683917609	PRLHR
chr10	7709738	7709738	cg10119075	0.0058474655830693	0.395020274461506	
chr10	392646	392646	cg06968641	0.0058661142428862	0.395492313149156	DIP2C
chr10	698162	698162	cg20436707	0.0059631011501023	0.398481694277706	DIP2C,PRR26
chr10	7564402	7564402	cg10983206	0.0060173415941515	0.400313029933323	
chr10	43904864	43904864	cg24947258	0.006072740318617	0.402025008813017	
chr10	128076941	128076941	cg05181041	0.00610620485947	0.403133448777307	ADAM12
chr10	14529831	14529831	cg04926904	0.0061074576899637	0.403136330052756	
chr10	50817651	50817651	cg26813646	0.0061649548605153	0.404836430517396	CHAT
chr10	128994432	128994432	cg03242819	0.0061686643093841	0.404868155054834	DOCK1
chr10	102767508	102767508	cg00036732	0.0061942015737721	0.405502280038503	LZTS2,PDZD7
chr10	42777526	42777526	cg14514393	0.0062349920709436	0.406854418549638	
chr10	131566729	131566729	cg00239899	0.0062406687577241	0.406938757537668	
chr10	25464419	25464419	cg14390758	0.0062649375394402	0.407566850873948	GPR158,GPR158-AS1
chr10	104535276	104535276	cg00037952	0.0062677218326957	0.407574570237962	WBP1L
chr10	118899407	118899407	cg25496678	0.0062665266433215	0.407574570237962	
chr10	367491	367491	cg01373599	0.0063027568700402	0.408778890733764	DIP2C
chr10	43429459	43429459	cg17053251	0.0063028878867645	0.408778890733764	
chr10	25273116	25273116	cg05845435	0.0063113916041364	0.408932944226628	ENKUR
chr10	125651549	125651549	cg05801246	0.0063313826465358	0.409471206291849	CPXM2
chr10	135159002	135159002	cg06950844	0.0063486956953241	0.409688235883756	ZNF511
chr10	131843725	131843725	cg07366506	0.0064081498156039	0.411127638762229	
chr10	131686486	131686486	cg05734295	0.0064304481535258	0.411697516539201	EBF3
chr10	50976571	50976571	cg14156751	0.0064583378744936	0.412566150001322	
chr10	103536348	103536348	cg06169131	0.0064888218238978	0.413500586451288	
chr10	133558893	133558893	cg20568497	0.0067547573151859	0.420756396301962	
chr10	23632741	23632741	cg23956260	0.006785364705553	0.421624205195252	C10orf67
chr10	105110879	105110879	cg25481680	0.0067852656021972	0.421624205195252	PCGF6
chr10	1438165	1438165	cg06182978	0.0067883750909648	0.421682135611493	ADARB2
chr10	88296809	88296809	cg22568451	0.006826742768311	0.422561011657902	
chr10	391398	391398	cg04536319	0.006864623463247	0.423111196287956	DIP2C
chr10	22048367	22048367	cg07015081	0.0069098770701529	0.424404944313064	DNAJC1
chr10	2776040	2776040	cg09899989	0.0069115793367745	0.42441554754906	
chr10	126312411	126312411	cg20166919	0.0069317040833242	0.424964433208785	FAM53B,RP11-12J10.3
chr10	133784930	133784930	cg23606392	0.0069563499957664	0.425632016506513	BNIP3
chr10	134477333	134477333	cg13335709	0.0069605834522602	0.425797483951993	INPP5A
chr10	135044856	135044856	cg00646347	0.006993285223942	0.426766648452434	UTF1
chr10	134023618	134023618	cg15089794	0.0070264868155884	0.427643666061381	STK32C
chr10	13708083	13708083	cg23731992	0.0070332333279278	0.427798183929256	FRMD4A,RP11-295P9.3
chr10	50118141	50118141	cg08385211	0.0070388883396235	0.427986338730959	LRRC18,RP11-523O18.7,WDFY4
chr10	1668948	1668948	cg20299776	0.0071128424341098	0.43038415439317	ADARB2
chr10	90093521	90093521	cg14349937	0.0072053251813241	0.433107914156504	RNLS
chr10	104597865	104597865	cg24934431	0.0072189142608758	0.433665165519141	PFN1P11
chr10	24496599	24496599	cg18829521	0.0072295711417099	0.433989347724545	KIAA1217
chr10	127461256	127461256	cg14763972	0.0072471074386335	0.434448879041338	MMP21
chr10	125732788	125732788	cg09744068	0.0072654758443537	0.434676618062107	
chr10	106096153	106096153	cg19939250	0.0073069670071301	0.435881409526118	ITPRIP
chr10	88022744	88022744	cg04582294	0.0073318759229525	0.436492197638297	GRID1
chr10	1585346	1585346	cg10544696	0.0073352797835031	0.436601497247181	ADARB2,ADARB2-AS1
chr10	65733388	65733388	cg19573236	0.0073570410874683	0.437280735414643	RP11-170M17.1
chr10	131323904	131323904	cg23004031	0.0073641666635901	0.437280735414643	MGMT
chr10	9449275	9449275	cg12368066	0.0073941629638837	0.43786003344378	
chr10	130844400	130844400	cg12881520	0.0074144582958449	0.43841241866301	
chr10	1779835	1779835	cg02899206	0.0074206447035725	0.438495695593278	
chr10	13146947	13146947	cg06091155	0.0074452542529238	0.438942712892892	OPTN
chr10	102131013	102131013	cg07504977	0.0074523259628142	0.439094325635493	
chr10	134549036	134549036	cg06410158	0.0074538969461492	0.439122735814918	INPP5A
chr10	134596302	134596302	cg18005217	0.0074830184693001	0.439793714646819	INPP5A
chr10	49571898	49571898	cg20525763	0.007550943968942	0.441766829146395	MAPK8
chr10	100206752	100206752	cg06443542	0.0076348956935587	0.443642862695463	
chr10	131665419	131665419	cg17191256	0.0076605298293736	0.444047570416846	EBF3
chr10	49842613	49842613	cg23462772	0.0076627218671872	0.44406788880192	ARHGAP22
chr10	1130179	1130179	cg09070101	0.0076895704512369	0.444552578003644	WDR37
chr10	129922685	129922685	cg17295447	0.0077081840670146	0.444943100939628	MKI67
chr10	8204041	8204041	cg01134758	0.0077277910281308	0.445233551884372	PRPF38AP1
chr10	50820279	50820279	cg01295399	0.0077610038549046	0.446134590397434	CHAT,SLC18A3
chr10	90611912	90611912	cg02538681	0.0078259055308358	0.447410211258996	
chr10	21683094	21683094	cg08365438	0.0078470292522593	0.448195986034829	RNMTL1P1
chr10	9920219	9920219	cg10276674	0.0078600301513452	0.448423402196616	
chr10	127585443	127585443	cg15383811	0.0078608052222923	0.448423402196616	FANK1
chr10	670788	670788	cg06571559	0.0078795184552266	0.448657507126937	DIP2C
chr10	13726635	13726635	cg26334209	0.0079559031349171	0.450770118382276	FRMD4A,RP11-295P9.8
chr10	134546101	134546101	cg12108265	0.0079844671846049	0.451561592977601	INPP5A
chr10	105110867	105110867	cg26155979	0.0079917326499902	0.451593334558794	PCGF6
chr10	134590163	134590163	cg09625024	0.0080355517790786	0.452368153642161	INPP5A
chr10	125651697	125651697	cg08627010	0.0080447362341382	0.452671661515357	CPXM2
chr10	45495678	45495678	cg15601807	0.0080797357373194	0.453388940809264	C10orf25
chr10	108576571	108576571	cg12848417	0.008084118765472	0.453543494263762	SORCS1
chr10	51572497	51572497	cg14450605	0.0081269859410802	0.454726909145608	NCOA4
chr10	3278464	3278464	cg22762361	0.0082263793255403	0.456709204671625	
chr10	1714535	1714535	cg24980040	0.0082558547131619	0.457591160793214	ADARB2
chr10	44189890	44189890	cg10402715	0.0082638473495484	0.457812315044623	
chr10	1767483	1767483	cg16282361	0.0083040274641187	0.458564708013189	ADARB2
chr10	22894054	22894054	cg14215711	0.0083093552102451	0.458589100263289	PIP4K2A
chr10	133791976	133791976	cg02365648	0.0083353691846634	0.459068479514047	BNIP3
chr10	11344307	11344307	cg10608230	0.0083733014063022	0.459823710819638	CELF2
chr10	125425691	125425691	cg04549162	0.0083854061266332	0.460367393377373	
chr10	77871619	77871619	cg08481464	0.0084613058671511	0.462286129984665	C10orf11
chr10	16863140	16863140	cg00584885	0.0084807494758562	0.462779739122204	
chr10	134544141	134544141	cg16826739	0.0084967002078128	0.462948241547183	INPP5A
chr10	66813919	66813919	cg10288214	0.0085104891866816	0.463004975176487	
chr10	105510713	105510713	cg00730670	0.008515374072688	0.463150081424424	SH3PXD2A
chr10	132684010	132684010	cg11243001	0.0086283918514764	0.466066408178053	
chr10	79314844	79314844	cg00083188	0.0086486508723755	0.466617845656699	KCNMA1
chr10	103536342	103536342	cg25209842	0.0086643514853788	0.466935936890967	
chr10	128192897	128192897	cg07394719	0.0086945747906417	0.467712529689431	C10orf90
chr10	125804060	125804060	cg03284640	0.0087043449005703	0.467763487743267	CHST15
chr10	26505440	26505440	cg11328303	0.0087042114402303	0.467763487743267	GAD2
chr10	134420301	134420301	cg27437721	0.0087422011482497	0.468562013474784	INPP5A
chr10	13911332	13911332	cg05392293	0.0087527109158981	0.468852809370331	FRMD4A
chr10	80217969	80217969	cg08356028	0.0087970287237413	0.469928791026234	LINC00856
chr10	28035632	28035632	cg02161900	0.0088119963322879	0.470281263916737	RP11-360I20.2
chr10	1120795	1120795	cg27201679	0.0088238594123465	0.470584805800705	WDR37
chr10	123738374	123738374	cg08904986	0.0088315872419248	0.470615010716721	
chr10	25465430	25465430	cg26249873	0.0088371123775895	0.470615010716721	GPR158
chr10	49705591	49705591	cg03717961	0.0088570201696978	0.470997280689005	ARHGAP22
chr10	134572418	134572418	cg17994840	0.0088829915962098	0.471762037458053	INPP5A
chr10	135209993	135209993	cg05563890	0.0088866857513632	0.471765774203059	MTG1,RP11-108K14.8
chr10	13708204	13708204	cg24129198	0.0089896071772975	0.474156087014003	FRMD4A,RP11-295P9.3
chr10	131813486	131813486	cg10847915	0.0090090280079009	0.474431555385	
chr10	392243	392243	cg24318365	0.0091306668463706	0.476869126984685	DIP2C
chr10	102419617	102419617	cg07099331	0.0092040956674934	0.478758543844125	
chr10	134533755	134533755	cg19081662	0.0092057931467259	0.478800204203254	INPP5A
chr10	21787080	21787080	cg18224988	0.0092218758396013	0.479146368182057	
chr10	60936794	60936794	cg23712342	0.0092698537374775	0.480305193294351	PHYHIPL
chr10	130338781	130338781	cg00152946	0.0093027909159415	0.480808615888989	
chr10	45123608	45123608	cg25471987	0.0093089971908034	0.480958907448851	
chr10	135060549	135060549	cg25154244	0.0093187737824493	0.481128635954254	MIR202HG
chr10	134531485	134531485	cg13445334	0.0093466122274543	0.481809170795513	INPP5A
chr10	48427626	48427626	cg19239052	0.0094487606599578	0.484187513279142	GDF10
chr10	1031432	1031432	cg18953039	0.0094643192246861	0.484481047123169	AL359878.1
chr10	125528133	125528133	cg09298183	0.0094703761055492	0.48455355967398	CPXM2
chr10	38739886	38739886	cg25214090	0.0094702484718778	0.48455355967398	
chr10	125651034	125651034	cg09619146	0.0095191142349314	0.485554966513748	CPXM2
chr10	128594142	128594142	cg18932726	0.0095659357875964	0.486806775777116	DOCK1
chr10	129535459	129535459	cg25576011	0.0095848279622129	0.487174401755315	
chr10	134742867	134742867	cg08869466	0.009600362263416	0.487536034984372	TTC40
chr10	60937048	60937048	cg01037890	0.0096376667763076	0.488386790754699	PHYHIPL
chr10	118380175	118380175	cg11310496	0.0096584316817189	0.488994103496018	
chr10	2141637	2141637	cg18477072	0.0096849537196854	0.489743252338286	
chr10	12209668	12209668	cg07594977	0.0096904277301067	0.489931088459131	NUDT5,SEC61A2
chr10	125033932	125033932	cg19917650	0.0097152368847186	0.490591567269237	
chr10	118032034	118032034	cg06039355	0.0097637616214209	0.491454238609711	GFRA1
chr10	134505029	134505029	cg07016060	0.0097634014694517	0.491454238609711	INPP5A
chr10	135008730	135008730	cg00821587	0.009809450130758	0.492343162312658	KNDC1
chr10	123368732	123368732	cg01628053	0.0098811378062907	0.493450837744639	
chr10	135123240	135123240	cg12275410	0.0099028042065205	0.493905647849117	TUBGCP2,ZNF511
chr10	3171363	3171363	cg03455408	0.0099222843106045	0.49428251470744	PFKP
chr10	75411098	75411098	cg25736617	0.0099721558615928	0.495098483018144	SYNPO2L
chr10	89621419	89621419	cg21480743	0.0100822096956345	0.497464118046249	KLLN
chr10	106401320	106401320	cg10778841	0.0101356956161321	0.498387020331637	SORCS3
chr10	91597320	91597320	cg22356726	0.0101474431673875	0.498529299077239	LINC00865
chr10	91405266	91405266	cg14967972	0.0102208807685579	0.499493055319735	RP11-80H5.2
chr10	1245419	1245419	cg14698025	0.0102277086669046	0.499659330936487	ADARB2
chr10	51564910	51564910	cg06860721	0.0102346077399573	0.499760062866684	
chr10	1068528	1068528	cg11799387	0.0102391104615015	0.499794709750284	IDI2
chr10	1444784	1444784	cg15518542	0.0102424936215148	0.499813892364689	ADARB2
chr11	1358675	1358675	cg01097384	1.88395182960967e-05	0.054171566000017	
chr11	20618231	20618231	cg02027945	3.13845799882321e-06	0.054171566000017	
chr11	123525662	123525662	cg03109306	1.0576438312484e-05	0.054171566000017	SCN3B
chr11	76751369	76751369	cg04058752	2.20039057726469e-05	0.054171566000017	B3GNT6
chr11	105481320	105481320	cg04747226	9.83857690739208e-06	0.054171566000017	GRIA4
chr11	129444481	129444481	cg06137123	7.65778811097425e-06	0.054171566000017	
chr11	129488337	129488337	cg06213635	1.97502740174125e-05	0.054171566000017	
chr11	109967237	109967237	cg11022824	1.03099265942534e-05	0.054171566000017	ZC3H12C
chr11	93064093	93064093	cg11203512	1.66829679959037e-05	0.054171566000017	CCDC67
chr11	129488103	129488103	cg11507770	2.04436078459076e-05	0.054171566000017	
chr11	113143664	113143664	cg12308391	8.90132861931524e-06	0.054171566000017	NCAM1,NCAM1-AS1
chr11	78614523	78614523	cg13228701	1.26163505547358e-05	0.054171566000017	TENM4
chr11	111848165	111848165	cg17446654	1.49127360087287e-05	0.054171566000017	DIXDC1
chr11	7273149	7273149	cg18560328	2.17649583832957e-06	0.054171566000017	SYT9
chr11	1087602	1087602	cg19902122	1.30113055838639e-05	0.054171566000017	MUC2
chr11	111847969	111847969	cg21169203	1.73291285466541e-05	0.054171566000017	DIXDC1
chr11	105481323	105481323	cg07972135	2.71258726595712e-05	0.0543206248802127	GRIA4
chr11	15136150	15136150	cg12828075	2.66209211428221e-05	0.0543206248802127	INSC
chr11	129014782	129014782	cg13728449	2.51089069885945e-05	0.0543206248802127	ARHGAP32
chr11	123525670	123525670	cg13963553	2.48481811149575e-05	0.0543206248802127	SCN3B
chr11	47235901	47235901	cg19486271	2.5494943418324e-05	0.0543206248802127	
chr11	129145951	129145951	cg00315395	2.82408867666547e-05	0.0543707177967035	ARHGAP32
chr11	7273155	7273155	cg02269161	2.83581573224975e-05	0.0543707177967035	SYT9
chr11	62273116	62273116	cg03274456	3.35174351301392e-05	0.0543707177967035	AHNAK
chr11	15136505	15136505	cg12170314	2.94561683680334e-05	0.0543707177967035	INSC
chr11	1380328	1380328	cg16974513	2.87287889609337e-05	0.0543707177967035	
chr11	113145857	113145857	cg18891037	3.14515583362424e-05	0.0543707177967035	NCAM1
chr11	131939453	131939453	cg01208557	4.33272005225631e-05	0.0556883318141202	NTM
chr11	1380305	1380305	cg03370490	4.0408988695902e-05	0.0556883318141202	
chr11	111848088	111848088	cg20816889	4.39084201549874e-05	0.0556883318141202	DIXDC1
chr11	111169796	111169796	cg23882862	4.46979394290325e-05	0.0559432864313862	COLCA1,COLCA2
chr11	102702625	102702625	cg15124926	4.68070861366649e-05	0.0567702287985928	WTAPP1
chr11	2292510	2292510	cg15790820	4.81686214367056e-05	0.0570949707730289	
chr11	2840700	2840700	cg26958174	4.81950882755797e-05	0.0570949707730289	KCNQ1
chr11	65375067	65375067	cg04798016	5.0657329740965e-05	0.0574970328465066	MAP3K11
chr11	117701910	117701910	cg26502105	5.01667280796226e-05	0.0574970328465066	FXYD6-FXYD2
chr11	125106101	125106101	cg04164023	5.42084337738976e-05	0.0578403073828547	PKNOX2
chr11	113125329	113125329	cg07570298	5.35278777510142e-05	0.0578403073828547	NCAM1
chr11	114832002	114832002	cg10754561	5.30642763426089e-05	0.0578403073828547	
chr11	129123364	129123364	cg16188714	5.34336547719083e-05	0.0578403073828547	ARHGAP32
chr11	87908723	87908723	cg14428310	5.53055028439161e-05	0.0581141875883441	
chr11	131971357	131971357	cg11362049	5.70610814851969e-05	0.0587760097220899	NTM
chr11	113143736	113143736	cg11946963	5.87107770898752e-05	0.0589438365507034	NCAM1,NCAM1-AS1
chr11	117352731	117352731	cg13966609	5.95888680804684e-05	0.0591612788534209	DSCAML1
chr11	2735126	2735126	cg21592241	5.9685008924366e-05	0.0591612788534209	KCNQ1
chr11	113659953	113659953	cg06953577	6.44742123383793e-05	0.0596640624838269	ATF4P4
chr11	87908785	87908785	cg18395636	6.49776830792405e-05	0.0596640624838269	
chr11	19372013	19372013	cg25909885	6.50313703116245e-05	0.0596640624838269	
chr11	123525666	123525666	cg15457899	6.92545213424359e-05	0.0610912634761522	SCN3B
chr11	131780330	131780330	cg15585794	7.19671926451867e-05	0.0615974473485097	NTM
chr11	7273046	7273046	cg16437728	7.37512412693735e-05	0.0620964166291267	SYT9
chr11	87908805	87908805	cg17108629	7.41355336087604e-05	0.062121479521886	
chr11	70415440	70415440	cg21323244	7.41405826412126e-05	0.062121479521886	SHANK2
chr11	87908939	87908939	cg04421271	7.47044635844745e-05	0.0621912105819887	
chr11	118402343	118402343	cg20001829	7.62684551164159e-05	0.0622802389290526	TMEM25
chr11	125753373	125753373	cg17259265	7.84335938669015e-05	0.0625801194297698	
chr11	1358515	1358515	cg19389884	7.89396129958866e-05	0.0627515857459962	
chr11	115024627	115024627	cg26706187	7.89420127582331e-05	0.0627515857459962	
chr11	109920791	109920791	cg17651855	7.97475322757369e-05	0.0629245912912735	RP11-344L21.1
chr11	128839788	128839788	cg10612775	8.31287649245753e-05	0.0636548161113578	ARHGAP32
chr11	112916250	112916250	cg20297670	8.72482923559192e-05	0.0643983805620442	NCAM1
chr11	46407440	46407440	cg03440850	8.95415188202272e-05	0.0649387060586416	CHRM4
chr11	129183282	129183282	cg03131729	0.0001068615322161	0.0692733812010263	
chr11	124791390	124791390	cg05768922	0.0001073743824233	0.0692733812010263	HEPACAM
chr11	33400575	33400575	cg07593978	0.0001076538014139	0.0692733812010263	
chr11	133035053	133035053	cg20941739	0.0001102089107766	0.069656047044504	OPCML
chr11	111847985	111847985	cg15050390	0.0001186396668988	0.0718001696776915	DIXDC1
chr11	7273049	7273049	cg03226737	0.0001243187801333	0.0723600376393548	SYT9
chr11	68384209	68384209	cg06404763	0.0001247357513652	0.0723600376393548	
chr11	70415494	70415494	cg13705616	0.0001230467417824	0.0723600376393548	SHANK2
chr11	15136346	15136346	cg22792646	0.0001322030707993	0.0741600011648336	INSC
chr11	61106776	61106776	cg25620125	0.0001351307703564	0.0746592143887457	DAK,DDB1
chr11	113144258	113144258	cg14673319	0.0001402851092201	0.0757534148866652	NCAM1,NCAM1-AS1
chr11	15095178	15095178	cg23558842	0.0001410769569691	0.07578182128122	CALCB
chr11	71313232	71313232	cg02050593	0.0001426376126497	0.0759487815647982	AP000867.1,KRTAP5-11
chr11	850297	850297	cg24869272	0.0001436101133957	0.0759603510451277	TSPAN4
chr11	130089890	130089890	cg03933026	0.0001468421774305	0.0767635401307145	
chr11	66083541	66083541	cg11067179	0.0001476245324972	0.0767881047387209	CD248,RP11-867G23.13
chr11	1300592	1300592	cg18551169	0.0001505359773193	0.0771451996261229	TOLLIP
chr11	131560559	131560559	cg20073412	0.0001504655065466	0.0771451996261229	NTM
chr11	14994230	14994230	cg13491234	0.0001515818300184	0.0774131073614129	CALCB
chr11	129183160	129183160	cg18971175	0.0001555760142353	0.0779241199760572	
chr11	3143272	3143272	cg19068644	0.0001578996651166	0.0781567101057713	OSBPL5
chr11	68384193	68384193	cg05589396	0.0001583512595887	0.0782736835074997	
chr11	131560939	131560939	cg13551510	0.0001647135112808	0.0798591902337439	NTM
chr11	61450771	61450771	cg20144359	0.0001672709539055	0.0803529648348973	DAGLA
chr11	2292512	2292512	cg06272038	0.0001784469002847	0.0827143152656155	
chr11	50257497	50257497	cg02254774	0.0001799334960964	0.083000634890553	
chr11	113113936	113113936	cg08743050	0.0001800841479461	0.083000634890553	NCAM1
chr11	64242816	64242816	cg22824291	0.0001836813497476	0.0834380771419835	
chr11	14402943	14402943	cg12643049	0.0001897067536838	0.0847465720063498	
chr11	36615352	36615352	cg12057318	0.0001926907773693	0.0851870303647866	RAG2
chr11	15136476	15136476	cg13997645	0.0001990720702607	0.0863595878146538	INSC
chr11	66243281	66243281	cg14418275	0.0001998217616791	0.0865798259029835	CTD-3074O7.5,PELI3
chr11	56259268	56259268	cg14186824	0.0002026128697058	0.0872778800110849	
chr11	2569801	2569801	cg08419850	0.0002105111695404	0.0885542241084852	KCNQ1
chr11	66358017	66358017	cg16313230	0.0002143285509675	0.0893157330057012	CCDC87
chr11	65374833	65374833	cg01180479	0.0002159766261526	0.0895638133490331	MAP3K11
chr11	19372015	19372015	cg24137774	0.0002178732976595	0.0899237589718752	
chr11	129062278	129062278	cg06466839	0.0002198882044353	0.0904166473478687	ARHGAP32
chr11	129488232	129488232	cg15185570	0.0002268635757599	0.0916854972061999	
chr11	62239251	62239251	cg26699546	0.0002336232489896	0.092684451301905	AHNAK
chr11	45264610	45264610	cg01172626	0.0002365840133873	0.0932923614849576	SYT13
chr11	131918150	131918150	cg20827960	0.0002392317877686	0.0935560371141432	NTM
chr11	66078665	66078665	cg15945475	0.0002398896145176	0.0936540702258069	
chr11	123448238	123448238	cg09951320	0.0002477013651607	0.0950934192186497	GRAMD1B
chr11	115531002	115531002	cg02256049	0.0002509805064128	0.0956035294594924	AP000797.3
chr11	102159620	102159620	cg09489470	0.0002523869676371	0.0958788134164979	
chr11	131920674	131920674	cg20637081	0.0002529304326963	0.0959888605964768	NTM
chr11	126582317	126582317	cg10640398	0.0002580165051923	0.0967415978494419	KIRREL3
chr11	128893852	128893852	cg20892287	0.0002593184317974	0.0969686104048123	ARHGAP32
chr11	1316437	1316437	cg22275872	0.0002616392916812	0.0974352781851132	TOLLIP
chr11	1312042	1312042	cg02994066	0.00026453116098	0.0978240776095837	TOLLIP
chr11	2569833	2569833	cg20768429	0.0002645337194119	0.0978240776095837	KCNQ1
chr11	315909	315909	cg12047941	0.0002648055507141	0.0978332868572159	
chr11	64198213	64198213	cg22410262	0.0002650391306854	0.0978377369673841	AP003774.5
chr11	134253885	134253885	cg04946387	0.0002664140594532	0.0981284737661829	B3GAT1
chr11	113144593	113144593	cg25411363	0.000270204952417	0.098909200450524	NCAM1,NCAM1-AS1
chr11	43569556	43569556	cg20809378	0.0002758348614749	0.0997080361617457	
chr11	129183229	129183229	cg02931729	0.0002813085380874	0.10062659226249	
chr11	129088588	129088588	cg11242708	0.0002843864351671	0.101007242300738	ARHGAP32
chr11	123430950	123430950	cg05543458	0.0002880491568176	0.101445521217287	GRAMD1B
chr11	111250202	111250202	cg11362935	0.0002886929175196	0.101543813591609	POU2AF1
chr11	115581830	115581830	cg22821289	0.0002888763243057	0.101561719693014	AP000797.3
chr11	117190161	117190161	cg16864999	0.0002906361563833	0.101901243929251	AP000892.4,CEP164
chr11	3143293	3143293	cg04226092	0.0002945815866997	0.102348735721469	OSBPL5
chr11	61511574	61511574	cg17058012	0.0002987180092029	0.103192921081817	DAGLA
chr11	66084661	66084661	cg13383058	0.0003135173034514	0.105140186211728	RP11-867G23.13
chr11	64242797	64242797	cg09238106	0.0003168749358582	0.105545886231129	
chr11	128737415	128737415	cg13675753	0.00032196295853	0.106455139408048	
chr11	63906051	63906051	cg25819103	0.0003237764550216	0.106780273326971	MACROD1
chr11	123396371	123396371	cg14374432	0.0003337950366168	0.108483992142937	GRAMD1B
chr11	86383940	86383940	cg16008627	0.000342705795621	0.109395304283977	
chr11	113660932	113660932	cg18935108	0.0003417074557753	0.109395304283977	ATF4P4
chr11	105481318	105481318	cg03225817	0.0003543683562536	0.111793848654477	GRIA4
chr11	113143181	113143181	cg23958319	0.00035784402964	0.112002097570825	NCAM1,NCAM1-AS1
chr11	3253839	3253839	cg02475301	0.0003598559917867	0.112337197041435	AC109309.4
chr11	107779100	107779100	cg12974393	0.0003601510872041	0.112345352622148	SLC35F2
chr11	74022477	74022477	cg19975933	0.0003641881111908	0.112683720266135	P4HA3,RP11-632K5.3
chr11	106698694	106698694	cg04279164	0.000368625366919	0.113131335177686	GUCY1A2
chr11	64146872	64146872	cg14010513	0.0003844583035257	0.115207051617967	
chr11	129613767	129613767	cg01220192	0.0003874119859932	0.115463613017591	
chr11	111848326	111848326	cg27207470	0.0003912005837119	0.115868999726369	DIXDC1
chr11	70332530	70332530	cg20671578	0.0003945980916701	0.116567299490399	SHANK2
chr11	70289559	70289559	cg20500230	0.0003986179730361	0.117295399656493	
chr11	65374663	65374663	cg19811337	0.0004013251588957	0.11763389589031	MAP3K11
chr11	404001	404001	cg08490233	0.0004059676160959	0.118289079640221	PKP3
chr11	369876	369876	cg16004226	0.0004082947227498	0.118468543702778	B4GALNT4
chr11	71294744	71294744	cg01860517	0.0004168035043296	0.119100498385153	AP000867.1,KRTAP5-11
chr11	72533296	72533296	cg13771313	0.0004266825105344	0.120204064353258	ATG16L2
chr11	96124636	96124636	cg10985320	0.0004279937219342	0.12022018408443	JRKL
chr11	87908632	87908632	cg04653522	0.0004371709272676	0.121409982112782	RAB38
chr11	69867047	69867047	cg14111334	0.0004430692309381	0.121752801225555	RP11-626H12.2
chr11	119791729	119791729	cg27004521	0.0004489060510757	0.122710878112357	
chr11	113660696	113660696	cg26945670	0.0004518851043945	0.123042068839142	ATF4P4,RP11-667M19.5
chr11	65375203	65375203	cg07465275	0.0004651374082773	0.124601015522232	MAP3K11
chr11	134126284	134126284	cg20203469	0.0004703357878855	0.125209142278246	ACAD8
chr11	113049176	113049176	cg27255672	0.0004707525930267	0.125239124728431	NCAM1
chr11	115529823	115529823	cg08019736	0.0004725697456757	0.125404218146158	
chr11	63885584	63885584	cg13263274	0.0004852523417201	0.127233895075993	FLRT1,MACROD1
chr11	131779935	131779935	cg25881591	0.0004891258389717	0.127370015151244	NTM
chr11	6518331	6518331	cg21500354	0.000501229537498	0.128496529779253	TIMM10B
chr11	125326448	125326448	cg20461455	0.0005086552056917	0.12916248584486	FEZ1
chr11	61477833	61477833	cg26592208	0.0005146121238429	0.129916466709941	DAGLA
chr11	125106135	125106135	cg07747661	0.0005226558172068	0.131036338728506	PKNOX2
chr11	75031055	75031055	cg01901332	0.0005247652492648	0.131250073454894	ARRB1
chr11	2833259	2833259	cg03155200	0.0005286953258842	0.131964842075678	KCNQ1
chr11	46354101	46354101	cg18765542	0.000538305183089	0.132655017761668	
chr11	2019667	2019667	cg16303279	0.0005402033826596	0.132800427936963	H19
chr11	64028733	64028733	cg12647801	0.0005410301545297	0.132930154208873	PLCB3
chr11	66102146	66102146	cg04808027	0.0005536524026931	0.134763060095385	RIN1,RP11-867G23.12
chr11	2019731	2019731	cg02694715	0.0005684841753446	0.136474020393949	H19
chr11	1058043	1058043	cg26709500	0.0005865966904978	0.13823064139012	
chr11	111385779	111385779	cg09170311	0.0005901037886533	0.138648252851132	C11orf88,RP11-794P6.6
chr11	17939680	17939680	cg12673019	0.0005983483306846	0.139157533073418	SERGEF
chr11	111848400	111848400	cg20321756	0.0006002154760671	0.139279000862254	DIXDC1
chr11	111847892	111847892	cg15925695	0.0006013179967814	0.139341309360137	DIXDC1
chr11	121970726	121970726	cg03891346	0.0006068688147497	0.140048321573603	RP11-166D19.1
chr11	18813556	18813556	cg16426537	0.0006179562865272	0.141160682226244	PTPN5
chr11	316340	316340	cg15013527	0.000622381526106	0.141450133948415	
chr11	113147176	113147176	cg20857767	0.0006286849449312	0.142179105967869	NCAM1
chr11	125334936	125334936	cg19751824	0.0006415972412835	0.143769756931329	FEZ1
chr11	117852823	117852823	cg11106836	0.0006421542218376	0.143817410432545	
chr11	20618199	20618199	cg27142536	0.0006542312451157	0.145083520652411	
chr11	112916106	112916106	cg11994052	0.0006577323959945	0.145408628540625	NCAM1
chr11	68384247	68384247	cg12934554	0.000688918396897	0.148578799574217	
chr11	6291549	6291549	cg21112490	0.0006890918983753	0.148578799574217	CCKBR
chr11	65374955	65374955	cg19044229	0.0006902633696054	0.148615813137289	MAP3K11
chr11	71485831	71485831	cg07138878	0.000694834891279	0.149050774885205	ENPP7P8
chr11	134834677	134834677	cg14403762	0.0006990098323778	0.149496835563961	
chr11	112101297	112101297	cg20666379	0.0007003082036924	0.149534546414027	PTS
chr11	64116166	64116166	cg12797157	0.0007026870152009	0.149708355683869	CCDC88B
chr11	134526976	134526976	cg10836912	0.0007078831939516	0.15019713149659	
chr11	126083901	126083901	cg23240479	0.0007145395124524	0.150624678017846	FAM118B
chr11	68433136	68433136	cg23148948	0.0007206711197688	0.151225801558841	
chr11	117947628	117947628	cg27300950	0.0007268865526207	0.15197389728333	TMPRSS4-AS1
chr11	133703094	133703094	cg06766960	0.000729480453529	0.152081109155572	
chr11	72548914	72548914	cg22627646	0.0007327971036495	0.152430191151419	ATG16L2,FCHSD2
chr11	35052388	35052388	cg08824847	0.0007377218741444	0.152997436169693	
chr11	129151953	129151953	cg14275354	0.000739460848894	0.153243951174406	
chr11	78900897	78900897	cg11172483	0.0007444835013375	0.153788862622729	TENM4
chr11	81455752	81455752	cg03769664	0.0007486234091812	0.154175237088736	
chr11	131907821	131907821	cg06565368	0.0007525245082562	0.154445033734596	NTM
chr11	72408186	72408186	cg16617141	0.0007550853046476	0.154728530301889	ARAP1
chr11	125744082	125744082	cg22125989	0.0007552814329846	0.154728530301889	RP11-680F20.10
chr11	130059792	130059792	cg23250795	0.0007651031609696	0.155571093562969	ST14
chr11	67203434	67203434	cg23456595	0.0007679621906086	0.155866402941488	PTPRCAP
chr11	66489002	66489002	cg01980810	0.0007807535787328	0.156895835336915	SPTBN2
chr11	87908193	87908193	cg01761409	0.0007853955568701	0.1570706377264	RAB38
chr11	70023032	70023032	cg01176141	0.0007890336522524	0.157472871753344	ANO1
chr11	970390	970390	cg12893697	0.0008018343315087	0.15868875215427	AP2A2
chr11	64055169	64055169	cg05171590	0.0008112267043971	0.159453575755067	GPR137
chr11	1104474	1104474	cg09610614	0.0008111245476749	0.159453575755067	
chr11	3254476	3254476	cg15385479	0.0008342855634968	0.162116880279271	
chr11	68830562	68830562	cg23671189	0.0008412746599848	0.162752476677701	TPCN2
chr11	124616209	124616209	cg05425213	0.0008458185760369	0.163068277668652	NRGN,RP11-677M14.2
chr11	57996699	57996699	cg23900936	0.0008603753482606	0.164620979426915	
chr11	1243301	1243301	cg21856695	0.0008627905484389	0.164848933605057	
chr11	783889	783889	cg01741372	0.0008688781539972	0.165339002054058	AP006621.5
chr11	70328867	70328867	cg25193885	0.0008726222684502	0.165579006140333	SHANK2
chr11	134252957	134252957	cg25893434	0.0009085415333272	0.168827049805152	B3GAT1
chr11	124790875	124790875	cg09657963	0.0009217599156495	0.169650235522868	HEPACAM
chr11	64213249	64213249	cg03585017	0.0009330890727783	0.170638868450783	
chr11	69634334	69634334	cg06329574	0.0009336969986453	0.170683538899164	
chr11	127007897	127007897	cg01194765	0.0009380278217584	0.171167333677069	CTD-2234N14.2
chr11	2292905	2292905	cg13762320	0.0009498074864518	0.172188472045831	
chr11	1606665	1606665	cg25145687	0.0009647212089434	0.173523292309043	KRTAP5-AS1
chr11	61106786	61106786	cg27470307	0.0009658460300119	0.173597374509462	DAK,DDB1
chr11	66049756	66049756	cg10336131	0.0009777576395471	0.174564251431959	CNIH2
chr11	65495249	65495249	cg10862939	0.0009793742471088	0.174705057079723	KRT8P26
chr11	1104493	1104493	cg10707733	0.0009860914175836	0.175416339836572	
chr11	1293919	1293919	cg07435163	0.0010064266525488	0.17740929699226	
chr11	68508622	68508622	cg16467919	0.0010112976637377	0.178005009386278	MTL5
chr11	82400576	82400576	cg18484591	0.0010285137017429	0.179281039302299	RP11-179A16.1,RP11-742N3.1
chr11	46408263	46408263	cg26393112	0.0010290604112462	0.179281039302299	
chr11	46354297	46354297	cg26650731	0.0010295642139973	0.179281039302299	
chr11	1031986	1031986	cg04539057	0.0010359111475015	0.179689492177972	MUC6
chr11	88032774	88032774	cg12710531	0.0010379054757268	0.179792948403426	CTSC
chr11	130078237	130078237	cg11951433	0.0010398783829709	0.179852456375984	ST14
chr11	125353772	125353772	cg19792194	0.001044610810324	0.180096903689375	FEZ1
chr11	63439115	63439115	cg15814736	0.0010653573364171	0.181998327106771	ATL3
chr11	66102055	66102055	cg20749584	0.0010665947212682	0.18206078845213	RIN1,RP11-867G23.12
chr11	130275322	130275322	cg24917241	0.0010739203057689	0.182695456124234	ADAMTS8
chr11	122621046	122621046	cg05088257	0.0010753759279268	0.182738220182252	UBASH3B
chr11	2498391	2498391	cg09916212	0.0010852506764162	0.183142649286323	KCNQ1
chr11	63880418	63880418	cg24952936	0.0010844553693105	0.183142649286323	FLRT1,MACROD1
chr11	128838412	128838412	cg03217256	0.0011052728990021	0.184885110679016	ARHGAP32
chr11	91958397	91958397	cg26788672	0.0011133785855773	0.185536351006828	
chr11	66243212	66243212	cg24643187	0.0011153342005657	0.1857868778591	CTD-3074O7.5,PELI3
chr11	126985911	126985911	cg09734336	0.0011255064815511	0.186885082790561	
chr11	2721248	2721248	cg03401726	0.0011335800665168	0.187560745057661	KCNQ1
chr11	106698563	106698563	cg10342490	0.0011337903591718	0.187560745057661	GUCY1A2,RP11-819M15.1
chr11	112916139	112916139	cg25132257	0.0011426026834219	0.188338708378246	NCAM1
chr11	2783881	2783881	cg15910264	0.0011433709153316	0.188353842442177	KCNQ1
chr11	114832019	114832019	cg19569013	0.0011431562585312	0.188353842442177	
chr11	68195974	68195974	cg26469302	0.0011475568439233	0.188782818222853	LRP5
chr11	126935684	126935684	cg12875760	0.0011497282930078	0.188916821999038	
chr11	125830798	125830798	cg07038822	0.001165022809839	0.190195381033122	CDON
chr11	66457622	66457622	cg23149790	0.0011817897467283	0.191361974778719	SPTBN2
chr11	62185223	62185223	cg26697474	0.0011873092157984	0.191624275277902	SCGB1A1
chr11	67287567	67287567	cg07954316	0.0011945055455398	0.192068958649618	CABP2
chr11	63887541	63887541	cg26318627	0.0011917668395081	0.192068958649618	MACROD1
chr11	1301435	1301435	cg22043652	0.0012272703765932	0.194331425804344	TOLLIP
chr11	22454302	22454302	cg23181580	0.0012278924018755	0.194331425804344	
chr11	1095156	1095156	cg05877661	0.0012348273807885	0.194740926637495	MUC2
chr11	113143682	113143682	cg04102296	0.0012358010828	0.194774976020362	NCAM1,NCAM1-AS1
chr11	73567839	73567839	cg18115721	0.0012430807174909	0.195231681010206	MRPL48
chr11	43569076	43569076	cg17312004	0.0012474983391824	0.195557830286399	
chr11	14281012	14281012	cg02886208	0.0012608332379579	0.196564510920962	SPON1
chr11	66083574	66083574	cg22213242	0.0012703571789541	0.197519615749367	CD248,RP11-867G23.13
chr11	72533487	72533487	cg04006327	0.0012845000840491	0.198518489141836	ATG16L2
chr11	125774407	125774407	cg19792599	0.0012879061568113	0.1987224451127	DDX25,RP11-680F20.9
chr11	2721592	2721592	cg09518720	0.0012918631910074	0.19882857745879	KCNQ1
chr11	131939920	131939920	cg10959649	0.0012913783474814	0.19882857745879	NTM
chr11	115829838	115829838	cg26522297	0.0013013517392605	0.199217341673392	
chr11	27743348	27743348	cg02527472	0.0013260249088205	0.201075827224738	BDNF,RP11-587D21.4
chr11	62273418	62273418	cg04638150	0.0013259250400488	0.201075827224738	AHNAK
chr11	87846644	87846644	cg09583036	0.0013341814134332	0.201936675515179	RAB38,RP11-164N3.3
chr11	67432775	67432775	cg21906444	0.0013423406908385	0.202630378075272	ALDH3B2
chr11	11862867	11862867	cg12492653	0.0013455377830382	0.202782765606514	
chr11	118551168	118551168	cg25740070	0.0013489856328493	0.202967042649349	
chr11	17740977	17740977	cg07271264	0.0013542685331532	0.203219098547584	
chr11	19367622	19367622	cg00589305	0.001356340493152	0.203347376727635	
chr11	113112773	113112773	cg15877515	0.0013589195183709	0.203545432680961	NCAM1
chr11	43568923	43568923	cg15736524	0.0013596339300528	0.203560983879705	
chr11	112835124	112835124	cg10490645	0.0013660132425715	0.203881332883532	NCAM1
chr11	65793239	65793239	cg27258593	0.0013918251457274	0.205921076806664	CATSPER1
chr11	93249433	93249433	cg09325293	0.0013953606594429	0.20619989660738	SMCO4
chr11	67347725	67347725	cg09153448	0.0014022614727025	0.206675738227689	
chr11	66757388	66757388	cg18507654	0.0014152893135965	0.207809353478032	
chr11	1244229	1244229	cg22718031	0.0014153819833721	0.207809353478032	
chr11	3686893	3686893	cg10783584	0.0014481227797272	0.210240549007976	CHRNA10
chr11	2721243	2721243	cg12077660	0.0014479224330863	0.210240549007976	KCNQ1
chr11	109920413	109920413	cg05866132	0.0014504980046877	0.210270198493233	RP11-344L21.1
chr11	132946456	132946456	cg08945802	0.0014606467292412	0.211050624025554	OPCML
chr11	64428434	64428434	cg21996761	0.0014640022312149	0.211151484789184	NRXN2
chr11	1375658	1375658	cg26348521	0.0014812807354002	0.212406062724277	
chr11	111847747	111847747	cg24601030	0.0014882209154215	0.212827527336724	DIXDC1
chr11	17801277	17801277	cg10373958	0.0014986759503077	0.213534440390313	KCNC1
chr11	2721633	2721633	cg01873334	0.0015135820572335	0.214131888782105	KCNQ1
chr11	132951951	132951951	cg26283170	0.0015161455631055	0.21434228865015	OPCML
chr11	66083697	66083697	cg06419846	0.0015192577845969	0.21450704645482	CD248,RP11-867G23.13
chr11	65307792	65307792	cg04089426	0.0015413443287479	0.216075626663592	LTBP3
chr11	2817182	2817182	cg14384214	0.0015687717515218	0.217765226513103	KCNQ1
chr11	15960016	15960016	cg07464206	0.0015847744621739	0.21863891343344	
chr11	9450411	9450411	cg10056096	0.0016133663738741	0.220115028778171	IPO7,SNORA23
chr11	44332385	44332385	cg03442378	0.0016186713760695	0.220355270498634	
chr11	134831429	134831429	cg23441673	0.0016225507708481	0.220587908768045	
chr11	3144756	3144756	cg06849723	0.0016237060637034	0.220696685528833	OSBPL5
chr11	118502026	118502026	cg05207067	0.0016346748199901	0.220929435863842	PHLDB1
chr11	62321136	62321136	cg18825531	0.0016378030957022	0.221207321844872	AHNAK
chr11	50227080	50227080	cg24480765	0.0016504146893404	0.221440190953297	
chr11	60970538	60970538	cg23879813	0.0016655434901775	0.222616276410169	
chr11	200083	200083	cg25718632	0.0016751288575532	0.223361387749351	BET1L,ODF3
chr11	125333752	125333752	cg05366909	0.0016815693146895	0.223669034127382	FEZ1
chr11	68200735	68200735	cg24040155	0.0016862507759138	0.223772844428634	LRP5
chr11	65530530	65530530	cg05953285	0.0017016678813299	0.225010793666473	RP11-770G2.2
chr11	73358107	73358107	cg18100436	0.0017332438632151	0.227229576112598	PLEKHB1
chr11	70002284	70002284	cg06098693	0.0017625869220036	0.229125899059959	ANO1
chr11	87908559	87908559	cg17285922	0.0017698659768933	0.229367052525799	RAB38
chr11	72975703	72975703	cg06637774	0.0017868387771511	0.230502064058177	P2RY6
chr11	131779920	131779920	cg11319300	0.00178774273076	0.23050506409541	NTM
chr11	121028592	121028592	cg11310693	0.0017992607915602	0.231346111203453	TECTA
chr11	1704508	1704508	cg20772596	0.0018014937416736	0.231526312762599	FAM99B
chr11	63439066	63439066	cg04640216	0.0018077319659989	0.232078113318637	ATL3
chr11	73073154	73073154	cg01922516	0.0018233816248708	0.233084254245573	ARHGEF17
chr11	75136655	75136655	cg00388897	0.0018238923560793	0.233113869808358	KLHL35
chr11	101454318	101454318	cg03411507	0.0018241762434534	0.233114487562897	TRPC6
chr11	64375765	64375765	cg23389215	0.0018262952497039	0.233273585873478	NRXN2
chr11	131940303	131940303	cg15131519	0.0018373407806918	0.233902273290105	NTM
chr11	14993659	14993659	cg09068492	0.001843506165608	0.234258764768582	CALCA,CALCB
chr11	66102240	66102240	cg12912663	0.0018582695535642	0.235133303550314	RIN1,RP11-867G23.12
chr11	123947230	123947230	cg13945107	0.0018622442315774	0.235351045795725	
chr11	72975669	72975669	cg26343510	0.0018666236746005	0.235583756692212	P2RY6
chr11	1521257	1521257	cg23430209	0.0018694110172709	0.235705443557388	MOB2
chr11	1086413	1086413	cg21655083	0.0018995058013398	0.237797709580892	MUC2
chr11	110035922	110035922	cg04820195	0.0019379504884364	0.240480310654645	ZC3H12C
chr11	2890726	2890726	cg09554951	0.0019730382025143	0.242513178912116	
chr11	63439120	63439120	cg02177646	0.0019920240178766	0.243180633042477	ATL3
chr11	89224684	89224684	cg03793270	0.0019997869904622	0.243813551056119	NOX4
chr11	130589863	130589863	cg01842095	0.0020011176971734	0.243934290844679	
chr11	64863373	64863373	cg12424468	0.0020017053809826	0.24397032841159	VPS51
chr11	108756966	108756966	cg06846884	0.0020046473127896	0.244115195958359	DDX10
chr11	2722062	2722062	cg11666921	0.0020163089615201	0.245070798593716	KCNQ1
chr11	125293105	125293105	cg03042779	0.0020312119841884	0.245916185518757	PKNOX2
chr11	66099717	66099717	cg03517146	0.0020339086128697	0.246047561202457	RIN1
chr11	1043853	1043853	cg08771114	0.0020669821304762	0.24787584413788	
chr11	1365717	1365717	cg15909725	0.0020686550876983	0.247969676457297	
chr11	67789326	67789326	cg02495915	0.0020823990401159	0.248760477010987	ALDH3B1
chr11	64739853	64739853	cg12103742	0.0021100274702504	0.250090301802451	
chr11	63885665	63885665	cg09375205	0.0021179871080851	0.250463775889755	FLRT1,MACROD1
chr11	64146776	64146776	cg19033073	0.0021274269850131	0.250981102976751	
chr11	66102062	66102062	cg07948432	0.0021399769226173	0.251857013490361	RIN1,RP11-867G23.12
chr11	129183190	129183190	cg15199622	0.0021551348934832	0.253150474965906	
chr11	46354574	46354574	cg05214390	0.0021613636840251	0.25337454759736	DGKZ
chr11	123389435	123389435	cg26678144	0.0021620654501045	0.253421252043723	
chr11	130078492	130078492	cg15298666	0.0021727038808101	0.253778010588353	ST14
chr11	130316051	130316051	cg10985970	0.0021951489620659	0.254761096004006	
chr11	1360039	1360039	cg14577593	0.0021940547966207	0.254761096004006	
chr11	68181218	68181218	cg26915558	0.0021946159944606	0.254761096004006	LRP5
chr11	46354635	46354635	cg10503202	0.0022057432529839	0.255114694861809	DGKZ
chr11	58830191	58830191	cg18852692	0.0022130067769382	0.255449540317533	
chr11	39367436	39367436	cg02508204	0.0022310309734621	0.256466942125352	
chr11	46068365	46068365	cg21888923	0.0022345628775564	0.256719036716331	PHF21A
chr11	64374820	64374820	cg10905012	0.0022589487125239	0.258165834776447	NRXN2
chr11	36030086	36030086	cg24656207	0.0022586573372352	0.258165834776447	LDLRAD3
chr11	64479496	64479496	cg27243166	0.0022590986219535	0.258165834776447	NRXN2
chr11	87908898	87908898	cg00027674	0.0022641110102194	0.2585919061656	
chr11	131939329	131939329	cg01877500	0.0022827914617056	0.259807170917021	NTM
chr11	11862880	11862880	cg02501827	0.0023146657530814	0.261369503759752	
chr11	1361518	1361518	cg15017604	0.002327450911029	0.262033959211582	
chr11	1310358	1310358	cg09109553	0.0023506096971186	0.263328178238002	TOLLIP
chr11	65779264	65779264	cg09482611	0.0024220123315673	0.267347532963895	
chr11	111848638	111848638	cg09757109	0.0024299977558008	0.267616503616881	DIXDC1
chr11	111747500	111747500	cg14795109	0.0024292144523896	0.267616503616881	ALG9,FDXACB1
chr11	126098838	126098838	cg25857886	0.0024323362675229	0.267751704732546	FAM118B
chr11	975447	975447	cg01483505	0.0024360541572952	0.267832628613501	AP2A2
chr11	129683974	129683974	cg08524015	0.0024372150411583	0.267832628613501	
chr11	82115128	82115128	cg00322261	0.002467372803927	0.269611391590286	RP11-179A16.1
chr11	63883584	63883584	cg16342949	0.0024689687932493	0.269750501790725	FLRT1,MACROD1
chr11	2292914	2292914	cg11644479	0.0025180121567597	0.271839191059354	
chr11	70213523	70213523	cg18281842	0.0025180238556829	0.271839191059354	PPFIA1
chr11	78640344	78640344	cg10640961	0.0025271814017202	0.272299965984866	TENM4
chr11	118477147	118477147	cg20510012	0.0025680412975463	0.273801620470278	
chr11	2152428	2152428	cg00221747	0.0025911793945192	0.274921817617728	IGF2
chr11	64739485	64739485	cg18953784	0.0025924093266463	0.274921817617728	C11orf85
chr11	63439158	63439158	cg02761940	0.0026009015430512	0.275248455469926	ATL3
chr11	404094	404094	cg06426961	0.0026104535281558	0.275829117838306	PKP3
chr11	404763	404763	cg27193655	0.002639891252268	0.277470890743941	PKP3
chr11	117063093	117063093	cg19106851	0.0026428558848397	0.277577977142202	SIDT2
chr11	123480970	123480970	cg05506209	0.0026468286312162	0.277775354393677	GRAMD1B
chr11	124743496	124743496	cg01815407	0.0026499015418183	0.277923270633394	ROBO3
chr11	61310204	61310204	cg26140293	0.0026543895588304	0.278044893206067	SYT7
chr11	65582811	65582811	cg20077042	0.0026613561095645	0.278365655983216	
chr11	32111051	32111051	cg09473664	0.0026807383567138	0.279565521391236	RCN1
chr11	76751596	76751596	cg16798348	0.0027039766603756	0.281054099624817	B3GNT6
chr11	2292525	2292525	cg10526374	0.0027060204724539	0.281161585342751	
chr11	864740	864740	cg13614606	0.0027162429995662	0.281663205004919	TSPAN4
chr11	66489008	66489008	cg23344241	0.0027210417802898	0.28181255988752	SPTBN2
chr11	134019084	134019084	cg06726804	0.0027295604905548	0.282063813116873	JAM3
chr11	66458830	66458830	cg15762348	0.0027313622997023	0.282180194132023	SPTBN2
chr11	117089445	117089445	cg01940657	0.0027366712430171	0.282511829020241	PCSK7
chr11	122889249	122889249	cg10744928	0.0027540207547557	0.283434438090838	RP11-335F8.2
chr11	2721367	2721367	cg08446215	0.0027655428611843	0.283740115619848	KCNQ1
chr11	129912455	129912455	cg04713042	0.002772388939456	0.283960475467037	
chr11	117855870	117855870	cg26661481	0.002808731993049	0.285547241080856	
chr11	123478355	123478355	cg19888344	0.0028187125681197	0.28595524596968	GRAMD1B
chr11	1483891	1483891	cg02923888	0.0028231770092408	0.286173686691926	BRSK2
chr11	60775831	60775831	cg04046629	0.0028350248893185	0.286930957215187	CD6
chr11	130343533	130343533	cg24321787	0.0028736664016144	0.288324068770389	ADAMTS15
chr11	20690957	20690957	cg17371081	0.0028924839370487	0.288989023137389	
chr11	66443638	66443638	cg12032489	0.0029126756533138	0.290067998800666	RBM4B
chr11	2925970	2925970	cg08827700	0.0029438206363265	0.291857491128725	SLC22A18
chr11	40315404	40315404	cg17579667	0.0029489056771621	0.291925273178049	LRRC4C
chr11	20184162	20184162	cg14934413	0.0029611817763138	0.292571764069354	
chr11	123477787	123477787	cg19614312	0.0029974891616959	0.294625780793343	GRAMD1B
chr11	82443437	82443437	cg13806741	0.003004598807694	0.295185666750396	FAM181B
chr11	66188523	66188523	cg14699728	0.0030154774783903	0.295880767501962	NPAS4
chr11	61511043	61511043	cg21314288	0.0030162773410385	0.295880767501962	DAGLA
chr11	26354058	26354058	cg07802401	0.0030182432771487	0.295899772257352	ANO3
chr11	131780095	131780095	cg05806689	0.0030280322495821	0.296164314771388	NTM
chr11	125552187	125552187	cg07665222	0.0030378031780409	0.296721585679356	
chr11	89224507	89224507	cg12161228	0.0030446938784689	0.29713295607852	NOX4
chr11	2372120	2372120	cg03520597	0.0030480971264478	0.297222025085704	CD81-AS1
chr11	130067806	130067806	cg14830082	0.003122771880642	0.301233537762066	ST14
chr11	66791038	66791038	cg03078043	0.0031259653475573	0.30136759102716	SYT12
chr11	2926602	2926602	cg02025860	0.0031415520555573	0.302034131231847	SLC22A18
chr11	430124	430124	cg08088566	0.0031439421399136	0.302089661972421	ANO9
chr11	67231879	67231879	cg07303548	0.0031594604150801	0.30266791568883	TMEM134
chr11	117947460	117947460	cg13159318	0.0031610018666986	0.30266791568883	TMPRSS4-AS1
chr11	60382924	60382924	cg01872872	0.0031887608785145	0.304150648654213	
chr11	94135029	94135029	cg26738987	0.0032001355245416	0.304338571684709	
chr11	63439207	63439207	cg27042081	0.0032195418804139	0.305344565143839	ATL3
chr11	64952355	64952355	cg26234550	0.0032353269197627	0.306070874775314	CAPN1
chr11	115830067	115830067	cg02022519	0.0032372427588242	0.306159677619162	
chr11	126582183	126582183	cg03950493	0.0032460291561859	0.306667434626435	KIRREL3
chr11	132205464	132205464	cg26122374	0.0032466440074788	0.306667434626435	NTM
chr11	76091882	76091882	cg04358923	0.0032558964460064	0.307123137782156	PRKRIR
chr11	123396300	123396300	cg26393964	0.003279822475569	0.30803070886492	
chr11	1360203	1360203	cg15956558	0.0032958022364128	0.308683093063295	
chr11	123308631	123308631	cg08288886	0.0033166487968946	0.309672758696442	
chr11	2926144	2926144	cg21991825	0.0033211529319016	0.309896917811172	SLC22A18
chr11	63439156	63439156	cg01350440	0.0033275858070991	0.310056454784311	ATL3
chr11	1037641	1037641	cg05852477	0.0033303546905044	0.310258918169455	
chr11	125106057	125106057	cg03252786	0.003334553164031	0.31051232483072	PKNOX2
chr11	1325718	1325718	cg06174078	0.0033416223892355	0.31082334503789	TOLLIP
chr11	62284060	62284060	cg16672189	0.0033514261339561	0.311172966143106	AHNAK
chr11	130286886	130286886	cg01100703	0.0033770125237235	0.312306925716041	ADAMTS8
chr11	3845298	3845298	cg09588815	0.0033875759803534	0.312694899904841	PGAP2
chr11	66339200	66339200	cg13115444	0.0033882984975892	0.312694899904841	
chr11	1693962	1693962	cg26066887	0.003395239974971	0.312821207294451	
chr11	64428252	64428252	cg03586390	0.0034007474462218	0.312942938658313	NRXN2
chr11	719613	719613	cg17649115	0.003405397494061	0.31316386241785	AP006621.9,EPS8L2
chr11	27971710	27971710	cg10830279	0.0034163204555479	0.313699029301587	
chr11	124539453	124539453	cg18743034	0.0034324710029273	0.314304179721522	SIAE
chr11	63883947	63883947	cg24431193	0.0034660098323172	0.315510403376688	FLRT1,MACROD1
chr11	504784	504784	cg14468692	0.0034767789893163	0.316005959245035	RNH1
chr11	131941028	131941028	cg12682458	0.0034962926468935	0.316974364911474	NTM
chr11	20690930	20690930	cg12071328	0.0035080926030801	0.317504805006014	
chr11	2721620	2721620	cg27323091	0.0035118624104189	0.317708311592089	KCNQ1
chr11	133735025	133735025	cg14354618	0.0035344435930567	0.318706437771416	RP11-259P6.3
chr11	63828763	63828763	cg01566127	0.0035521498788885	0.319106513478557	MACROD1,RP11-21A7A.2
chr11	20618309	20618309	cg15861196	0.0035587005406913	0.319181814900704	
chr11	986710	986710	cg19857714	0.00357034252471	0.319615283242135	AP2A2
chr11	67326226	67326226	cg18734472	0.0035868731306941	0.320463143769201	
chr11	71259582	71259582	cg16299665	0.0036180801985014	0.321632213267497	KRTAP5-9
chr11	72975429	72975429	cg22881680	0.0036290208853807	0.322054952937468	
chr11	27494793	27494793	cg14346046	0.0036340107825549	0.32209635262239	RP11-159H22.2
chr11	123364821	123364821	cg25143794	0.0036501731210198	0.322672986327915	
chr11	2927247	2927247	cg14168614	0.0036593238177827	0.323003378587955	SLC22A18
chr11	404606	404606	cg24169417	0.0036701374947418	0.323350653822407	PKP3
chr11	1074750	1074750	cg11024522	0.0036793613945665	0.323617883929003	
chr11	34642463	34642463	cg13084525	0.0037551422221425	0.326255660809168	
chr11	15136381	15136381	cg23463269	0.0038172282025817	0.329286781547244	INSC
chr11	86224410	86224410	cg27309871	0.0038313679373656	0.329681013736307	ME3,RP11-317J19.1
chr11	105480789	105480789	cg11308643	0.0038373971450009	0.329932572160836	GRIA4
chr11	113143807	113143807	cg20213962	0.0038471088696303	0.330261507024823	NCAM1,NCAM1-AS1
chr11	68579970	68579970	cg18262591	0.0038592957577555	0.330542407501857	CPT1A
chr11	73008026	73008026	cg24191821	0.0038623035420293	0.330542407501857	P2RY6
chr11	131544295	131544295	cg06136054	0.0038716187063184	0.330883243225889	NTM
chr11	35971736	35971736	cg01311805	0.0038807230416025	0.331203728448315	LDLRAD3
chr11	70458995	70458995	cg09845015	0.003879812287348	0.331203728448315	SHANK2
chr11	64937697	64937697	cg15957004	0.0038856978580729	0.331353974083502	SPDYC
chr11	1368452	1368452	cg10300521	0.0039083819062801	0.332299804399076	
chr11	116689653	116689653	cg05895868	0.0039559806657903	0.33431309548243	
chr11	64867915	64867915	cg03075214	0.0039592520008191	0.334424285230768	VPS51
chr11	129563013	129563013	cg14518464	0.0039746098015237	0.335133679714743	
chr11	1368590	1368590	cg20073451	0.0039814065548856	0.335413828094097	
chr11	61449886	61449886	cg06849167	0.0040161187696944	0.336438146922855	DAGLA
chr11	2349510	2349510	cg21193639	0.0040570620563553	0.338190525223269	
chr11	65409861	65409861	cg21033440	0.0040627543316308	0.33830934380301	SIPA1
chr11	64863151	64863151	cg13626866	0.0040662586519365	0.338499925770088	VPS51
chr11	119296807	119296807	cg15735446	0.0040747970541217	0.338680393945728	USP2-AS1
chr11	48922036	48922036	cg04936639	0.0040871530322597	0.338695175270233	RP11-56P9.10
chr11	88242254	88242254	cg08292023	0.0041012929216824	0.339118427512374	GRM5,GRM5-AS1
chr11	134281742	134281742	cg05446629	0.0041110324080521	0.339360875894799	B3GAT1
chr11	109941266	109941266	cg24736010	0.0041110575055069	0.339360875894799	
chr11	43604759	43604759	cg17592231	0.0041352087096857	0.340347845654124	HSD17B12
chr11	1215458	1215458	cg23618269	0.0041518943170915	0.340898182262196	MUC5AC
chr11	22688475	22688475	cg13663300	0.0041857664772818	0.342007089709785	GAS2
chr11	125175317	125175317	cg21324936	0.004218440354698	0.343266646489924	PKNOX2
chr11	488555	488555	cg21075020	0.0042251527076924	0.343659477541048	PTDSS2
chr11	71230734	71230734	cg04665565	0.0042407024123542	0.344202256132245	NADSYN1
chr11	57519288	57519288	cg22585255	0.0042465673334673	0.344381316340935	RP11-691N7.6,TMX2-CTNND1
chr11	123279157	123279157	cg23040424	0.0042744198290934	0.345545973746332	
chr11	10462925	10462925	cg06814191	0.0042856896794277	0.345975428127398	AMPD3
chr11	1009739	1009739	cg02989715	0.004292756512819	0.346294535338179	AP2A2
chr11	95888212	95888212	cg03705784	0.004329345202918	0.347852497791908	MAML2
chr11	131942943	131942943	cg13908476	0.0043430305055153	0.348298644947402	NTM
chr11	7273379	7273379	cg22723056	0.00444331019575	0.352314672024934	SYT9
chr11	1300211	1300211	cg27309155	0.0044435036097062	0.352314672024934	TOLLIP
chr11	77528440	77528440	cg12099188	0.0044545888703337	0.352724902650824	RSF1
chr11	64815744	64815744	cg17160439	0.0044584335595577	0.352804788000763	NAALADL1
chr11	130188056	130188056	cg20859933	0.0044657893091985	0.352920674656181	RP11-121M22.1
chr11	129734478	129734478	cg14319842	0.0044678638086222	0.35293969373655	NFRKB
chr11	43426019	43426019	cg14324341	0.0044821808265742	0.353402295971557	TTC17
chr11	2890618	2890618	cg26457809	0.0044837463606859	0.353459010315341	
chr11	134288552	134288552	cg04765483	0.0044864691272681	0.353599896102555	
chr11	1370978	1370978	cg05695991	0.0044908827680996	0.353694433539484	
chr11	120009124	120009124	cg13907859	0.0045145896307211	0.354219103801451	TRIM29
chr11	109920664	109920664	cg08318582	0.0045398975124936	0.354904767415483	RP11-344L21.1
chr11	2292374	2292374	cg27252164	0.0045444493483976	0.355061244853003	
chr11	77446160	77446160	cg17989243	0.0045649700664997	0.355932173262291	RSF1
chr11	129564450	129564450	cg25111926	0.0045727220983156	0.356204135598499	
chr11	2925474	2925474	cg06048910	0.0046090032441247	0.357769516996299	SLC22A18
chr11	75162152	75162152	cg05064990	0.0046260517573029	0.358308731128835	GDPD5
chr11	65409761	65409761	cg24147428	0.0046315535389745	0.358365319298952	SIPA1
chr11	1029337	1029337	cg11247615	0.0046594452154581	0.35890546825069	MUC6
chr11	95976376	95976376	cg00303293	0.0046858858919255	0.359732208990647	MAML2
chr11	20620287	20620287	cg03573068	0.0047059467966839	0.360260735164553	
chr11	75140568	75140568	cg11719952	0.0047696754054004	0.362158046001726	KLHL35
chr11	128813452	128813452	cg08432383	0.0047728986629491	0.362336695002534	
chr11	12030464	12030464	cg12778215	0.0047733294650095	0.362336695002534	DKK3
chr11	44286478	44286478	cg09328083	0.0048013633331641	0.363450516759175	ALX4
chr11	882636	882636	cg01694939	0.0048234526829868	0.364090264895406	CHID1
chr11	1074715	1074715	cg11247695	0.0048309991100013	0.364297801996593	
chr11	60534912	60534912	cg06968712	0.0048439534876824	0.364813631519949	MS4A15
chr11	102339611	102339611	cg08547848	0.0048437224978365	0.364813631519949	RP11-315O6.2,TMEM123
chr11	123478350	123478350	cg10734246	0.0048548322800366	0.365213803605596	GRAMD1B
chr11	132031665	132031665	cg02516944	0.0049028686492602	0.366606605353308	NTM
chr11	93822184	93822184	cg19970121	0.0049294381896247	0.367507764232003	HEPHL1
chr11	95976629	95976629	cg01699906	0.00497154004363	0.369196843488969	MAML2
chr11	91957993	91957993	cg07603330	0.004979899402612	0.369363831484371	
chr11	66062537	66062537	cg12607413	0.0050068964455838	0.370257316184724	TMEM151A
chr11	61488196	61488196	cg07607813	0.0050325624994292	0.371122163259025	DAGLA
chr11	46355137	46355137	cg04854089	0.0050347291653819	0.371183641496939	DGKZ
chr11	70001938	70001938	cg22082706	0.0050344246538066	0.371183641496939	ANO1
chr11	111169474	111169474	cg21645554	0.0050712835108996	0.372327933432614	COLCA1
chr11	125753056	125753056	cg08935613	0.0050836234995494	0.372775909535923	
chr11	625148	625148	cg07336987	0.0050874440322163	0.37281394706579	CDHR5
chr11	504551	504551	cg15661311	0.0050891531696935	0.37281394706579	RNH1
chr11	126462780	126462780	cg23083049	0.0050873980772757	0.37281394706579	KIRREL3,KIRREL3-AS1
chr11	64479015	64479015	cg10940462	0.0050979812186367	0.372983093583592	NRXN2
chr11	77927255	77927255	cg13319772	0.0051045790115097	0.373190484185546	GAB2
chr11	2722073	2722073	cg26094482	0.0051076561191889	0.373265954239465	KCNQ1
chr11	122850140	122850140	cg16808373	0.0051175719002012	0.373720579025718	BSX
chr11	107876834	107876834	cg26223417	0.0051356481717882	0.374260826920661	
chr11	66243374	66243374	cg06217827	0.0051570374879603	0.375028609255979	CTD-3074O7.5,PELI3
chr11	118942663	118942663	cg01985660	0.0051674682978004	0.375501797304	VPS11
chr11	44626709	44626709	cg22697239	0.0051816103065705	0.376069615701324	CD82,RP11-58K22.5
chr11	70001897	70001897	cg09538651	0.0052154351599279	0.376672881134532	ANO1
chr11	62272973	62272973	cg04208124	0.0053387524264982	0.380505838885331	AHNAK
chr11	2482930	2482930	cg27639104	0.0053425845124805	0.380599484006897	KCNQ1
chr11	123452158	123452158	cg18771577	0.0053535976864856	0.380876879045331	GRAMD1B
chr11	129161193	129161193	cg14933200	0.0054089963711373	0.382893459770542	
chr11	65495336	65495336	cg19465798	0.0054348922665763	0.383654528671537	KRT8P26
chr11	1495117	1495117	cg00435469	0.0054695842259606	0.384834865391338	MOB2
chr11	119652442	119652442	cg20121258	0.0055069924584273	0.385805028389415	
chr11	12187607	12187607	cg10562786	0.0055175084513015	0.385951285822833	MICAL2
chr11	295634	295634	cg24934413	0.0055167858087964	0.385951285822833	ATHL1
chr11	43544041	43544041	cg03409062	0.0055269680310536	0.386334649148477	CTBP2P6
chr11	3254453	3254453	cg11633280	0.0055481591296671	0.387207949081631	
chr11	72353604	72353604	cg12389545	0.0055505294161284	0.387207949081631	PDE2A
chr11	3187678	3187678	cg12348511	0.0055568888389543	0.387291508002177	OSBPL5
chr11	2890711	2890711	cg02646491	0.0055676066979699	0.387586156475827	
chr11	802050	802050	cg11465766	0.0055992601617667	0.388301208565146	PIDD
chr11	131847139	131847139	cg13778222	0.005602700373471	0.388321144237402	NTM
chr11	91957660	91957660	cg13481638	0.0056188954077429	0.388898485326667	
chr11	111782365	111782365	cg14276286	0.005668322361759	0.390111148841004	CRYAB
chr11	6497919	6497919	cg17999156	0.0056897666884485	0.390821341652538	ARFIP2
chr11	1056740	1056740	cg06814414	0.0057234095444757	0.391688373461742	
chr11	66469143	66469143	cg15964523	0.005734290452807	0.392035121754909	SPTBN2
chr11	1077643	1077643	cg19289112	0.0057440904673102	0.392448174534951	MUC2
chr11	68438018	68438018	cg24388239	0.0058084814492421	0.39427434751134	
chr11	134479414	134479414	cg06603561	0.0058133272197396	0.394397107549348	
chr11	1317035	1317035	cg18403285	0.0058420007963159	0.394842683917609	TOLLIP
chr11	35547520	35547520	cg27635267	0.0058359086887576	0.394842683917609	PAMR1
chr11	134104882	134104882	cg16451134	0.0058462898707914	0.395004735888267	VPS26B
chr11	2470676	2470676	cg13298691	0.0058542396104272	0.395254146958786	KCNQ1
chr11	3187362	3187362	cg01309081	0.0058557555076345	0.395260657840553	OSBPL5
chr11	316248	316248	cg08000731	0.0058548461202445	0.395260657840553	
chr11	1891050	1891050	cg03286387	0.0058793426990983	0.395925032480177	LSP1
chr11	13983794	13983794	cg11028624	0.0058872929087166	0.396149013052923	
chr11	57519283	57519283	cg24670445	0.0058907907864463	0.39615307216526	RP11-691N7.6,TMX2-CTNND1
chr11	2721337	2721337	cg16739686	0.0059098166401613	0.39684809383472	KCNQ1
chr11	15582690	15582690	cg22115204	0.0059119969613155	0.396940085963832	RP11-531H8.1
chr11	116451177	116451177	cg05133179	0.0059314219844454	0.397541375869234	
chr11	129686365	129686365	cg05067286	0.0059414809497508	0.397904280631932	TMEM45B
chr11	69933927	69933927	cg25490527	0.0059421965795369	0.397904280631932	ANO1
chr11	316089	316089	cg25050332	0.0059519511942982	0.398125843724782	
chr11	458052	458052	cg02652569	0.0059661361746748	0.398588854829084	PTDSS2
chr11	134257745	134257745	cg05822345	0.0059861769324387	0.399292984604476	B3GAT1
chr11	131940560	131940560	cg19747968	0.0059876395014299	0.399308707244863	NTM
chr11	130076291	130076291	cg15382564	0.0060473670875059	0.401124776052579	ST14
chr11	8615685	8615685	cg00450824	0.0060713841931471	0.402019380070237	STK33
chr11	105480980	105480980	cg03243226	0.0061062949036616	0.403133448777307	GRIA4
chr11	102150686	102150686	cg21616785	0.0061184583175761	0.403473695466891	
chr11	128813443	128813443	cg03996398	0.0061460723187393	0.404506743226643	
chr11	60620344	60620344	cg04096519	0.0061455985828582	0.404506743226643	PTGDR2
chr11	70917533	70917533	cg07110405	0.0061815395504255	0.405198481575025	SHANK2
chr11	12030839	12030839	cg19867649	0.0061913151340666	0.405491595864342	DKK3
chr11	118484557	118484557	cg01859549	0.0061948124460984	0.405502280038503	PHLDB1
chr11	115044192	115044192	cg03736247	0.0062204425862176	0.406349390445649	CADM1
chr11	66639476	66639476	cg15264725	0.0062489100495381	0.407162343280026	PC
chr11	17793351	17793351	cg16176929	0.0062696670970499	0.407620583822168	KCNC1
chr11	12164374	12164374	cg14792845	0.0062783461660132	0.407899140619626	MICAL2
chr11	130076149	130076149	cg04103418	0.0062932837041118	0.408456653021425	ST14
chr11	70391346	70391346	cg16944941	0.0063031419358773	0.408778890733764	SHANK2
chr11	27842648	27842648	cg24789562	0.006340878091316	0.409527461157937	RP11-587D21.4
chr11	32815896	32815896	cg14653576	0.0063977057741042	0.411073751278803	CCDC73
chr11	113062877	113062877	cg13463897	0.0065007251269004	0.413692142314266	NCAM1
chr11	47575279	47575279	cg19460817	0.0065363528103669	0.414587832900448	CELF1
chr11	1023824	1023824	cg10920905	0.0066009370096422	0.41667305073998	MUC6
chr11	71301401	71301401	cg03740169	0.0066385721962511	0.41810599882932	AP000867.1,KRTAP5-11
chr11	2925996	2925996	cg22272492	0.0066477175673391	0.418308355678027	SLC22A18
chr11	47236123	47236123	cg04848972	0.0066600250453017	0.41845581592245	
chr11	92703433	92703433	cg00528572	0.0066804033965565	0.419060997746868	MTNR1B
chr11	130059701	130059701	cg04823219	0.006715732905705	0.420014026308983	ST14
chr11	44981189	44981189	cg11122453	0.0067175212812573	0.420014026308983	
chr11	1825259	1825259	cg07401435	0.0067396679103565	0.420474412125828	AC139143.2
chr11	358439	358439	cg11062778	0.0067414333367914	0.420474412125828	
chr11	45672101	45672101	cg09039751	0.0068627106260193	0.423111196287956	CHST1
chr11	76849102	76849102	cg10321236	0.0068663631362514	0.423111196287956	MYO7A
chr11	381710	381710	cg21918561	0.0068745799796976	0.423295155595189	B4GALNT4
chr11	72354023	72354023	cg21657876	0.0068759839370485	0.423347892402855	PDE2A
chr11	57995829	57995829	cg12095324	0.0069120819230727	0.42441554754906	OR10Q1
chr11	102826091	102826091	cg13041032	0.0069196409555432	0.424679569797135	MMP13
chr11	63912699	63912699	cg20996312	0.0069426016070491	0.425320392702192	MACROD1
chr11	31846844	31846844	cg08364561	0.0069582539685152	0.425686155305343	RCN1
chr11	15963028	15963028	cg03662997	0.0070082580533603	0.427281717689915	
chr11	44009776	44009776	cg22626675	0.007017423847133	0.427320520045167	RP11-613D13.4
chr11	65392935	65392935	cg17703996	0.0070620330154518	0.428769443146309	PCNXL3
chr11	110035766	110035766	cg01195135	0.0070888070501583	0.429649031618633	ZC3H12C
chr11	63396727	63396727	cg10620898	0.0071009359230444	0.429963266869054	ATL3
chr11	19207883	19207883	cg08691358	0.0071189966900056	0.430549378859182	CSRP3
chr11	131780335	131780335	cg23699196	0.0071233381946026	0.430549378859182	NTM
chr11	1502134	1502134	cg24810144	0.0071380038849583	0.431011200426019	MOB2
chr11	131780354	131780354	cg06874656	0.0071579336207015	0.431738202918423	NTM
chr11	125322170	125322170	cg25121437	0.0071891021071847	0.432679321591305	FEZ1
chr11	63602806	63602806	cg01397775	0.0071897448537644	0.432684383204246	
chr11	120197138	120197138	cg26878709	0.0072112538574948	0.433388056111576	TMEM136
chr11	49913868	49913868	cg19839801	0.0072709406223211	0.43484784875651	RP11-163O19.8
chr11	125315788	125315788	cg05017302	0.0072849852673745	0.435296752554516	FEZ1
chr11	64863232	64863232	cg13853761	0.0073056114800792	0.435860440262799	VPS51
chr11	70508033	70508033	cg03578926	0.007361761399365	0.437280735414643	SHANK2
chr11	68845933	68845933	cg06837675	0.0073648176078859	0.437280735414643	TPCN2
chr11	46355283	46355283	cg10059056	0.007358145382038	0.437280735414643	DGKZ
chr11	131826037	131826037	cg03115562	0.0073702332933378	0.437404182096393	NTM
chr11	130078650	130078650	cg25034478	0.0073852848347318	0.437688087206421	ST14
chr11	48185069	48185069	cg02299195	0.0073976081581592	0.437957904678656	PTPRJ
chr11	121971093	121971093	cg24150623	0.0074297107345855	0.43863191458944	RP11-166D19.1
chr11	1024491	1024491	cg05335686	0.0074445187657271	0.438942712892892	MUC6
chr11	102300651	102300651	cg16100721	0.0074645858544048	0.43938281732931	TMEM123
chr11	118842390	118842390	cg03922251	0.0075272190579778	0.441096321261604	
chr11	115529574	115529574	cg06717905	0.0075459574192854	0.441620893455105	
chr11	3187512	3187512	cg25487804	0.0075987326544871	0.443029644177529	OSBPL5
chr11	67442067	67442067	cg20420868	0.0076134727280395	0.443347613046494	ALDH3B2
chr11	134257618	134257618	cg21638242	0.007614090146359	0.443347613046494	B3GAT1
chr11	71050337	71050337	cg16845701	0.0076672356371403	0.444144601840403	
chr11	17409645	17409645	cg11839944	0.0076913076177696	0.444552578003644	KCNJ11
chr11	75275303	75275303	cg26104986	0.0077093012605182	0.444973729173723	SERPINH1
chr11	67237619	67237619	cg06416309	0.0077262401965134	0.445233551884372	
chr11	46407117	46407117	cg12528649	0.0077352445362654	0.445416669127078	CHRM4
chr11	108368744	108368744	cg26501269	0.0077401785574142	0.445628941874782	KDELC2
chr11	110916892	110916892	cg26059977	0.0077655212163794	0.446187118826038	
chr11	3601042	3601042	cg04776718	0.0078023008378368	0.447036975528397	RP13-726E6.2
chr11	120435057	120435057	cg07976064	0.0078189584697807	0.447228382072579	GRIK4
chr11	44587403	44587403	cg13638198	0.007812244238192	0.447228382072579	CD82
chr11	12696759	12696759	cg04940570	0.0078471756030902	0.448195986034829	TEAD1
chr11	8290295	8290295	cg16096796	0.0078496145666228	0.448262655501149	
chr11	2925768	2925768	cg02390725	0.0078582539151035	0.448400718028971	SLC22A18
chr11	3253897	3253897	cg16405908	0.0078744586003147	0.448547238852753	AC109309.4
chr11	3114933	3114933	cg17704864	0.0078727709627398	0.448547238852753	OSBPL5
chr11	64933490	64933490	cg03845683	0.0079593483259415	0.450887443621984	
chr11	67183080	67183080	cg13899320	0.0079689823515096	0.45111341484787	CARNS1,PPP1CA
chr11	68427021	68427021	cg14879279	0.0079817692104102	0.451469957998	
chr11	69832232	69832232	cg17362434	0.0079931372592232	0.451593334558794	RP11-626H12.1
chr11	93895726	93895726	cg21618529	0.007990459933157	0.451593334558794	PANX1
chr11	20690934	20690934	cg10824063	0.0080121165791788	0.451985426359404	
chr11	129122129	129122129	cg14095795	0.0080404340951448	0.452551515415547	ARHGAP32
chr11	49070231	49070231	cg19304273	0.0080824823794694	0.453508298926125	
chr11	131903651	131903651	cg04956701	0.0080932672591869	0.453843394198564	NTM
chr11	69468790	69468790	cg04717045	0.0082092439603085	0.456218038546196	CCND1,ORAOV1
chr11	72533664	72533664	cg00979931	0.0082126588085568	0.456332686815675	ATG16L2
chr11	68436786	68436786	cg27353309	0.0082209390462683	0.456558884113642	
chr11	78369307	78369307	cg12986485	0.0082587970025092	0.457687693191867	TENM4
chr11	123305127	123305127	cg16981685	0.0082699354819958	0.457940413849718	AP000783.1
chr11	416605	416605	cg03935432	0.0082839467029989	0.458302084583855	SIGIRR
chr11	134254878	134254878	cg12383453	0.0083087894405657	0.458589100263289	B3GAT1
chr11	91957990	91957990	cg18854419	0.0083102609640434	0.458589100263289	
chr11	1086421	1086421	cg03688995	0.0083196576334188	0.458717290994629	MUC2
chr11	1706895	1706895	cg01291856	0.0083484272121345	0.459228284461402	
chr11	92702913	92702913	cg07609862	0.0084270192776378	0.461553252007762	MTNR1B
chr11	67203662	67203662	cg02423817	0.0084309581627336	0.461563879955137	PTPRCAP
chr11	72380071	72380071	cg23149454	0.0084393213765242	0.461779632907094	PDE2A
chr11	88242488	88242488	cg20090108	0.0084469498678657	0.461894501467464	GRM5,GRM5-AS1
chr11	12030088	12030088	cg13024368	0.0084941064531646	0.462948241547183	DKK3
chr11	70332725	70332725	cg13536703	0.0084981674626962	0.462997987737715	SHANK2
chr11	69634296	69634296	cg04495670	0.0085393127270625	0.46353867419693	
chr11	119293780	119293780	cg12508624	0.0085674392921756	0.464349317541161	THY1,USP2-AS1
chr11	20622989	20622989	cg17424999	0.0085857589350064	0.464799415758673	SLC6A5
chr11	134373655	134373655	cg25181381	0.0086006327526637	0.465320749627526	RP11-627G23.1
chr11	1298153	1298153	cg23041020	0.008632947451931	0.466205950268891	TOLLIP
chr11	315752	315752	cg16379091	0.0086432614077686	0.466531859073056	
chr11	64979111	64979111	cg04962005	0.0086448294642278	0.466546015172159	CAPN1
chr11	2925471	2925471	cg06495763	0.0086736832896655	0.467167601832435	SLC22A18
chr11	129044165	129044165	cg22001073	0.0086852075210352	0.467517014477563	ARHGAP32
chr11	118931714	118931714	cg05400556	0.0086884362262087	0.467570297238476	
chr11	61448976	61448976	cg08533095	0.0087029056296307	0.467763487743267	DAGLA
chr11	2926423	2926423	cg09731124	0.0087186729996032	0.468042318124639	SLC22A18
chr11	1464792	1464792	cg01182863	0.0087383494286863	0.468512673919313	BRSK2
chr11	117430319	117430319	cg05092988	0.008778097698211	0.469491938443267	DSCAML1
chr11	1242710	1242710	cg18849025	0.008790313078379	0.469724237033061	
chr11	96648654	96648654	cg19193943	0.0088203832363505	0.470578542960986	
chr11	61062911	61062911	cg06282270	0.0088238805589619	0.470584805800705	
chr11	74302893	74302893	cg01173485	0.0088680130290015	0.4713590115392	POLD3
chr11	12030914	12030914	cg22082397	0.0089182003877128	0.472627845631237	DKK3
chr11	69682826	69682826	cg02486268	0.0089403245433206	0.473045244209478	
chr11	62306861	62306861	cg22365167	0.0089578358882941	0.473436871906103	AHNAK,RP11-864I4.3
chr11	74154543	74154543	cg07814661	0.0089865009209305	0.474052110401707	RP11-702H23.4
chr11	46354006	46354006	cg24878090	0.009049877625706	0.475460156202341	
chr11	72411401	72411401	cg27058763	0.0090947419709827	0.476150554170287	ARAP1
chr11	35808321	35808321	cg20908326	0.0091358109679681	0.476938472247438	TRIM44
chr11	1278968	1278968	cg18280699	0.009144417506118	0.477139826967884	MUC5B
chr11	2596301	2596301	cg06047778	0.0091475127983727	0.477241715989746	KCNQ1
chr11	48922271	48922271	cg11886777	0.0091612663481684	0.477571526635561	RP11-56P9.10
chr11	67895842	67895842	cg20596329	0.0091794067254205	0.478241797558636	CTD-2655K5.1
chr11	118489199	118489199	cg19350020	0.0091883422843333	0.478463910144602	PHLDB1
chr11	113660757	113660757	cg18517222	0.0091904376277612	0.478485091381235	ATF4P4
chr11	67183149	67183149	cg23125542	0.0091924566231705	0.478496212308025	CARNS1,PPP1CA
chr11	128737429	128737429	cg13267718	0.0092117118473879	0.478954645857538	
chr11	66639327	66639327	cg25135654	0.009247991365619	0.479885604273402	PC
chr11	117801492	117801492	cg13763876	0.0092524913319212	0.479990728057651	
chr11	1314229	1314229	cg26080154	0.0092540826747809	0.480013664101984	TOLLIP
chr11	126025976	126025976	cg03464765	0.0092798473952	0.480395565341626	
chr11	2481496	2481496	cg25976755	0.0092922913318497	0.480682307204945	KCNQ1
chr11	100561626	100561626	cg13186010	0.0093597113614908	0.482100805791884	ARHGAP42
chr11	64198292	64198292	cg23578404	0.0093942273189172	0.482786419705514	AP003774.5
chr11	131926464	131926464	cg25724515	0.0094387504082688	0.483972912076922	NTM
chr11	115545869	115545869	cg13297120	0.0094611686650931	0.484468205984645	AP000797.3
chr11	70289583	70289583	cg04704198	0.0094794113173785	0.484748637967911	
chr11	131780493	131780493	cg15617814	0.0095022707813142	0.485175108591747	NTM
chr11	68860000	68860000	cg26331164	0.0095173903895621	0.485554966513748	
chr11	63439313	63439313	cg15622309	0.0095443609515733	0.486313570329958	ATL3
chr11	23427225	23427225	cg19160040	0.0095522308864721	0.486447532586916	RP11-787P24.1
chr11	68199657	68199657	cg20155447	0.0096403806168468	0.488494681391354	LRP5
chr11	78497992	78497992	cg12643458	0.0097144129045839	0.490583942571259	TENM4
chr11	68179006	68179006	cg25890936	0.0097412254974345	0.49119131458284	LRP5
chr11	1221813	1221813	cg00375146	0.0097582730282529	0.491451905997055	MUC5AC
chr11	130357030	130357030	cg15537990	0.009790693099162	0.49193374576082	
chr11	19463903	19463903	cg19323289	0.009798535300366	0.492067229905916	NAV2
chr11	58059667	58059667	cg13366801	0.0098025881953265	0.492185983630517	OR10Q2P
chr11	8752313	8752313	cg09641642	0.0098276149640398	0.492770176662114	ST5
chr11	131970573	131970573	cg02401624	0.009859361102658	0.492937197670595	NTM
chr11	92273179	92273179	cg12804693	0.0098844786863827	0.493558666955069	FAT3
chr11	72408395	72408395	cg27090029	0.0098878543164871	0.493697711540322	ARAP1
chr11	48922269	48922269	cg18557707	0.0099242757039183	0.49428251470744	RP11-56P9.10
chr11	133703707	133703707	cg14349672	0.0099666110978451	0.49499892242095	
chr11	116891433	116891433	cg22657772	0.009981119100377	0.495334603894636	SIK3
chr11	66311349	66311349	cg07977202	0.0100347975143051	0.496619028609336	ZDHHC24
chr11	2560783	2560783	cg07549149	0.0100502344714557	0.49681665017799	KCNQ1
chr11	2930794	2930794	cg19497444	0.0100623752969375	0.497174948390622	SLC22A18
chr11	121970695	121970695	cg02101355	0.0100782598912458	0.497348551417151	RP11-166D19.1
chr11	66046771	66046771	cg02518775	0.0100933247818042	0.497474841953797	CNIH2
chr11	1025254	1025254	cg21340815	0.0101822493635748	0.499067275460214	MUC6
chr11	46354567	46354567	cg07276415	0.0101868004707344	0.499133951479343	DGKZ
chr11	2721410	2721410	cg02219360	0.0101921132532514	0.499200911567961	KCNQ1
chr11	49071438	49071438	cg11940136	0.0102009850356109	0.499352602041122	
chr11	2890577	2890577	cg10300188	0.0102300546558828	0.499673839566357	
chr11	126703883	126703883	cg08336938	0.0102424281634908	0.499813892364689	KIRREL3
chr12	5603817	5603817	cg01472951	1.03568019557133e-05	0.054171566000017	NTF3
chr12	132069077	132069077	cg06242599	5.5129989193287e-06	0.054171566000017	
chr12	130527104	130527104	cg10233825	4.34838917994945e-06	0.054171566000017	RP11-474D1.3,RP11-474D1.4
chr12	132325334	132325334	cg10423427	6.74010906392558e-06	0.054171566000017	MMP17
chr12	72865218	72865218	cg11911115	2.00938545455775e-05	0.054171566000017	TRHDE
chr12	14133887	14133887	cg16135716	1.65251520866949e-05	0.054171566000017	
chr12	54785321	54785321	cg17655624	1.58755080290054e-05	0.054171566000017	RP11-753H16.3,RP11-753H16.5
chr12	22094751	22094751	cg07780543	2.77658950647863e-05	0.0543206248802127	
chr12	131402929	131402929	cg21658267	2.49640086280348e-05	0.0543206248802127	
chr12	72340377	72340377	cg14847514	2.93681987650482e-05	0.0543707177967035	TPH2
chr12	132334123	132334123	cg25007393	3.27036458420801e-05	0.0543707177967035	MMP17
chr12	1748816	1748816	cg02935351	3.86057443965237e-05	0.0551012872280427	WNT5B
chr12	126168547	126168547	cg24328125	3.78056959125475e-05	0.0551012872280427	
chr12	130527106	130527106	cg02681173	4.22552161026488e-05	0.0556883318141202	RP11-474D1.3,RP11-474D1.4
chr12	131496453	131496453	cg10443500	4.09987697683701e-05	0.0556883318141202	GPR133
chr12	132323459	132323459	cg20363838	4.7236798969257e-05	0.0567859866937736	MMP17
chr12	54785287	54785287	cg07000334	4.78210104922856e-05	0.0569877729229424	RP11-753H16.3,RP11-753H16.5
chr12	133281505	133281505	cg26271840	4.95770529492598e-05	0.0574970328465066	PXMP2,RP13-672B3.2
chr12	24716590	24716590	cg06141624	5.35843783405312e-05	0.0578403073828547	
chr12	131443446	131443446	cg25819846	5.46254638506882e-05	0.0578403073828547	GPR133
chr12	132169032	132169032	cg18196334	5.89258376450955e-05	0.0589438365507034	
chr12	22094372	22094372	cg23658477	5.77797870584521e-05	0.0589438365507034	
chr12	3475513	3475513	cg20537640	6.00346556988122e-05	0.0592724387001107	
chr12	132323377	132323377	cg05188358	6.7772352926362e-05	0.0604479451349575	MMP17
chr12	132317390	132317390	cg10632507	7.22009198265004e-05	0.0615974473485097	MMP17
chr12	128245397	128245397	cg25499769	7.31571327814329e-05	0.0617932928616347	
chr12	132325126	132325126	cg12406879	7.32804670638354e-05	0.0618231149441761	MMP17
chr12	49319398	49319398	cg13203223	7.69609201103717e-05	0.0624289211758408	AC073610.5,CCDC65,FKBP11,RP11-302B13.5
chr12	113907122	113907122	cg18911395	8.19314853036375e-05	0.0635500766982738	LHX5
chr12	133485692	133485692	cg02012576	8.3429036302354e-05	0.0636548161113578	CHFR
chr12	130934884	130934884	cg02398319	8.74654008624073e-05	0.0643983805620442	RIMBP2
chr12	130645566	130645566	cg22813950	8.92460104540921e-05	0.0648293884670233	FZD10-AS1
chr12	54785044	54785044	cg03946762	9.01918311273758e-05	0.0650638261970643	RP11-753H16.3,RP11-753H16.5,ZNF385A
chr12	7781170	7781170	cg14906510	9.07741091923024e-05	0.0652244226631007	
chr12	119592095	119592095	cg26829101	9.13068740270218e-05	0.06524840768473	SRRM4
chr12	108634275	108634275	cg26132493	9.71353800988248e-05	0.0668405033069816	WSCD2
chr12	22094010	22094010	cg27555582	9.73959436814983e-05	0.0668410046677928	ABCC9
chr12	130670761	130670761	cg07684152	0.0001009102019108	0.0679820637186055	
chr12	120663812	120663812	cg01015899	0.0001028558372227	0.0684646152701841	PXN
chr12	133195094	133195094	cg00058329	0.0001070063847764	0.0692733812010263	
chr12	3475063	3475063	cg03709792	0.0001140270693896	0.0706481018961496	
chr12	52638006	52638006	cg22193385	0.0001208530760937	0.0720326998113761	KRT7
chr12	54785310	54785310	cg11856711	0.0001238388018118	0.0723600376393548	RP11-753H16.3,RP11-753H16.5
chr12	54784748	54784748	cg15872458	0.0001252070393258	0.0723600376393548	RP11-753H16.3,RP11-753H16.5,ZNF385A
chr12	103218581	103218581	cg02469871	0.0001285569961831	0.0734215378161806	
chr12	11306137	11306137	cg21158075	0.000141665729946	0.0758900042544719	PRR4,TAS2R14
chr12	131443260	131443260	cg19026802	0.0001421412175621	0.0759487815647982	GPR133
chr12	22095111	22095111	cg18556676	0.000148791090422	0.0768751019801336	
chr12	54785172	54785172	cg18886436	0.0001670820595813	0.0803529648348973	RP11-753H16.3,RP11-753H16.5
chr12	132334767	132334767	cg23512657	0.0001791067235922	0.0828483410925963	MMP17
chr12	132401607	132401607	cg27597145	0.0001803773983678	0.083000634890553	ULK1
chr12	132290929	132290929	cg19473428	0.0002117793771777	0.0889020027288945	
chr12	1772231	1772231	cg24894584	0.0002166457760536	0.0896867383479219	
chr12	6729719	6729719	cg25136495	0.0002192029430107	0.090294102226171	LPAR5
chr12	131648373	131648373	cg17962527	0.0002254632751928	0.0914301738111425	
chr12	130823571	130823571	cg02382037	0.0002450870713869	0.0945241769034029	PIWIL1
chr12	49319453	49319453	cg15147435	0.0002490649117309	0.0952230441978473	AC073610.5,CCDC65,FKBP11,RP11-302B13.5
chr12	49319428	49319428	cg05999245	0.0002637315038759	0.0977004174363219	AC073610.5,CCDC65,FKBP11,RP11-302B13.5
chr12	3131391	3131391	cg01521688	0.0002752848348912	0.0996677297102878	TEAD4
chr12	54785004	54785004	cg18563999	0.0002766686859501	0.0998452538018211	RP11-753H16.3,RP11-753H16.5,ZNF385A
chr12	6729600	6729600	cg09832244	0.0002865155219469	0.101249591205701	LPAR5
chr12	106648541	106648541	cg24322798	0.0002872658120731	0.101334721496529	CKAP4
chr12	131529339	131529339	cg01427750	0.0003209163493419	0.106264343297877	GPR133
chr12	132617255	132617255	cg06213250	0.0003360100172551	0.10879613649398	
chr12	1772324	1772324	cg03371962	0.0003458659716237	0.11013939893978	
chr12	8757907	8757907	cg02926127	0.0003609049888361	0.112412618994782	AICDA
chr12	6325049	6325049	cg07778290	0.000363861046937	0.112683720266135	CD9
chr12	85306575	85306575	cg24418420	0.0003671470985549	0.112842214977277	SLC6A15
chr12	130766091	130766091	cg14604444	0.0003762921451095	0.114098278812469	
chr12	125028166	125028166	cg02798899	0.0003875679703583	0.115463613017591	NCOR2
chr12	130647290	130647290	cg27232145	0.0004002356234434	0.117480469997646	FZD10
chr12	111758092	111758092	cg01252513	0.000415814437963	0.119014535593508	CUX2
chr12	132869453	132869453	cg16640517	0.000414102059406	0.119014535593508	GALNT9
chr12	31902503	31902503	cg08543028	0.0004179788367309	0.119117526892275	
chr12	132826673	132826673	cg04907218	0.0004185685056828	0.119133077897586	GALNT9
chr12	54764266	54764266	cg26199857	0.0004275416436805	0.12022018408443	RP11-753H16.3,RP11-753H16.5,ZNF385A
chr12	1749159	1749159	cg25283799	0.0004327765674484	0.12083231693037	WNT5B
chr12	49318740	49318740	cg22021756	0.0004391377746934	0.12167306115978	AC073610.5,CCDC65,FKBP11,RP11-302B13.5
chr12	132666163	132666163	cg07695447	0.0004574429163682	0.123788765409211	
chr12	131588854	131588854	cg13821287	0.0004764689895652	0.125978163096799	GPR133
chr12	56105981	56105981	cg09295050	0.0004785410906764	0.126346645095686	ITGA7
chr12	53902893	53902893	cg08730245	0.0005064427868733	0.128984492878509	ATF7,RP11-793H13.10
chr12	106633524	106633524	cg16477426	0.0005486120612275	0.134010608039446	CKAP4
chr12	132068116	132068116	cg02517528	0.0005711864376484	0.136791404241595	
chr12	56040026	56040026	cg27494226	0.0005747794209747	0.137076589693109	OR10AE3P,RP11-644F5.16
chr12	132329240	132329240	cg25772039	0.0005944284274314	0.139017372098849	MMP17
chr12	106633938	106633938	cg15978688	0.0005952206232414	0.139075443059706	CKAP4
chr12	132330383	132330383	cg19693869	0.0006178962738974	0.141160682226244	MMP17
chr12	6337309	6337309	cg01909705	0.0006188442719343	0.141286257125681	CD9
chr12	54785056	54785056	cg20967139	0.0006197054080964	0.141297440809317	RP11-753H16.3,RP11-753H16.5,ZNF385A
chr12	106974623	106974623	cg10790429	0.0006246773411313	0.141688625894716	RP11-144F15.1
chr12	132900938	132900938	cg10653000	0.0006284662473402	0.142179105967869	GALNT9
chr12	66889731	66889731	cg09596707	0.0006401903679869	0.143647163165919	GRIP1
chr12	89632031	89632031	cg20009923	0.0006405367557498	0.143664453111509	RP11-13A1.3
chr12	54091605	54091605	cg10151957	0.0006412443082286	0.143729225313183	
chr12	97346526	97346526	cg14315341	0.0006871938838518	0.148528823681463	NEDD1
chr12	8717487	8717487	cg14108567	0.0007022810989866	0.149667533053566	RP11-561P12.5
chr12	132252746	132252746	cg05763306	0.0007096368784622	0.150345472408948	SFSWAP
chr12	127940324	127940324	cg04569082	0.0007263786731233	0.15197389728333	
chr12	85306742	85306742	cg17222500	0.0007290811717733	0.152081109155572	SLC6A15
chr12	131455620	131455620	cg14499928	0.0007312368656331	0.152257294464462	GPR133
chr12	130953802	130953802	cg15780870	0.0007454139000898	0.153904941021675	RIMBP2
chr12	8758007	8758007	cg17070108	0.0007700565322	0.155947928613357	AICDA
chr12	5541312	5541312	cg03854198	0.0007739234986498	0.156245099663563	NTF3
chr12	132075216	132075216	cg21539678	0.0007757623321133	0.156458638924887	
chr12	127650901	127650901	cg25097398	0.0007786707907629	0.156666987755983	
chr12	10545084	10545084	cg26986871	0.0007936958206016	0.15784463083698	KLRC4-KLRK1,RP11-277P12.20
chr12	129417624	129417624	cg22169384	0.0008206710231377	0.16066011196878	GLT1D1
chr12	3131072	3131072	cg06921666	0.0009135107309148	0.169094419084268	TEAD4
chr12	13349570	13349570	cg23473081	0.0009241516617897	0.169897066530803	
chr12	49176429	49176429	cg15056189	0.0009598302506695	0.173403381449575	ADCY6
chr12	54764371	54764371	cg14557202	0.0009621260988412	0.173407383122267	RP11-753H16.3,RP11-753H16.5,ZNF385A
chr12	49319264	49319264	cg23699916	0.0009621504609135	0.173407383122267	AC073610.5,CCDC65,FKBP11,RP11-302B13.5
chr12	21926477	21926477	cg03352106	0.0010284318782592	0.179281039302299	KCNJ8
chr12	130898844	130898844	cg03255846	0.0010632850655299	0.181830235073091	RIMBP2
chr12	124941317	124941317	cg00813509	0.0010746868724601	0.182695456124234	NCOR2
chr12	131580534	131580534	cg11705311	0.001189440689995	0.19183989766945	GPR133
chr12	117484587	117484587	cg12888231	0.0011899622188861	0.191867110333876	TESC
chr12	129341085	129341085	cg03904128	0.0012025538813569	0.192892136344981	GLT1D1
chr12	69004868	69004868	cg00236302	0.0012388748231	0.194943839595114	RAP1B
chr12	131483706	131483706	cg21170820	0.0012625232014076	0.196767300165738	GPR133
chr12	85673221	85673221	cg13916459	0.0012751515830861	0.197777289002785	
chr12	21680427	21680427	cg08347047	0.0013020410558171	0.199217341673392	C12orf39
chr12	132270830	132270830	cg06297571	0.0013136626380025	0.2001458348639	SFSWAP
chr12	132323322	132323322	cg15284433	0.001362881633681	0.203779466950898	MMP17
chr12	131485357	131485357	cg17393321	0.0013829102892702	0.205419386743397	GPR133
chr12	49318847	49318847	cg01612057	0.0013872571701104	0.205693747111082	AC073610.5,CCDC65,FKBP11,RP11-302B13.5
chr12	129460560	129460560	cg04797820	0.0014022917690454	0.206675738227689	GLT1D1
chr12	108169569	108169569	cg01295392	0.0014031416478223	0.206691597761944	ASCL4
chr12	113515440	113515440	cg00329618	0.001421971967283	0.208509462909793	DTX1
chr12	54784181	54784181	cg17465423	0.0014247849234242	0.208568710455449	RP11-753H16.3,RP11-753H16.5,ZNF385A
chr12	131917579	131917579	cg04878869	0.0014283082704534	0.208835981307259	
chr12	133464856	133464856	cg26832509	0.0014654836066363	0.211255720864577	CHFR,RP11-46H11.12
chr12	28369461	28369461	cg08237545	0.0014679414154394	0.211458039533549	CCDC91
chr12	54430684	54430684	cg21476000	0.0014846512753331	0.212770470832069	HOXC4
chr12	71833031	71833031	cg27166993	0.0015389986016561	0.215964961844434	TSPAN8
chr12	24103358	24103358	cg02083559	0.0015451594098945	0.216393293693415	SOX5
chr12	130645423	130645423	cg23381749	0.0015659687895784	0.217629281587967	FZD10-AS1
chr12	131625604	131625604	cg02482279	0.0015984436803103	0.219444795296192	GPR133
chr12	1772504	1772504	cg01917080	0.0016048143417754	0.219845879951839	
chr12	56090830	56090830	cg02608656	0.0016112635211154	0.220079733925489	ITGA7
chr12	29195033	29195033	cg21591938	0.0016355955868906	0.220946640977234	
chr12	130822606	130822606	cg26677194	0.0016437392689422	0.221213516790188	PIWIL1
chr12	77871942	77871942	cg25828427	0.0017047082458162	0.225199330290617	RP1-34H18.1
chr12	133249005	133249005	cg15843572	0.0017159353279241	0.226093307334042	POLE
chr12	132094100	132094100	cg16871449	0.0017485147064231	0.228400709379548	
chr12	105630772	105630772	cg16453673	0.0017719111980737	0.229525282242151	C12orf75
chr12	103358882	103358882	cg03239178	0.0017875079648397	0.23050506409541	
chr12	49318749	49318749	cg19190217	0.0018124111578051	0.2323217981495	AC073610.5,CCDC65,FKBP11,RP11-302B13.5
chr12	57389042	57389042	cg24167841	0.0018368763742671	0.233902273290105	GPR182
chr12	132886849	132886849	cg25370039	0.0018529341714344	0.234849496362904	GALNT9
chr12	20704493	20704493	cg06026769	0.0019039850449477	0.238059744009026	PDE3A
chr12	40019884	40019884	cg22941086	0.0019243003223932	0.239532395660868	
chr12	2335273	2335273	cg23427362	0.0019835306533412	0.242996031090237	CACNA1C
chr12	6654584	6654584	cg01702347	0.0020090256051339	0.244577055648956	IFFO1
chr12	6166943	6166943	cg06730678	0.0020292187290145	0.245783192773624	VWF
chr12	17142030	17142030	cg20584932	0.002041311650998	0.246493263749444	
chr12	11091150	11091150	cg04875183	0.00205431750242	0.247179849962884	PRR4,TAS2R14
chr12	120720140	120720140	cg10990685	0.0020559050961351	0.247257365934181	NME2P1
chr12	49362976	49362976	cg19784221	0.0021039093261414	0.249616694988793	WNT10B
chr12	95400187	95400187	cg15087459	0.0021602578991375	0.253344734951069	
chr12	125243098	125243098	cg05760765	0.0022162118911463	0.255575649344687	
chr12	52281674	52281674	cg12053065	0.0022208919037949	0.255935350150471	
chr12	85305088	85305088	cg26665224	0.002246093839335	0.257383867618743	SLC6A15
chr12	124763659	124763659	cg25024515	0.002306129507122	0.260970012311373	FAM101A
chr12	117401814	117401814	cg00098297	0.0023638654713458	0.26382254565933	FBXW8
chr12	121175418	121175418	cg01225086	0.0023814031259624	0.265000966424375	ACADS
chr12	132852325	132852325	cg14262433	0.0023976627325251	0.265854142224639	GALNT9,RP13-895J2.2
chr12	132328596	132328596	cg21236379	0.0024206147999467	0.267309801772545	MMP17
chr12	132069244	132069244	cg15469394	0.0024436711157217	0.268176978196943	
chr12	132429633	132429633	cg07222124	0.0024634557559353	0.269289045885732	
chr12	132939185	132939185	cg06336984	0.0024796462182165	0.270210276532271	
chr12	132905819	132905819	cg02228111	0.0024808066975816	0.270230983724813	GALNT9
chr12	132956918	132956918	cg21725878	0.0024858701965378	0.270429089444664	
chr12	131265920	131265920	cg11254317	0.0025094983938525	0.271620848829512	
chr12	128245740	128245740	cg13509575	0.002569633127781	0.273801620470278	
chr12	51608176	51608176	cg06349909	0.0025864140487497	0.274637430903358	POU6F1
chr12	25150608	25150608	cg16484526	0.0026542080336691	0.278044893206067	
chr12	131484552	131484552	cg14242771	0.0026642022255568	0.278479137884426	GPR133
chr12	130822604	130822604	cg24838063	0.0027074396636349	0.281239082512983	PIWIL1
chr12	298484	298484	cg02925805	0.0027139902290417	0.281569408047136	
chr12	123950174	123950174	cg21843517	0.0027217317119103	0.28181255988752	SNRNP35
chr12	132301886	132301886	cg21446514	0.0027577495950798	0.283483790364321	
chr12	106632051	106632051	cg21731908	0.0027683270635721	0.283740115619848	CKAP4
chr12	3085619	3085619	cg13858685	0.0028015198570492	0.285405918171836	TEAD4
chr12	106979482	106979482	cg10040329	0.0028108700199952	0.285590821221536	RFX4,RP11-144F15.1
chr12	16666688	16666688	cg16263775	0.0028522913790079	0.287408869603379	MGST1,RP11-424M22.1
chr12	71833017	71833017	cg13435381	0.0028776053315006	0.288507506508779	TSPAN8
chr12	131483301	131483301	cg16634951	0.0028835701889558	0.28874698014937	GPR133
chr12	131515294	131515294	cg23054637	0.0028873264012981	0.288853409293388	GPR133,RP11-76C10.2
chr12	133657811	133657811	cg12412364	0.0028903269321174	0.288950666421393	ZNF140
chr12	124971861	124971861	cg02859042	0.002907134265673	0.289746704743223	NCOR2
chr12	109577383	109577383	cg23921871	0.0029146367946876	0.290099703722709	ACACB
chr12	34478696	34478696	cg21858359	0.0029406739560576	0.291718627878835	
chr12	132670413	132670413	cg16385865	0.0029604837612839	0.292571764069354	
chr12	132615577	132615577	cg06698053	0.0029856676980717	0.293911988240673	
chr12	106633441	106633441	cg05675511	0.0030210326162922	0.295945432034218	CKAP4
chr12	7781005	7781005	cg16874583	0.0030506814591918	0.297369891865921	
chr12	132900465	132900465	cg07385694	0.0030814568566737	0.299078533773318	GALNT9
chr12	132603531	132603531	cg05134918	0.0031463191026933	0.302174267933615	EP400NL
chr12	54772805	54772805	cg17970299	0.0031520274406302	0.30237911073838	RP11-753H16.3,RP11-753H16.5,ZNF385A
chr12	52294252	52294252	cg09770068	0.0031796537299997	0.303669835948875	
chr12	131159420	131159420	cg20532558	0.0031903187006573	0.304150648654213	RIMBP2,RP11-662M24.2
chr12	132407478	132407478	cg10524161	0.0031914713401337	0.304207231776916	ULK1
chr12	6341482	6341482	cg08284733	0.0032225685466972	0.305370002049322	CD9
chr12	131647827	131647827	cg16379671	0.003308155568553	0.309329208632685	
chr12	15844458	15844458	cg26796443	0.0033382395059163	0.310647041218149	EPS8
chr12	149496	149496	cg11244648	0.0033861892809811	0.312694899904841	
chr12	113913695	113913695	cg26469608	0.0034332919607775	0.3143104480485	RP11-82C23.2
chr12	6151627	6151627	cg14120112	0.0035940374346233	0.320751620094511	VWF
chr12	3600667	3600667	cg23739862	0.0035988819597179	0.320949137786858	PRMT8
chr12	110236627	110236627	cg03409937	0.0036122452657475	0.321438998346895	TRPV4
chr12	13080301	13080301	cg23431550	0.0036268657556533	0.32200970918941	
chr12	89742886	89742886	cg20722088	0.003673676360963	0.323515703991958	DUSP6
chr12	42853989	42853989	cg07225862	0.0037511442440984	0.326010026193244	PRICKLE1,RP11-328C8.4
chr12	132892134	132892134	cg04404310	0.0037608004038309	0.326493307577378	GALNT9
chr12	111128248	111128248	cg07414574	0.00377979698682	0.327546071376329	HVCN1
chr12	21815474	21815474	cg23928292	0.0038035843037349	0.328550866937053	LDHB,RP11-59N23.3
chr12	132615613	132615613	cg05059749	0.003805245057197	0.328606329388733	
chr12	133220467	133220467	cg22138822	0.0038137346887736	0.329171855127917	POLE
chr12	132658927	132658927	cg03146412	0.0038202533261957	0.329388682430048	
chr12	106636634	106636634	cg09289766	0.0038246935663569	0.329488456564081	CKAP4
chr12	131271324	131271324	cg26645761	0.0038266740776032	0.329525349964944	
chr12	123595647	123595647	cg02279212	0.0038276316508574	0.329537664918419	PITPNM2
chr12	30354246	30354246	cg16242629	0.003839903679996	0.329932572160836	RP11-776A13.1
chr12	132429673	132429673	cg05559557	0.003916793747964	0.33260044882131	
chr12	132935105	132935105	cg19887547	0.0039202290112457	0.332755621355738	
chr12	131615269	131615269	cg23918130	0.0039218016498626	0.332755621355738	GPR133
chr12	8025594	8025594	cg11207307	0.0040307492336435	0.337021630498024	SLC2A14
chr12	13687295	13687295	cg01918001	0.0040388116134238	0.337351165228122	RP11-4N23.1
chr12	3373667	3373667	cg09313745	0.0040575835962335	0.338190525223269	TSPAN9
chr12	120688060	120688060	cg07419011	0.0040637336846043	0.338357167651017	PXN
chr12	5603979	5603979	cg14374760	0.0040819802417179	0.338695175270233	NTF3
chr12	105136339	105136339	cg26537335	0.0040931436402537	0.338761289353088	CHST11
chr12	4140741	4140741	cg12743460	0.00412386805239	0.339907629581347	
chr12	130926979	130926979	cg15712577	0.0041242649800407	0.339907629581347	RIMBP2
chr12	108634212	108634212	cg06837568	0.0041267176923821	0.340042677604656	WSCD2
chr12	110236507	110236507	cg09160789	0.0041413490392551	0.340538218784104	TRPV4
chr12	6243110	6243110	cg05818676	0.0041562676377866	0.340997635204121	
chr12	105150870	105150870	cg11304240	0.004222025384309	0.34349145241447	CHST11
chr12	132827524	132827524	cg17128068	0.004278707774848	0.345679035658209	GALNT9
chr12	133553759	133553759	cg05557027	0.0042845833200707	0.345919542516745	
chr12	122110594	122110594	cg14192160	0.0043279373412892	0.347806284612043	
chr12	125197502	125197502	cg04471192	0.0043793933523675	0.349754430434097	
chr12	131494244	131494244	cg23821003	0.0044059868649961	0.35077164503567	GPR133
chr12	75603184	75603184	cg21500166	0.0044273466292558	0.351711751809397	KCNC2
chr12	49319500	49319500	cg11067907	0.0044455517798667	0.352343299103836	AC073610.5,CCDC65,FKBP11,RP11-302B13.5
chr12	131497013	131497013	cg25130831	0.0045372620536145	0.354798347915026	GPR133
chr12	132687172	132687172	cg19601865	0.0045512213255141	0.355291277785256	GALNT9
chr12	108524345	108524345	cg03626024	0.0045629952044019	0.355877841086929	WSCD2
chr12	131624344	131624344	cg02074074	0.0045806585879783	0.356669876534503	GPR133
chr12	132699924	132699924	cg05229598	0.0045829232912639	0.356699428073825	GALNT9
chr12	130526931	130526931	cg13822303	0.0045857792016226	0.356799842426187	RP11-474D1.3,RP11-474D1.4
chr12	15931215	15931215	cg13333107	0.0046154398535222	0.357842747863515	EPS8
chr12	127545260	127545260	cg21604611	0.0046334641242985	0.358365319298952	
chr12	133381504	133381504	cg16300310	0.0046513661965138	0.358700395894829	GOLGA3
chr12	25150626	25150626	cg21368143	0.0047280563265291	0.360900523183292	
chr12	3709927	3709927	cg27526518	0.0047322291426951	0.360943276287763	
chr12	58120238	58120238	cg14845962	0.0047528335558388	0.361568094940754	AGAP2,AGAP2-AS1
chr12	124585444	124585444	cg00020446	0.0047943725401584	0.363178204845499	FAM101A
chr12	551046	551046	cg01752665	0.0047947219061837	0.363178204845499	CCDC77
chr12	133179978	133179978	cg27537570	0.0048146473191589	0.36386515390821	LRCOL1
chr12	132839125	132839125	cg14058027	0.0048400917296149	0.364740929576765	GALNT9
chr12	131372011	131372011	cg10606269	0.0048495030886381	0.365067026508783	
chr12	3103878	3103878	cg19263974	0.0048627263694317	0.365279741586596	TEAD4
chr12	132616264	132616264	cg00248776	0.0048909985224822	0.366210719702439	
chr12	132615908	132615908	cg00642330	0.0049500138871244	0.36837136707796	
chr12	131503042	131503042	cg20642462	0.0049741166280245	0.369261186523019	GPR133
chr12	131943760	131943760	cg14751084	0.0049909405762109	0.369651741547267	
chr12	133526768	133526768	cg01589157	0.0050104822867589	0.370454447480418	CHFR,ZNF605
chr12	132663884	132663884	cg12613382	0.0050558520531929	0.371887589423617	
chr12	3104038	3104038	cg14232889	0.0050604897238163	0.371987980096098	TEAD4
chr12	110302106	110302106	cg01252219	0.0050859077886756	0.37281394706579	GLTP
chr12	79198356	79198356	cg21640261	0.0050940371039444	0.372905024630745	RP11-123M21.1
chr12	15092434	15092434	cg13435792	0.0050977490658326	0.372983093583592	
chr12	13080422	13080422	cg05740763	0.0051764569475804	0.375860716742989	
chr12	120663824	120663824	cg11696165	0.0051848301887191	0.376171547183524	PXN
chr12	130571303	130571303	cg04075738	0.0051919355749881	0.376200290585568	
chr12	133380384	133380384	cg19724698	0.0052018651668928	0.376527416335497	GOLGA3
chr12	131979066	131979066	cg26387355	0.0052931735344623	0.378933888780356	
chr12	125441308	125441308	cg04243901	0.0053782227632757	0.381732363027352	DHX37
chr12	122079102	122079102	cg23896972	0.0053793814761723	0.381732363027352	ORAI1
chr12	132672381	132672381	cg09655546	0.0054063505116255	0.382804259391309	RP13-977J11.2
chr12	133312126	133312126	cg13492291	0.0054567114009579	0.384522424921336	ANKLE2
chr12	129417180	129417180	cg02612335	0.0054692721888833	0.384834865391338	GLT1D1
chr12	49318785	49318785	cg15620146	0.0054814154043071	0.385048422513191	AC073610.5,CCDC65,FKBP11,RP11-302B13.5
chr12	132906443	132906443	cg13063344	0.0055112695293291	0.38590813810193	RP13-895J2.7
chr12	131518518	131518518	cg04471935	0.005519158351564	0.386014851706252	GPR133,RP11-76C10.2
chr12	111128030	111128030	cg27288127	0.0055207531416846	0.38606174744531	HVCN1
chr12	133000179	133000179	cg09698465	0.0055970162866658	0.388268508417956	
chr12	131401973	131401973	cg22775108	0.005597394277147	0.388268508417956	
chr12	56135694	56135694	cg00344358	0.0056035721959536	0.388342336122663	
chr12	88178374	88178374	cg09443347	0.0056228327079026	0.388954849314439	
chr12	133130027	133130027	cg20137441	0.0056358734816744	0.389178060897478	FBRSL1
chr12	132637989	132637989	cg13031551	0.0057255144957544	0.391688373461742	
chr12	133133513	133133513	cg24906420	0.0057515656341742	0.392669858620684	FBRSL1
chr12	6280998	6280998	cg19815634	0.0057940755557243	0.394031773306742	
chr12	132653213	132653213	cg06937459	0.0058132363899721	0.394397107549348	
chr12	11176574	11176574	cg13217184	0.0058171146936973	0.394469223973758	PRR4,TAS2R14
chr12	133180046	133180046	cg10036920	0.0058382244818619	0.394842683917609	LRCOL1
chr12	3112666	3112666	cg18553305	0.0058810740946411	0.395989871212374	TEAD4
chr12	112204137	112204137	cg22158248	0.0058870927251567	0.396149013052923	RP11-162P23.2
chr12	131715749	131715749	cg27562357	0.0058994855408475	0.396546253154165	
chr12	132069571	132069571	cg02136201	0.0059321161186309	0.397556002445664	
chr12	133163426	133163426	cg00220429	0.0059358759613293	0.397648471958266	
chr12	132902607	132902607	cg01635736	0.0059465998523107	0.397990888111864	GALNT9
chr12	48596817	48596817	cg00796672	0.0059551255324114	0.39823167872128	OR10AD1
chr12	89749080	89749080	cg01093028	0.0059614646743557	0.3984775778464	
chr12	3478619	3478619	cg05921271	0.0060126813178435	0.400130458313729	RP11-476M19.2
chr12	131512557	131512557	cg12156833	0.0060281825883101	0.400627561793954	GPR133
chr12	123464150	123464150	cg07644039	0.006042752218644	0.400981657947223	ABCB9,OGFOD2,RP11-197N18.2
chr12	7073264	7073264	cg02624246	0.0061806945362414	0.4051862231166	EMG1,MIR141,U47924.27
chr12	75057894	75057894	cg17312092	0.0061902878052184	0.405491595864342	RP11-361A23.2
chr12	31271783	31271783	cg04797224	0.0062051468215504	0.405794451299972	RP11-551L14.1
chr12	16762832	16762832	cg05355757	0.0063087683773036	0.408889834310006	LMO3
chr12	132301999	132301999	cg02925268	0.0063122460217104	0.408937678889202	
chr12	2955295	2955295	cg16601359	0.0063124437309232	0.408937678889202	ITFG2
chr12	2214720	2214720	cg03541742	0.0063215261987264	0.409204043288692	CACNA1C
chr12	124929992	124929992	cg03048372	0.0063992197936851	0.411084422941395	NCOR2
chr12	132315626	132315626	cg26356412	0.0064092433324481	0.411127638762229	MMP17
chr12	56097788	56097788	cg15103179	0.0064320358282357	0.411745506432019	ITGA7
chr12	2861590	2861590	cg00666903	0.006467536523527	0.412807545105332	RP11-885B4.1
chr12	15091493	15091493	cg10857427	0.006634171884069	0.417983484336049	ERP27
chr12	132076333	132076333	cg19821475	0.0066347061343733	0.417983484336049	
chr12	132849424	132849424	cg19325331	0.0067154549377476	0.420014026308983	GALNT9
chr12	132643447	132643447	cg17855279	0.0067396551334831	0.420474412125828	
chr12	132936807	132936807	cg18053948	0.0067435946720513	0.420474412125828	
chr12	37960373	37960373	cg01856048	0.0067919642881755	0.42170168921706	
chr12	5602394	5602394	cg19345244	0.0068412735122748	0.422802546352232	NTF3
chr12	13080282	13080282	cg15883853	0.0068612717671955	0.423111196287956	
chr12	132847641	132847641	cg11113216	0.0069036328079744	0.424239764111285	GALNT9
chr12	131170584	131170584	cg02013918	0.0069072891050185	0.424320127235156	RIMBP2,RP11-662M24.2
chr12	107372431	107372431	cg00093956	0.0069110500420208	0.424414578975454	C12orf23,MTERFD3
chr12	14818847	14818847	cg09625351	0.0069306041095778	0.424951714764699	GUCY2C,RP11-174G6.1
chr12	129417819	129417819	cg04873833	0.0069450073246221	0.425385717919235	GLT1D1
chr12	247460	247460	cg04080080	0.0069580490878536	0.425686155305343	IQSEC3,RP11-598F7.4
chr12	109825146	109825146	cg00020778	0.0070141883722115	0.427320520045167	MYO1H
chr12	133565916	133565916	cg07919753	0.0071270815869542	0.430672502982767	ZNF26
chr12	213777	213777	cg11916478	0.0072013615677053	0.433087456516219	IQSEC3
chr12	133340908	133340908	cg10967904	0.0072142946997721	0.433477250990968	
chr12	120720062	120720062	cg12901799	0.0072430116144309	0.43431575444923	NME2P1
chr12	12848517	12848517	cg03705319	0.0072523169189157	0.434600398698041	GPR19
chr12	132872396	132872396	cg17390646	0.0073642857988189	0.437280735414643	GALNT9
chr12	131488414	131488414	cg13842421	0.007376760970944	0.437636128069132	GPR133
chr12	133553715	133553715	cg12159028	0.0073821329906678	0.437688087206421	
chr12	54963150	54963150	cg23682322	0.0073979127826823	0.437957904678656	PDE1B
chr12	123741754	123741754	cg19016782	0.0074232351522286	0.43855570311583	C12orf65,RP11-282O18.3
chr12	133351325	133351325	cg20916319	0.0074253054300779	0.438615973578415	GOLGA3
chr12	54653403	54653403	cg23824801	0.0074378088140352	0.438765066041653	CBX5
chr12	131061375	131061375	cg18753626	0.0074573450023426	0.439266120715483	RIMBP2
chr12	132896860	132896860	cg26524517	0.0074719261469822	0.439525078746899	GALNT9
chr12	132657411	132657411	cg27451610	0.0074842016239662	0.439793714646819	
chr12	102512154	102512154	cg08316365	0.0075471392436724	0.441628180060495	NUP37
chr12	6128080	6128080	cg05611837	0.0075510951422732	0.441766829146395	VWF
chr12	131518782	131518782	cg15353923	0.0076293246230743	0.443605238617781	GPR133,RP11-76C10.2
chr12	133363304	133363304	cg22516162	0.007636165262654	0.443642862695463	GOLGA3
chr12	50188853	50188853	cg11605222	0.007672879800847	0.44416581882617	NCKAP5L
chr12	2393684	2393684	cg16303353	0.0077473623140638	0.445818084658807	CACNA1C,CACNA1C-IT3
chr12	131488391	131488391	cg21621264	0.0077594750765132	0.446116758891814	GPR133
chr12	22794236	22794236	cg26643350	0.0078075501648899	0.447095174900247	ETNK1
chr12	133346265	133346265	cg22254580	0.0078546670778801	0.448348797780463	GOLGA3
chr12	132329481	132329481	cg24569427	0.0078748356929028	0.448547238852753	MMP17
chr12	130526797	130526797	cg07630723	0.0078916021366592	0.448923339687406	RP11-474D1.3,RP11-474D1.4
chr12	125233163	125233163	cg20132581	0.0079060712873169	0.449440380780612	
chr12	130925483	130925483	cg24296036	0.0080667298124552	0.453085211480535	RIMBP2
chr12	49176521	49176521	cg08830520	0.0080686401429061	0.453123302554349	ADCY6
chr12	7341580	7341580	cg17525411	0.0080954433186331	0.453874017910057	PEX5,RP11-273B20.3
chr12	131367420	131367420	cg13098438	0.0080976189746434	0.453901375728118	
chr12	120687694	120687694	cg03074946	0.0081083064913352	0.454168460969068	PXN
chr12	132827617	132827617	cg07132441	0.0081345735051619	0.454938370175622	GALNT9
chr12	6289847	6289847	cg21519654	0.0081565267590286	0.455403715064619	
chr12	12990366	12990366	cg10040355	0.008165621475521	0.45560699134998	
chr12	132826770	132826770	cg00461060	0.0082029199565778	0.456161877154318	GALNT9
chr12	132170890	132170890	cg12951997	0.0082020842120796	0.456161877154318	
chr12	48597881	48597881	cg12142869	0.0082162818485218	0.45642161410607	
chr12	15924004	15924004	cg12440131	0.0082460627731848	0.457315703584051	EPS8
chr12	131493259	131493259	cg18725348	0.0082864267750574	0.458302084583855	GPR133
chr12	132696099	132696099	cg17811213	0.0083140388897517	0.458589100263289	GALNT9
chr12	29305123	29305123	cg17437373	0.0083190906691577	0.458716306842046	FAR2
chr12	49318557	49318557	cg23692087	0.0083702606768261	0.45971716914155	AC073610.5,CCDC65,FKBP11,RP11-302B13.5
chr12	132921188	132921188	cg19483405	0.0083913207976943	0.46060130232296	
chr12	14544500	14544500	cg12912426	0.0084100432984055	0.460902152487191	ATF7IP
chr12	131512480	131512480	cg19499099	0.0084384579993516	0.461762636758182	GPR133
chr12	51236693	51236693	cg15169829	0.0084513458966138	0.462013914471429	
chr12	132520668	132520668	cg25468879	0.0084504466565669	0.462013914471429	EP400
chr12	6241975	6241975	cg10625367	0.0084670744105746	0.462389607024868	
chr12	133373553	133373553	cg12386329	0.0084838240422991	0.462789997747916	GOLGA3
chr12	125223650	125223650	cg09740450	0.0085050000176181	0.463004975176487	
chr12	3215110	3215110	cg15724985	0.0085029567508894	0.463004975176487	TSPAN9
chr12	7046277	7046277	cg14996263	0.0085206508875013	0.463205007130736	ATN1
chr12	131649068	131649068	cg03859668	0.0085407322098185	0.46353867419693	
chr12	132937911	132937911	cg23850637	0.0085791876345055	0.464733569629264	
chr12	131512499	131512499	cg15542283	0.0087891002707736	0.469690102059457	GPR133
chr12	33049621	33049621	cg16596523	0.0088196707389876	0.470570583375554	PKP2
chr12	27950801	27950801	cg21221108	0.0088797328402802	0.471696422594191	KLHL42
chr12	5020693	5020693	cg08832227	0.0089042865344604	0.472339945354229	KCNA1
chr12	4140244	4140244	cg20567047	0.0089190678711774	0.472643834294407	
chr12	120700930	120700930	cg27168573	0.008928179177894	0.472856701486976	PXN
chr12	127765332	127765332	cg23900203	0.0089546486083305	0.473345230518117	RP11-955H22.1
chr12	132677497	132677497	cg07640336	0.0089612586530457	0.473465642944434	
chr12	28116451	28116451	cg20905088	0.0089954331384733	0.474279723789931	PTHLH,RP11-993B23.3
chr12	125122782	125122782	cg24769903	0.0090048736802324	0.474418625634826	
chr12	109255347	109255347	cg03868278	0.0090109815085147	0.474442141354923	DAO
chr12	99288805	99288805	cg03609960	0.0091030508144569	0.476160436108881	ANKS1B
chr12	133000172	133000172	cg22977246	0.0091359911044675	0.476938472247438	
chr12	130821963	130821963	cg24229701	0.0091798490542592	0.478241797558636	
chr12	131572384	131572384	cg07538372	0.0092143870956834	0.47896580210749	GPR133
chr12	129299462	129299462	cg13617280	0.0092163574688809	0.479035914798472	SLC15A4
chr12	22094700	22094700	cg21485303	0.0093080121760642	0.480958907448851	
chr12	128752041	128752041	cg04475027	0.0093274054357884	0.48142551674491	TMEM132C
chr12	106631875	106631875	cg14628108	0.0093313680385187	0.481481299802936	CKAP4
chr12	52408906	52408906	cg07285764	0.0093594460337639	0.482100805791884	GRASP
chr12	48299801	48299801	cg13556224	0.0094452558883547	0.484101509728296	VDR
chr12	114254922	114254922	cg11940726	0.0094560834957329	0.484333083457508	RBM19
chr12	132938339	132938339	cg20054394	0.0094593142576831	0.484402941745712	
chr12	132834252	132834252	cg00377301	0.0094670905054116	0.484533835551266	GALNT9
chr12	13318626	13318626	cg24680129	0.0094837288219637	0.484866704405431	
chr12	6234313	6234313	cg22345878	0.0094971734497161	0.485059017602737	
chr12	104195610	104195610	cg02757682	0.0095179895354827	0.485554966513748	NT5DC3
chr12	132872760	132872760	cg22606941	0.009517403412171	0.485554966513748	GALNT9
chr12	109526230	109526230	cg24230312	0.0095468063583734	0.486341173005688	ALKBH2
chr12	108297445	108297445	cg09126870	0.0096038419408753	0.487678551912758	RP11-554D14.2
chr12	129312358	129312358	cg21041308	0.0096082165055747	0.487773164355332	
chr12	131496915	131496915	cg02380715	0.009625036163947	0.488174459953267	GPR133
chr12	132113181	132113181	cg19560648	0.0096639316478562	0.489183617305716	
chr12	57630260	57630260	cg02948264	0.0096813249935347	0.489653758975972	NDUFA4L2
chr12	133010685	133010685	cg09967479	0.0097533307629174	0.49130564080339	
chr12	112277502	112277502	cg16263661	0.0098033348583639	0.492185983630517	
chr12	40019908	40019908	cg09778919	0.0098566827273258	0.492937197670595	
chr12	132980632	132980632	cg14536812	0.0098590509034144	0.492937197670595	
chr12	34534366	34534366	cg13617192	0.0099121446062999	0.494024693535184	
chr12	132169009	132169009	cg20421482	0.0099393448298877	0.494564899634313	
chr12	115135058	115135058	cg21045464	0.0099413494182804	0.494565556750037	
chr12	113229584	113229584	cg01119407	0.0099420665789872	0.49457178147769	RPH3A
chr12	66765795	66765795	cg06598591	0.0099444571636322	0.494602343332465	GRIP1
chr12	111358627	111358627	cg01197294	0.0099887698262605	0.495449388721206	
chr12	131496072	131496072	cg13240326	0.0100152888131046	0.496087274056239	GPR133
chr12	127211422	127211422	cg20055426	0.0100728117532802	0.497285332282445	LINC00943
chr12	48495628	48495628	cg11128345	0.0100863817076637	0.497464118046249	SENP1
chr12	98878655	98878655	cg26102342	0.0101103608456457	0.497903235339883	
chr12	45721125	45721125	cg14376618	0.0101613029976196	0.498706793392485	ANO6
chr12	112205368	112205368	cg20884605	0.0101698546545897	0.498892017277777	ALDH2,RP11-162P23.2
chr12	132633146	132633146	cg18930267	0.0102295904905799	0.499673839566357	NOC4L
chr13	112723226	112723226	cg14842777	1.61949727922972e-05	0.054171566000017	SOX1
chr13	101174061	101174061	cg05563033	2.32703496947798e-05	0.0543206248802127	PCCA
chr13	100637931	100637931	cg06580725	3.31782839090972e-05	0.0543707177967035	ZIC2
chr13	53422777	53422777	cg19712603	3.32403018367021e-05	0.0543707177967035	
chr13	101173774	101173774	cg04494562	6.36758852749615e-05	0.0595600203487808	PCCA
chr13	53774218	53774218	cg05770471	7.80824291084129e-05	0.0625216096139766	PCDH8P1
chr13	37248244	37248244	cg09907509	7.81745071260793e-05	0.0625216096139766	SERTM1
chr13	114964126	114964126	cg03120147	0.0001220384826873	0.0722663239108987	
chr13	50796845	50796845	cg04949225	0.0001382043946424	0.0753119696088281	DLEU1
chr13	100085204	100085204	cg20617957	0.0001963230028603	0.0859633126631171	
chr13	33825497	33825497	cg07499182	0.000262121675919	0.0974352781851132	STARD13
chr13	20702031	20702031	cg26726542	0.0002928070758103	0.10215382658682	
chr13	112722719	112722719	cg19802138	0.0003665804517334	0.112842214977277	SOX1
chr13	112720928	112720928	cg20829347	0.0003744496166816	0.114079312212191	
chr13	100085187	100085187	cg15608301	0.0003751296069981	0.114098278812469	
chr13	111318556	111318556	cg12423658	0.0003776945996717	0.114272848841539	CARS2
chr13	114057583	114057583	cg12076709	0.0004031823984246	0.117901836693551	
chr13	113728878	113728878	cg13714689	0.0004195331686465	0.119287645073149	MCF2L
chr13	114830702	114830702	cg21461300	0.0004364212526917	0.12136317161989	RASA3
chr13	100803191	100803191	cg14630369	0.0004496402704684	0.122750912190293	PCCA,RPL15P18
chr13	53422780	53422780	cg22763718	0.0004741792026504	0.125591729189734	
chr13	112986286	112986286	cg03486986	0.0005319274818256	0.132145120183953	
chr13	114911566	114911566	cg21350909	0.0005546605803618	0.134890546625679	
chr13	114067394	114067394	cg05059458	0.0005697327347956	0.136607323076108	
chr13	20439201	20439201	cg18227944	0.0006274226171975	0.142145867798352	
chr13	114770495	114770495	cg22198179	0.000637808246858	0.143266584138424	RASA3
chr13	28589809	28589809	cg10763141	0.0006622175715346	0.145847440443759	FLT3
chr13	114800796	114800796	cg21107044	0.0007149480455677	0.150624678017846	RASA3
chr13	58203799	58203799	cg08866608	0.0007158029719975	0.15068564529278	
chr13	114928234	114928234	cg27237907	0.0007553157055705	0.154728530301889	
chr13	112717245	112717245	cg09469566	0.0007916537838403	0.157721676132081	
chr13	101927875	101927875	cg22134823	0.0008796059819114	0.166072631393236	NALCN
chr13	111980272	111980272	cg08019253	0.0009720387622963	0.173963023802298	TEX29
chr13	101175948	101175948	cg22175781	0.0010147019486094	0.17823602420156	PCCA
chr13	114911579	114911579	cg22792048	0.0010712811320331	0.182523514513745	
chr13	114071302	114071302	cg04556472	0.0010776460035541	0.182858068894464	
chr13	114770074	114770074	cg15187223	0.001098140786066	0.18427715420414	RASA3
chr13	31248228	31248228	cg00887444	0.0011296066979516	0.187273482585509	
chr13	53420934	53420934	cg08136772	0.0011615161921648	0.189911908738127	PCDH8
chr13	55211765	55211765	cg09574009	0.0011762038047304	0.191172190073719	
chr13	114067198	114067198	cg22092111	0.0012181293532633	0.194012123994861	
chr13	114797383	114797383	cg17541290	0.0012206204802672	0.194223735825297	RASA3
chr13	93879303	93879303	cg19824907	0.0012233972065338	0.19432000820506	GPC6
chr13	28364724	28364724	cg02067712	0.0012285242402083	0.194331425804344	
chr13	100638447	100638447	cg24742746	0.0012940354162154	0.198929626533203	ZIC2
chr13	100085073	100085073	cg12885751	0.0013548735527645	0.203236871838237	
chr13	114741930	114741930	cg10686439	0.0013835527832672	0.205419386743397	
chr13	112711381	112711381	cg03227021	0.0013898595468883	0.205921076806664	
chr13	101169918	101169918	cg23777479	0.0013981937869891	0.206363027670012	PCCA
chr13	110777186	110777186	cg27657439	0.0015118307714671	0.214131888782105	
chr13	112602415	112602415	cg03616722	0.0015980060610212	0.219444795296192	
chr13	20693342	20693342	cg14003621	0.001618264894662	0.220355270498634	
chr13	114801132	114801132	cg00814985	0.0016515433309326	0.221489221148585	RASA3
chr13	114965538	114965538	cg07615111	0.0017309129802803	0.2270765932649	
chr13	114847329	114847329	cg07007754	0.0017686010731759	0.229367052525799	RASA3
chr13	114742929	114742929	cg14850156	0.0018943882417803	0.237525609345122	
chr13	58203619	58203619	cg27467803	0.0019231685055722	0.239436920229702	
chr13	114846655	114846655	cg04700361	0.002030290996142	0.245840311727951	RASA3
chr13	100637241	100637241	cg24714905	0.0020872039225167	0.249049548574272	ZIC2
chr13	114805400	114805400	cg01362762	0.0021576067310936	0.253245768662102	RASA3
chr13	112984840	112984840	cg27260867	0.0022858275428865	0.259894624271311	LINC01044
chr13	112628793	112628793	cg24997276	0.0023066045972889	0.260988420541199	
chr13	101184848	101184848	cg17902007	0.0023244801340946	0.261981957304259	GGACT
chr13	112727981	112727981	cg17607298	0.0023605213877598	0.263660675729173	
chr13	101175895	101175895	cg05327509	0.0024588635750453	0.269103982724999	PCCA
chr13	100807495	100807495	cg12895304	0.0025175270657342	0.271839191059354	PCCA
chr13	53419618	53419618	cg14950829	0.0025936393096329	0.274921817617728	PCDH8
chr13	112606333	112606333	cg02864126	0.0025978055348196	0.275165883857889	
chr13	26042598	26042598	cg02057782	0.0025997578970153	0.275248455469926	ATP8A2
chr13	112882872	112882872	cg26760961	0.0026135415835721	0.275985173620596	
chr13	114862026	114862026	cg19409861	0.0026541672307624	0.278044893206067	RASA3
chr13	45010051	45010051	cg20369775	0.0026766581612754	0.279291860456825	TSC22D1
chr13	113764872	113764872	cg26593267	0.0027680177688615	0.283740115619848	F7
chr13	28367246	28367246	cg05967403	0.0027822849637179	0.284309329148545	GSX1
chr13	114912328	114912328	cg24009030	0.0029718376217044	0.293139199597792	
chr13	19449339	19449339	cg24135336	0.0030462725264323	0.29719116442093	
chr13	112882904	112882904	cg07789359	0.0030822165703931	0.299117516876813	
chr13	114770569	114770569	cg00427150	0.0030981177747249	0.299831539874213	RASA3
chr13	114966314	114966314	cg10875695	0.0031387788715565	0.302034131231847	
chr13	101169859	101169859	cg19622138	0.0031826742542064	0.303819371778482	PCCA
chr13	114804588	114804588	cg17589836	0.0032545227326496	0.307063889006601	RASA3
chr13	100640915	100640915	cg09287190	0.0033105759367984	0.309338995423675	
chr13	112759894	112759894	cg25570913	0.0033602480792215	0.311584402145807	
chr13	114804483	114804483	cg21747549	0.0033780308437045	0.312366519595842	RASA3
chr13	111963784	111963784	cg12958054	0.0033901440979389	0.312725070193425	
chr13	114193156	114193156	cg03479204	0.0034666116299929	0.315510403376688	TMCO3
chr13	112630795	112630795	cg16079716	0.0034685702282811	0.315603244295846	
chr13	112075960	112075960	cg22725830	0.0035414340769026	0.318725044983874	
chr13	114778714	114778714	cg00216180	0.0035547136551324	0.319106513478557	RASA3
chr13	53775109	53775109	cg17555373	0.0035758963870215	0.319829857431666	PCDH8P1
chr13	114841904	114841904	cg00571178	0.0035857935868077	0.32044060031942	RASA3
chr13	114741470	114741470	cg24282516	0.0036452903257464	0.32266466325283	
chr13	20702279	20702279	cg21271681	0.003778749808286	0.327546071376329	
chr13	114848084	114848084	cg09888049	0.0037960238822878	0.328135311945603	RASA3
chr13	61068635	61068635	cg20800199	0.0038424190017228	0.329960622033841	TDRD3
chr13	114741212	114741212	cg17547020	0.0039252849538836	0.332802993329498	
chr13	114930438	114930438	cg03070534	0.0040006673146885	0.336021492529749	
chr13	97794052	97794052	cg18842353	0.0040679283507085	0.338537714489417	
chr13	114060129	114060129	cg08880524	0.0041713151798256	0.341728767974075	
chr13	58204225	58204225	cg20634967	0.0042075546430606	0.342915292916309	
chr13	112668240	112668240	cg06116255	0.0044295426376863	0.351775335242382	
chr13	27332980	27332980	cg18424863	0.0045252401085562	0.354437662343601	GPR12
chr13	112712476	112712476	cg03276408	0.0045620510360316	0.355870652925009	
chr13	113763758	113763758	cg07472704	0.004567885037998	0.356026534403114	F7
chr13	79229238	79229238	cg18634806	0.0045903668209752	0.35687976665476	RNF219
chr13	113514152	113514152	cg22301418	0.0046108050046831	0.357769516996299	ATP11A
chr13	111318490	111318490	cg08400494	0.0046353470697966	0.358365319298952	CARS2
chr13	50569769	50569769	cg18546006	0.0047365788842409	0.361155061048181	
chr13	45965211	45965211	cg27155483	0.0047532331348933	0.361568094940754	RCN1P2,TPT1-AS1
chr13	101182536	101182536	cg18834544	0.0048158161496843	0.36386515390821	PCCA
chr13	111318023	111318023	cg14677983	0.0048223955534083	0.364050771462042	CARS2
chr13	112848772	112848772	cg17667595	0.0049002334511158	0.366518206402438	
chr13	112721325	112721325	cg24604013	0.0049073628739213	0.366712886075601	
chr13	112759720	112759720	cg13692446	0.0049161137838844	0.367005686872092	
chr13	112320951	112320951	cg18973457	0.0049800465738304	0.369363831484371	RP11-65D24.2
chr13	28678271	28678271	cg18440260	0.0050062225772017	0.370257316184724	
chr13	114056950	114056950	cg23504211	0.0050513832945696	0.371755287491657	
chr13	112547653	112547653	cg15074709	0.0050675563768283	0.372193335865099	
chr13	112076037	112076037	cg21886042	0.0051354816195874	0.374260826920661	
chr13	114060628	114060628	cg01701303	0.0052773917612761	0.378299542846207	
chr13	114764490	114764490	cg03343631	0.0052778730279715	0.378299542846207	RASA3
chr13	114804842	114804842	cg16824603	0.0053279274978631	0.380163321342169	RASA3
chr13	114812919	114812919	cg12938556	0.0053464182181945	0.380689416559855	RASA3
chr13	114292221	114292221	cg06310927	0.0053473743234438	0.380693495659844	TFDP1
chr13	114855572	114855572	cg01215169	0.0053631545379847	0.381232118704428	RASA3
chr13	114800310	114800310	cg16766036	0.0055034691707966	0.385705765021459	RASA3
chr13	112716728	112716728	cg21186708	0.0055600113673243	0.387327201762992	
chr13	101184577	101184577	cg02735500	0.0055623556237558	0.387382014742762	GGACT
chr13	114768317	114768317	cg02814163	0.0055946909818133	0.388177689721041	RASA3
chr13	50570019	50570019	cg09145126	0.0056065665876291	0.388483063768224	
chr13	61989701	61989701	cg05034702	0.0056319756157037	0.389146261831345	PCDH20
chr13	113730355	113730355	cg25840057	0.0056595202933791	0.390021428230178	MCF2L
chr13	114853253	114853253	cg19583934	0.0057001581927768	0.391195195187203	RASA3
chr13	102068650	102068650	cg05673756	0.0058151976660682	0.394397107549348	NALCN
chr13	112761582	112761582	cg09285795	0.0058632434302266	0.395484977457553	LINC00403
chr13	113724548	113724548	cg05197164	0.0059306849240043	0.397541375869234	MCF2L
chr13	114912269	114912269	cg10753283	0.0059499147502615	0.398110058837404	
chr13	114889589	114889589	cg22798384	0.0059555039466984	0.39823167872128	RASA3
chr13	112710823	112710823	cg11437784	0.0059790513987729	0.399123496831165	
chr13	112772506	112772506	cg26289323	0.0060278560400859	0.400627561793954	
chr13	60685902	60685902	cg00623826	0.0060394107880572	0.400898489544216	DIAPH3
chr13	101175913	101175913	cg25575115	0.0060732062362541	0.402025008813017	PCCA
chr13	112721790	112721790	cg02547394	0.0060842256816256	0.402423115167245	
chr13	112709538	112709538	cg09797337	0.0060906253684343	0.402686986666442	
chr13	114056351	114056351	cg13099542	0.0061731830269538	0.404914928009524	
chr13	112881733	112881733	cg06847429	0.006276682372309	0.407822762703996	
chr13	28365587	28365587	cg11444278	0.0063813216725363	0.410610726035054	
chr13	112276771	112276771	cg24725640	0.006409120637944	0.411127638762229	RP11-65D24.1,RP11-65D24.2
chr13	114761031	114761031	cg13427421	0.0065005355583038	0.413692142314266	RASA3
chr13	29102417	29102417	cg11555873	0.0065091261167178	0.413891744316539	
chr13	114250948	114250948	cg10448725	0.0065275065564132	0.414480789149984	TFDP1
chr13	112712009	112712009	cg23619365	0.0066782704549359	0.418958658983306	
chr13	114923589	114923589	cg27241134	0.0066988936116589	0.419560189416669	
chr13	114814402	114814402	cg01289343	0.0067486951096374	0.420561677909311	RASA3
chr13	102068997	102068997	cg15202954	0.006776196586253	0.421312378219586	
chr13	113462046	113462046	cg15282087	0.0067888191897748	0.421682135611493	ATP11A
chr13	114771098	114771098	cg02745494	0.0069729599612676	0.426264108744075	RASA3
chr13	113384582	113384582	cg25440131	0.0071816003279078	0.432445915975325	ATP11A
chr13	112669547	112669547	cg25918510	0.0071921779455732	0.432739733441752	
chr13	113535759	113535759	cg00823993	0.0073218878334085	0.436270665260045	ATP11A
chr13	114294206	114294206	cg16055945	0.0073261903056762	0.436278079584687	TFDP1
chr13	114812780	114812780	cg08707963	0.0073851519143696	0.437688087206421	RASA3
chr13	113732739	113732739	cg21294654	0.0074785516993069	0.439740103277036	MCF2L
chr13	100814377	100814377	cg19750992	0.0075084686076062	0.440460476565898	PCCA
chr13	112321270	112321270	cg22216757	0.0075085236459048	0.440460476565898	RP11-65D24.2
chr13	114309123	114309123	cg02862886	0.0076470630104036	0.443899493798414	ATP4B
chr13	101171714	101171714	cg10117603	0.0077754960960873	0.446514558037592	PCCA
chr13	114067890	114067890	cg16171290	0.008024424818508	0.451985426359404	
chr13	36788862	36788862	cg24710938	0.0080213401657142	0.451985426359404	CCDC169-SOHLH2,SOHLH2
chr13	100150980	100150980	cg15490075	0.0081776904613235	0.455764031863944	
chr13	108434637	108434637	cg07190602	0.008256125624836	0.457591160793214	FAM155A
chr13	61989475	61989475	cg12525584	0.0085457575408485	0.463611067775973	PCDH20
chr13	112724222	112724222	cg26151467	0.008548907543673	0.463675827190517	SOX1
chr13	114831142	114831142	cg01652514	0.0086179789432778	0.465819187432015	RASA3
chr13	114803272	114803272	cg25875209	0.008747757298044	0.468679387191911	RASA3
chr13	112815147	112815147	cg10375964	0.0087559464627451	0.468877565408286	
chr13	112905745	112905745	cg01562175	0.0088404943298207	0.470629563489656	
chr13	113730426	113730426	cg14878842	0.0088506990218483	0.470887257935503	MCF2L
chr13	100637192	100637192	cg18431640	0.008991908539674	0.474188417556596	ZIC2
chr13	112717707	112717707	cg06049868	0.0090607011730275	0.475636319476216	
chr13	40176676	40176676	cg07890490	0.0090594980797442	0.475636319476216	LHFP
chr13	112708289	112708289	cg07502829	0.0091868804813991	0.478429093901151	
chr13	101174130	101174130	cg18970151	0.0092585091842545	0.480124020813672	PCCA
chr13	45966280	45966280	cg19410796	0.0093840158576651	0.482588208758998	
chr13	114747479	114747479	cg05059616	0.0094233438138352	0.483598501974369	RASA3
chr13	112905776	112905776	cg27231912	0.0095662781354903	0.486806775777116	
chr13	108953659	108953659	cg11726530	0.0096942103177193	0.490003706054	RNA5SP39,TNFSF13B
chr13	114744532	114744532	cg16085744	0.0097519570368206	0.49130564080339	
chr13	28578045	28578045	cg15126273	0.0098244448418175	0.492770086177635	FLT3
chr13	114926690	114926690	cg06727233	0.0098496773926629	0.492937197670595	
chr13	50700607	50700607	cg12378878	0.0099407849838419	0.494565556750037	DLEU1
chr13	103523191	103523191	cg01783816	0.0099775156252334	0.49526321430341	BIVM-ERCC5,ERCC5
chr13	101108790	101108790	cg13431811	0.0100097676711238	0.495968329150152	PCCA
chr13	19174773	19174773	cg10007405	0.0100925231910028	0.497464684220012	
chr13	114780993	114780993	cg05695106	0.0100993842971706	0.497656052490095	RASA3
chr13	112759386	112759386	cg21054521	0.01019835511292	0.499293248789803	
chr14	99613193	99613193	cg01972651	1.23328818862365e-05	0.054171566000017	
chr14	29236018	29236018	cg02991338	1.25766953608087e-05	0.054171566000017	FOXG1
chr14	94405267	94405267	cg04584103	1.81222717359711e-05	0.054171566000017	ASB2
chr14	94172979	94172979	cg09216001	2.20055034825006e-05	0.054171566000017	UNC79
chr14	38053600	38053600	cg11760593	1.57151616652277e-05	0.054171566000017	
chr14	99532847	99532847	cg12092005	1.36070978028134e-05	0.054171566000017	
chr14	99506767	99506767	cg23119063	3.49255569707977e-06	0.054171566000017	
chr14	99567309	99567309	cg27043548	2.55314958954027e-05	0.0543206248802127	
chr14	94405342	94405342	cg04517524	3.22727168141864e-05	0.0543707177967035	ASB2
chr14	45357077	45357077	cg21485150	3.15692809260832e-05	0.0543707177967035	RP11-857B24.1
chr14	29236009	29236009	cg02681442	3.66357254138766e-05	0.0550731515654561	FOXG1
chr14	105398575	105398575	cg27302507	4.23490004349359e-05	0.0556883318141202	PLD4
chr14	95951499	95951499	cg23413464	4.72223381695728e-05	0.0567859866937736	
chr14	36982447	36982447	cg04926361	5.20063376890763e-05	0.0575800295317701	RP11-896J10.3,SFTA3
chr14	69341739	69341739	cg01707795	5.35448805774143e-05	0.0578403073828547	ACTN1
chr14	79745472	79745472	cg21918126	5.44176668773884e-05	0.0578403073828547	NRXN3
chr14	99532950	99532950	cg25094467	5.63838355160652e-05	0.0585112921868291	
chr14	95950080	95950080	cg25959752	5.89378972221675e-05	0.0589438365507034	
chr14	101840748	101840748	cg19700955	6.21401326882006e-05	0.0595530723273388	
chr14	93052502	93052502	cg10205038	6.5081820778913e-05	0.0596640624838269	RIN3
chr14	69341604	69341604	cg27036347	6.50844615360545e-05	0.0596640624838269	ACTN1
chr14	33403862	33403862	cg08117309	6.82130753065456e-05	0.0605562482158663	
chr14	28314922	28314922	cg02130404	7.13693286904676e-05	0.0615974473485097	
chr14	101350646	101350646	cg18141891	7.49728647942872e-05	0.0621912105819887	RTL1
chr14	104643444	104643444	cg00016406	8.14025184493617e-05	0.0633987329348407	KIF26A
chr14	95927475	95927475	cg19821124	9.30198447603009e-05	0.0659087021177198	SYNE3
chr14	36992234	36992234	cg04224064	9.31515391986098e-05	0.0659363987596893	
chr14	99641152	99641152	cg02224314	0.0001078986699425	0.0692733812010263	BCL11B
chr14	99642476	99642476	cg17692753	0.0001098145537876	0.069656047044504	BCL11B
chr14	100140583	100140583	cg01123449	0.0001142442863458	0.0706481018961496	HHIPL1
chr14	85996495	85996495	cg17410236	0.0001171464368013	0.0715358826728839	FLRT2
chr14	37116924	37116924	cg20435474	0.0001190137865511	0.0718359992242486	RP11-964E11.2
chr14	99641779	99641779	cg13080172	0.0001195014323056	0.0718706907925928	BCL11B
chr14	103397019	103397019	cg23918296	0.0001312973893393	0.0740597064969472	AMN
chr14	29236014	29236014	cg08120263	0.0001471392700885	0.0767881047387209	FOXG1
chr14	52535954	52535954	cg10149976	0.0001530643504355	0.0775158511986832	
chr14	99849391	99849391	cg18226525	0.0001678542935963	0.080494324143936	
chr14	103655774	103655774	cg01363714	0.0001690023894199	0.0807404135429724	
chr14	52536176	52536176	cg04701034	0.0001699393582689	0.0809828416854283	
chr14	59300831	59300831	cg26338199	0.0001708304919459	0.0810288169095164	RP11-112J1.2
chr14	95240560	95240560	cg02264229	0.000183263741762	0.0833977507394625	
chr14	95876996	95876996	cg01316071	0.0001886387227666	0.0845860893142598	
chr14	38724649	38724649	cg16404157	0.000206813783365	0.0879668317030317	CLEC14A
chr14	102973717	102973717	cg14531093	0.0002143687075207	0.0893157330057012	ANKRD9
chr14	36350271	36350271	cg13169072	0.0002275441837452	0.0916854972061999	BRMS1L,RP11-317N8.4
chr14	105707308	105707308	cg18481587	0.000282571742629	0.100791241215623	BRF1
chr14	94173060	94173060	cg23677780	0.000303586866935	0.103895360663246	UNC79
chr14	50467526	50467526	cg25053413	0.0003340070768202	0.108483992142937	C14orf182
chr14	23426575	23426575	cg01176748	0.0003364608185621	0.108895641168477	RP11-298I3.5
chr14	36986586	36986586	cg14290904	0.0003391278118816	0.109131514976075	NKX2-1,RP11-896J10.3
chr14	60193876	60193876	cg09227765	0.0003411183824532	0.109395304283977	RTN1
chr14	70039915	70039915	cg19937979	0.0003626053709812	0.112662976626331	CCDC177
chr14	26674203	26674203	cg05926722	0.0003828591148853	0.115129787702752	
chr14	105519408	105519408	cg01649456	0.0003833274844056	0.115187702862554	GPR132
chr14	105457758	105457758	cg20070837	0.0003952903293412	0.116683838721936	C14orf79
chr14	24641184	24641184	cg03431846	0.0003959159484316	0.116728040108415	REC8
chr14	105521894	105521894	cg21115864	0.0003995029737462	0.117470748747036	GPR132
chr14	57279116	57279116	cg25092838	0.0004128640982521	0.118953797725373	
chr14	76309157	76309157	cg05142445	0.0004287688642145	0.120251334771557	RP11-270M14.4,TTLL5
chr14	58332751	58332751	cg23318063	0.0004366316144059	0.121381263977625	SLC35F4
chr14	95948132	95948132	cg15491094	0.0004668792565408	0.124766088308878	
chr14	103449948	103449948	cg08236045	0.0004731678801845	0.125417702603386	CDC42BPB
chr14	38679643	38679643	cg23248887	0.0004956727703034	0.127997571814371	SSTR1
chr14	91525980	91525980	cg04579263	0.0004960002700827	0.128042561687306	RPS6KA5
chr14	94849747	94849747	cg26938334	0.0004966773761562	0.128170809848639	SERPINA1
chr14	101370990	101370990	cg06804177	0.0005044081938882	0.128741060360893	MEG8
chr14	95916139	95916139	cg09001782	0.0005060862081973	0.128984242551813	SYNE3
chr14	93897390	93897390	cg00741624	0.0005257105195034	0.13144714143061	UNC79
chr14	102467421	102467421	cg24034277	0.000528984423678	0.131964842075678	DYNC1H1
chr14	95956326	95956326	cg06634140	0.0005446852108836	0.133514044412194	
chr14	38091470	38091470	cg12200038	0.0005656178535743	0.136176244598319	TTC6
chr14	29243691	29243691	cg23302649	0.0005798897175975	0.137464470189661	C14orf23
chr14	86001059	86001059	cg04862347	0.0005824437602689	0.137743950320721	FLRT2
chr14	89059882	89059882	cg07967498	0.000582765489472	0.137755273911205	ZC3H14
chr14	101004380	101004380	cg07505932	0.0005834173963327	0.13780550100958	BEGAIN
chr14	85997753	85997753	cg03506640	0.0005869594540315	0.138277119839853	FLRT2
chr14	105128823	105128823	cg05236621	0.0006072190668366	0.140048321573603	RP11-982M15.8
chr14	101175970	101175970	cg18089426	0.0006067654369792	0.140048321573603	
chr14	99707650	99707650	cg20500854	0.0006219718508986	0.141450133948415	BCL11B
chr14	100141889	100141889	cg03490759	0.0006276405619337	0.142145867798352	HHIPL1
chr14	103593521	103593521	cg10501093	0.0006493076104016	0.144682500862007	TNFAIP2
chr14	103470338	103470338	cg18327049	0.0006504557064773	0.144781886749523	CDC42BPB
chr14	24641190	24641190	cg18628371	0.0006577328077141	0.145408628540625	REC8
chr14	100141862	100141862	cg11636151	0.0007103579787742	0.150460087768915	HHIPL1
chr14	20903410	20903410	cg02852670	0.0007110370345197	0.150470448351584	KLHL33
chr14	54419826	54419826	cg01873886	0.0007357873828102	0.152820973088335	BMP4
chr14	101005129	101005129	cg24033503	0.0007681613036916	0.155866402941488	BEGAIN
chr14	70037729	70037729	cg18575221	0.0007811276451803	0.156895835336915	CCDC177
chr14	38680313	38680313	cg04573550	0.0008445573273655	0.16301322384258	SSTR1
chr14	23426593	23426593	cg08220084	0.0008636715580544	0.164874032024265	RP11-298I3.5
chr14	103396380	103396380	cg07435445	0.0008819654159804	0.166389109622677	AMN
chr14	31699236	31699236	cg18437792	0.0008828966406702	0.166504185880359	
chr14	95942827	95942827	cg26372254	0.0009021156291346	0.168068049781237	
chr14	101294431	101294431	cg04291079	0.0009055627863401	0.168406858209282	MEG3
chr14	105187363	105187363	cg02008936	0.0009526081834633	0.172472022236625	
chr14	95942319	95942319	cg05006384	0.0009619580570872	0.173407383122267	
chr14	105522685	105522685	cg20968821	0.0009800246148275	0.174783749484824	GPR132
chr14	99641018	99641018	cg06341731	0.0010027070750071	0.177127388470497	BCL11B
chr14	97673472	97673472	cg00822157	0.0010370543092226	0.179767851232443	
chr14	23938106	23938106	cg07488987	0.0010779129988713	0.182858068894464	
chr14	38061327	38061327	cg07940072	0.0010783387258673	0.182858068894464	FOXA1
chr14	103593504	103593504	cg18587137	0.0010838319747727	0.183142649286323	TNFAIP2
chr14	95837930	95837930	cg23535322	0.0010961258629612	0.184092289233083	
chr14	103989712	103989712	cg18329187	0.0011650109370317	0.190195381033122	
chr14	52216461	52216461	cg13093847	0.0012022852101985	0.19288607743122	
chr14	105187499	105187499	cg23012683	0.0012121373402429	0.19342975220921	
chr14	93389485	93389485	cg15480367	0.0012410891699223	0.195139022065639	CHGA
chr14	99532894	99532894	cg00781749	0.001253169849802	0.196042230357403	
chr14	100048629	100048629	cg23537867	0.0012727494365493	0.197551428429575	CCDC85C
chr14	105522349	105522349	cg10402804	0.0012928913524612	0.198846981490855	GPR132
chr14	104190829	104190829	cg14977938	0.0013020987526757	0.199217341673392	ZFYVE21
chr14	91523920	91523920	cg08155963	0.0013174636773837	0.200448762600012	RPS6KA5
chr14	101158095	101158095	cg15341866	0.0013383422481147	0.202136379890902	
chr14	19686673	19686673	cg18913310	0.0013566351811581	0.203350685916292	AL589743.1
chr14	102030110	102030110	cg27050153	0.0014343326580346	0.209403042620244	
chr14	102054071	102054071	cg02939659	0.0015023038500475	0.21379652068648	
chr14	102027173	102027173	cg18301891	0.0015060009193245	0.213917545003144	
chr14	57459246	57459246	cg15913211	0.0015184570280694	0.21450704645482	OTX2-AS1
chr14	37132665	37132665	cg10741025	0.0015752308681596	0.218045884218398	PAX9
chr14	52535950	52535950	cg16066272	0.0015776321427682	0.218269770392996	
chr14	52216069	52216069	cg26159651	0.0015952558249663	0.219399940652857	
chr14	105516255	105516255	cg15895543	0.0016085291591581	0.219886015022514	GPR132
chr14	38091824	38091824	cg19181162	0.0016219286454133	0.220587908768045	TTC6
chr14	102695457	102695457	cg19441646	0.0016654877837767	0.222616276410169	MOK
chr14	85996752	85996752	cg05855039	0.0016816952948159	0.223669034127382	FLRT2
chr14	100138306	100138306	cg04705318	0.0017142000079484	0.226040280457554	HHIPL1
chr14	106333919	106333919	cg06900311	0.0017274692872869	0.227000310287211	
chr14	95916220	95916220	cg26219458	0.0017590191616219	0.229070233407916	SYNE3
chr14	38724676	38724676	cg05057720	0.0017741278407143	0.229634377255792	CLEC14A
chr14	100758887	100758887	cg03886017	0.0018501284271126	0.234720521804735	RP11-638I2.6,SLC25A29
chr14	85996352	85996352	cg01537995	0.0018692377793425	0.235705443557388	
chr14	74893169	74893169	cg21931419	0.001876326232189	0.236165712423515	
chr14	106744392	106744392	cg01872719	0.0019043326569471	0.238059744009026	LINC00226
chr14	47121002	47121002	cg02259232	0.0019364812108003	0.240418897913771	RPL10L
chr14	99507062	99507062	cg26102435	0.001970600009488	0.242338002067634	
chr14	76617756	76617756	cg16333262	0.0019820817738191	0.242944175046724	
chr14	32181048	32181048	cg01642415	0.001987236456966	0.243069245052508	NUBPL
chr14	102968462	102968462	cg05229035	0.0020191189142011	0.245271004129626	TECPR2
chr14	96014483	96014483	cg07138686	0.0020246885825507	0.24551690054447	
chr14	91591888	91591888	cg05131266	0.0020948074156926	0.249263391676971	C14orf159
chr14	95907997	95907997	cg21041579	0.0021375019006473	0.251672094820484	SYNE3
chr14	102968276	102968276	cg10266098	0.0021428859304065	0.252092830760096	TECPR2
chr14	55179960	55179960	cg13706079	0.0021568012786326	0.253245768662102	SAMD4A
chr14	37136283	37136283	cg23683588	0.0021846081308606	0.254338121960681	PAX9
chr14	93794813	93794813	cg26438665	0.00220243793957	0.255004766643163	BTBD7
chr14	91004954	91004954	cg18172833	0.0022745870805529	0.259265016875994	
chr14	24641077	24641077	cg19989295	0.0022759698617161	0.259384181072474	REC8
chr14	101200717	101200717	cg01242498	0.002321772268457	0.261747393655871	DLK1
chr14	102247681	102247681	cg15428435	0.0024013183444742	0.265977049946541	PPP2R5C
chr14	105399176	105399176	cg20145009	0.0024442938276646	0.268176978196943	PLD4
chr14	105070865	105070865	cg10281977	0.0024564130633985	0.268941494944103	TMEM179
chr14	21549753	21549753	cg21056684	0.0024996881334191	0.271216415419512	ARHGEF40
chr14	52211579	52211579	cg16685608	0.0025162790783937	0.271839191059354	
chr14	105618576	105618576	cg24971846	0.0025201526501412	0.271923189883	JAG2,RP11-44N21.4
chr14	59935205	59935205	cg06758393	0.0026053708159137	0.275533377558447	L3HYPDH
chr14	106936071	106936071	cg07112091	0.0027270090402363	0.281904770446527	
chr14	54418805	54418805	cg05923197	0.0027763600107014	0.284247751149662	BMP4
chr14	74321094	74321094	cg19969431	0.0028880113786035	0.288853409293388	PTGR2,RP5-1021I20.4
chr14	105821007	105821007	cg26361513	0.0028927476932186	0.288989023137389	PACS2
chr14	104604893	104604893	cg19614698	0.0029012474049633	0.289481340437884	
chr14	24667150	24667150	cg07532965	0.0029120412128225	0.290049304414022	TM9SF1
chr14	101004931	101004931	cg07093953	0.0030547052679603	0.297522268931657	BEGAIN
chr14	101924187	101924187	cg15848561	0.0032292838570131	0.305787777461852	
chr14	99560165	99560165	cg15963095	0.003235937395724	0.306070874775314	
chr14	75078284	75078284	cg15926671	0.0032728056871085	0.307746147913393	LTBP2
chr14	23356371	23356371	cg19898668	0.0032770878407183	0.307906194787117	REM2
chr14	38052741	38052741	cg04759648	0.0033255866106864	0.310022161512729	
chr14	101864632	101864632	cg25057705	0.0033243614372687	0.310022161512729	
chr14	27067372	27067372	cg20478129	0.0033428033737445	0.310829921610441	
chr14	103593236	103593236	cg09814127	0.003398523083107	0.312821207294451	TNFAIP2
chr14	101350658	101350658	cg23377000	0.0033973901032417	0.312821207294451	RTL1
chr14	23835870	23835870	cg18454133	0.0034117557363908	0.313555215489003	
chr14	102027735	102027735	cg15341124	0.00343583610025	0.314439980982721	DIO3
chr14	104736574	104736574	cg01497699	0.0034728211877575	0.315714933823242	RP11-260M19.2
chr14	99637027	99637027	cg11877726	0.0034920545594445	0.316797516962285	BCL11B
chr14	105546699	105546699	cg21510995	0.003612357239369	0.321438998346895	
chr14	82000250	82000250	cg23348582	0.0036328551545933	0.322078659176931	
chr14	101512593	101512593	cg02882979	0.003681006510968	0.323617883929003	MIR381HG
chr14	29236035	29236035	cg27006650	0.0036922204896734	0.323800786821203	FOXG1
chr14	101349737	101349737	cg19603885	0.0036993600891103	0.324203908874214	RTL1
chr14	102026086	102026086	cg16366843	0.0037245161756105	0.324989571100339	DIO3OS
chr14	38725313	38725313	cg08139247	0.0037318252036965	0.325114443415172	CLEC14A
chr14	22971115	22971115	cg24018633	0.0037707625297208	0.327046235099824	
chr14	30396846	30396846	cg08608974	0.0038406958702294	0.329932572160836	PRKD1
chr14	103569398	103569398	cg21143587	0.0038629916474684	0.330542407501857	EXOC3L4
chr14	85996364	85996364	cg16800165	0.0038887794920681	0.331508195867571	
chr14	104583048	104583048	cg13673833	0.0039075277314577	0.332272706752722	
chr14	105461334	105461334	cg01649064	0.003931257631737	0.333070021587702	C14orf79
chr14	76078986	76078986	cg12777753	0.0039846460769531	0.335449937709225	FLVCR2
chr14	91591619	91591619	cg07527324	0.0040096801925425	0.336259770790053	C14orf159
chr14	104165053	104165053	cg18514065	0.0040736365647552	0.338680393945728	KLC1,XRCC3
chr14	76621106	76621106	cg08226873	0.004075375490516	0.338685109929798	GPATCH2L
chr14	24675937	24675937	cg25423111	0.004086175175431	0.338695175270233	TM9SF1,TSSK4
chr14	52212390	52212390	cg01555105	0.0040877458345671	0.338702300020402	
chr14	105517573	105517573	cg25990848	0.0041648832303326	0.341335736648281	GPR132
chr14	68214742	68214742	cg09350497	0.0042462614021194	0.344381316340935	ZFYVE26
chr14	104561390	104561390	cg18704869	0.0042591091552662	0.345063432399516	ASPG
chr14	103397375	103397375	cg05932079	0.0043134870742824	0.347122442836223	AMN
chr14	103593907	103593907	cg00731608	0.0043202355407418	0.347394552276881	TNFAIP2
chr14	91579859	91579859	cg06607384	0.0043617795881786	0.349081937315114	C14orf159
chr14	97685275	97685275	cg04958794	0.0044113287348823	0.351029656179617	
chr14	74824664	74824664	cg15436129	0.0044205766683521	0.351419895402115	VRTN
chr14	95239464	95239464	cg04961582	0.0044747411012826	0.353136892425854	
chr14	101711890	101711890	cg16241684	0.0045767432734783	0.35645089831612	
chr14	95916072	95916072	cg13760395	0.0045894671076514	0.356843028256441	SYNE3
chr14	70038884	70038884	cg18477204	0.0046152887262149	0.357842747863515	CCDC177
chr14	24641201	24641201	cg07516252	0.0047132956966964	0.360399512982341	REC8
chr14	37013717	37013717	cg01821553	0.0047758650939167	0.36243037127231	
chr14	59932322	59932322	cg04329105	0.0048165502779796	0.36386515390821	L3HYPDH
chr14	37666931	37666931	cg18655441	0.0048600692413897	0.3652370891019	
chr14	101157950	101157950	cg11806439	0.0049236426383725	0.367273967730381	
chr14	30396974	30396974	cg10318510	0.004948720549585	0.368320784068877	PRKD1
chr14	69062423	69062423	cg23630256	0.0050573574635051	0.371910222706827	RAD51B
chr14	93725378	93725378	cg01715680	0.0050618085793318	0.372012213285691	BTBD7
chr14	29235376	29235376	cg09231862	0.005137951903378	0.374320049068231	FOXG1
chr14	24641155	24641155	cg18534491	0.0051711056748795	0.375570094944082	REC8
chr14	24641194	24641194	cg16425038	0.0053099323325346	0.37954015543429	REC8
chr14	104856500	104856500	cg08200043	0.0053257923950071	0.380128662417079	
chr14	103411866	103411866	cg10239600	0.005419665188017	0.383162439639008	CDC42BPB
chr14	24641070	24641070	cg18556834	0.0054506180878848	0.384309979283318	REC8
chr14	88461032	88461032	cg05601096	0.0054760581660483	0.384961642287456	
chr14	88729846	88729846	cg11884385	0.0055500215223709	0.387207949081631	KCNK10
chr14	94404916	94404916	cg01798419	0.00556017760134	0.387327201762992	ASB2
chr14	104642491	104642491	cg01099045	0.0055746875314053	0.387773778599964	KIF26A
chr14	99734019	99734019	cg11753157	0.0055772647339737	0.387773778599964	BCL11B
chr14	24642219	24642219	cg06351481	0.0055814051813144	0.387900230610265	REC8
chr14	85997520	85997520	cg18070676	0.0056348977554848	0.389178060897478	FLRT2
chr14	20903555	20903555	cg19635505	0.0056454608088236	0.389532599133582	KLHL33
chr14	30920008	30920008	cg01942776	0.0056482291999542	0.389586094670635	RP11-1103G16.1
chr14	29235196	29235196	cg16038120	0.005710232385907	0.391281449984002	FOXG1
chr14	102026258	102026258	cg02609127	0.0057536377693404	0.39271158454863	DIO3OS
chr14	65006054	65006054	cg26421140	0.0057545273212474	0.39271158454863	HSPA2,RP11-973N13.4
chr14	22974145	22974145	cg09953583	0.0058320426350352	0.394842683917609	TRAJ36
chr14	57274763	57274763	cg27122213	0.0059330391392983	0.3975859648606	OTX2
chr14	56281968	56281968	cg14138235	0.0059907040520358	0.399396147215721	
chr14	80679808	80679808	cg13033972	0.0060705616345913	0.401996778036873	DIO2,DIO2-AS1
chr14	104854711	104854711	cg12859720	0.0061587349544072	0.404628159953049	
chr14	105409805	105409805	cg10207355	0.0061959738506229	0.405512022836907	AHNAK2
chr14	93897195	93897195	cg26354128	0.0062164326927805	0.406246283681365	UNC79
chr14	90724229	90724229	cg12160567	0.0062270603571505	0.406532385369278	PSMC1
chr14	105238773	105238773	cg14184729	0.0062569584494115	0.407372656832471	AKT1
chr14	54419614	54419614	cg08046044	0.0062635075654449	0.407565330650492	BMP4
chr14	91008006	91008006	cg18655025	0.0063377570648928	0.409527461157937	TTC7B
chr14	91621555	91621555	cg04384810	0.0063633820126737	0.410106764809085	C14orf159
chr14	52208528	52208528	cg13206386	0.0067412178620868	0.420474412125828	
chr14	54413763	54413763	cg06200092	0.0067765082615316	0.421312378219586	
chr14	95783728	95783728	cg20050420	0.006778399081529	0.421379547130023	CLMN
chr14	100073880	100073880	cg02309772	0.0068514155785097	0.422980337995279	RP11-543C4.1
chr14	102685400	102685400	cg16091920	0.0068664974426714	0.423111196287956	WDR20
chr14	91758471	91758471	cg05015297	0.0069022813312372	0.424239764111285	CCDC88C
chr14	103607265	103607265	cg00011861	0.0069530455589674	0.425554508079481	RP11-736N17.4
chr14	38067623	38067623	cg19578835	0.0070138307693288	0.427320520045167	FOXA1,TTC6
chr14	77242524	77242524	cg01792257	0.0070251696506273	0.427643666061381	RP11-488C13.6,VASH1
chr14	103422561	103422561	cg04569190	0.0070344280419276	0.42783805508216	CDC42BPB
chr14	102414004	102414004	cg10008953	0.0072242008604525	0.433891108780464	
chr14	75743685	75743685	cg27067760	0.0072417805978451	0.43431575444923	
chr14	27067638	27067638	cg18468511	0.0073865438156276	0.437688087206421	NOVA1-AS1
chr14	103470300	103470300	cg12195230	0.0074075136202844	0.438231924284823	CDC42BPB
chr14	23391205	23391205	cg27006252	0.0074668788367249	0.439455857499667	PRMT5,PRMT5-AS1
chr14	93118717	93118717	cg20934105	0.0075253943327413	0.44103541218742	RIN3
chr14	101970660	101970660	cg05152974	0.0075563508567635	0.441950503438913	
chr14	24741664	24741664	cg00951770	0.0076554918709946	0.443959660317637	
chr14	102026230	102026230	cg13126530	0.0076541739898226	0.443959660317637	DIO3OS
chr14	52117834	52117834	cg22430790	0.007683863530902	0.444395221647833	FRMD6
chr14	102396537	102396537	cg02898083	0.0077783585054534	0.446548666967129	
chr14	52219924	52219924	cg20268279	0.0077864112180759	0.446680777701483	RP11-280K24.1
chr14	21549756	21549756	cg08212772	0.0077935057871872	0.446876116374419	ARHGEF40
chr14	99665211	99665211	cg10178917	0.0078189775120724	0.447228382072579	BCL11B
chr14	105125984	105125984	cg10952171	0.0080051852134673	0.451815660598273	
chr14	102695264	102695264	cg21007691	0.0080353148046742	0.452368153642161	MOK
chr14	99891629	99891629	cg19854437	0.0080443423808063	0.452671661515357	SETD3
chr14	59932273	59932273	cg10014563	0.0080968364162833	0.453901375728118	L3HYPDH
chr14	105184177	105184177	cg23343291	0.0081450105553642	0.455214083383943	INF2
chr14	104717528	104717528	cg23702321	0.0081636931724192	0.455578168702786	RP11-260M19.2
chr14	100067091	100067091	cg21093007	0.0081986700925164	0.456080349324945	CCDC85C
chr14	94173262	94173262	cg06626359	0.0082478129602765	0.457382402009964	UNC79
chr14	101512613	101512613	cg19560831	0.0083341699717337	0.459065778278344	MIR381HG
chr14	67878535	67878535	cg17641252	0.0083487156125463	0.459228284461402	PLEK2
chr14	97684773	97684773	cg15362957	0.0083561125583762	0.459317788861066	
chr14	21550212	21550212	cg25996688	0.0084555620341968	0.462142866713451	ARHGEF40
chr14	100120875	100120875	cg14515803	0.0084648532104683	0.462358982989526	HHIPL1
chr14	38511543	38511543	cg14484792	0.008512984057234	0.463080389648227	CTD-2058B24.2
chr14	101236070	101236070	cg18603483	0.008582280882312	0.464790990197717	
chr14	86000943	86000943	cg19953646	0.0086532388300495	0.466686997369944	FLRT2
chr14	76600843	76600843	cg12212620	0.0087097560786255	0.46796002093639	
chr14	51293794	51293794	cg18459806	0.0087194381962904	0.468042318124639	NIN
chr14	104718313	104718313	cg15412228	0.0087230565441368	0.468162761732091	RP11-260M19.2
chr14	103406413	103406413	cg21937244	0.0087400164819607	0.468535104190559	CDC42BPB
chr14	52536066	52536066	cg26394244	0.0088186457403659	0.470570583375554	
chr14	96718926	96718926	cg20937296	0.0088342604717438	0.470615010716721	RP11-404P21.8
chr14	70039262	70039262	cg04571965	0.0088756658266758	0.471570340538927	CCDC177
chr14	95942049	95942049	cg16522484	0.0088767911406567	0.471600134974243	SYNE3
chr14	80328092	80328092	cg24197470	0.0089519778098695	0.473306931072274	NRXN3
chr14	59932129	59932129	cg05217962	0.0089810073426834	0.473968046714242	L3HYPDH
chr14	75077386	75077386	cg17335494	0.0089804965977453	0.473968046714242	LTBP2
chr14	101944576	101944576	cg07033549	0.0089981964274045	0.474279723789931	
chr14	102808555	102808555	cg18212453	0.0090262946840985	0.474921704064629	ZNF839
chr14	37135899	37135899	cg06756919	0.0090452708799854	0.47544588717231	PAX9
chr14	99655676	99655676	cg16452866	0.0090776272469942	0.475884140811456	BCL11B
chr14	22966633	22966633	cg20507742	0.009175537032656	0.478076783703485	
chr14	101162022	101162022	cg23315424	0.0091979250089884	0.478676015852152	
chr14	100118673	100118673	cg01534391	0.0092190488708211	0.479066478487051	HHIPL1
chr14	104741449	104741449	cg18387814	0.0092627541111906	0.480224908637858	RP11-260M19.2
chr14	21167999	21167999	cg09803574	0.0092654147111538	0.480243627779079	AL163636.6,RNASE4,RP11-903H12.3
chr14	100793638	100793638	cg18831841	0.0093178017328546	0.481128635954254	SLC25A47
chr14	37125005	37125005	cg14181527	0.0094655125004791	0.484512441150446	RP11-964E11.2
chr14	103336737	103336737	cg01039429	0.0094952837420522	0.485017745515207	TRAF3
chr14	38061459	38061459	cg03772350	0.0095185468867109	0.485554966513748	FOXA1
chr14	100626999	100626999	cg08180525	0.0095874155231001	0.48722944732901	
chr14	105119775	105119775	cg22766368	0.0096312719175142	0.48825727683346	
chr14	21501986	21501986	cg27142656	0.0097144986293729	0.490583942571259	NDRG2,RNASE13,RP11-998D10.1,TPPP2
chr14	100857630	100857630	cg14215786	0.0097170625519811	0.490604690972246	WDR25
chr14	75531783	75531783	cg01903327	0.0097367157283142	0.491023191356765	ACYP1,ZC2HC1C
chr14	37051417	37051417	cg10530851	0.0097587478383085	0.491451905997055	NKX2-8
chr14	104195667	104195667	cg21167502	0.0097962319301364	0.492023963849799	ZFYVE21
chr14	100145097	100145097	cg16157055	0.0098595147010488	0.492937197670595	HHIPL1
chr14	38091927	38091927	cg04193970	0.0098660172454148	0.493137933965846	TTC6
chr14	103468582	103468582	cg20043258	0.0099105894582899	0.494006131519153	CDC42BPB
chr14	52119440	52119440	cg12671336	0.0099856685262583	0.495389443099429	FRMD6
chr14	102053959	102053959	cg05308317	0.0100610899247218	0.497174948390622	
chr14	89033837	89033837	cg18808285	0.0100862984678014	0.497464118046249	ZC3H14
chr14	105089101	105089101	cg27298662	0.0101688676803071	0.498892017277777	
chr15	89922345	89922345	cg09086835	1.56588164461937e-05	0.054171566000017	LINC00925
chr15	89922328	89922328	cg09969277	9.64003151501576e-06	0.054171566000017	LINC00925
chr15	89922072	89922072	cg12850078	1.15341816924027e-05	0.054171566000017	LINC00925
chr15	89920349	89920349	cg17301216	2.04678729820027e-05	0.054171566000017	LINC00925
chr15	30114474	30114474	cg19965221	8.92935503755078e-06	0.054171566000017	TJP1
chr15	89921156	89921156	cg20738500	1.74255326644313e-05	0.054171566000017	LINC00925
chr15	89920888	89920888	cg21751684	6.53298956406572e-06	0.054171566000017	LINC00925
chr15	87455478	87455478	cg14563921	2.37412131545091e-05	0.0543206248802127	AGBL1
chr15	99645065	99645065	cg27569300	3.33488870157887e-05	0.0543707177967035	RP11-654A16.3,SYNM
chr15	83380064	83380064	cg01780092	3.83331906513318e-05	0.0551012872280427	AC105339.1
chr15	29213858	29213858	cg12044210	3.76361732857754e-05	0.0551012872280427	APBA2
chr15	89921158	89921158	cg00481644	4.38094845424439e-05	0.0556883318141202	LINC00925
chr15	31775406	31775406	cg01763090	5.00406393563675e-05	0.0574970328465066	OTUD7A
chr15	29228305	29228305	cg22142254	5.1822733334114e-05	0.0575683032396971	APBA2
chr15	89921898	89921898	cg00848167	5.41565886757342e-05	0.0578403073828547	LINC00925
chr15	29261922	29261922	cg10656128	6.04110003845131e-05	0.0594180508837887	APBA2
chr15	30114872	30114872	cg12400336	6.12004675210393e-05	0.0595530723273388	RP11-680F8.3,TJP1
chr15	89924976	89924976	cg20655369	6.14467847586879e-05	0.0595530723273388	LINC00925
chr15	29213860	29213860	cg21917349	6.27520601462548e-05	0.0595530723273388	APBA2
chr15	26154649	26154649	cg14431065	7.13913328682294e-05	0.0615974473485097	RP11-1084I9.1
chr15	25123491	25123491	cg25657700	7.56521474107794e-05	0.0622354563449658	SNRPN
chr15	89915213	89915213	cg19256331	8.01495027948792e-05	0.0630314125342865	LINC00925
chr15	29076547	29076547	cg15288010	8.06441062292183e-05	0.0630436879575555	RP11-578F21.12
chr15	29967593	29967593	cg25840237	8.16604737972316e-05	0.0633987329348407	RP11-680F8.1
chr15	27216820	27216820	cg05678749	9.22677245836596e-05	0.0656542233018314	GABRG3
chr15	92459304	92459304	cg26171489	0.0001033863768826	0.068608991683305	SLCO3A1
chr15	27216277	27216277	cg08445263	0.0001050861720445	0.0691335851215993	
chr15	37030161	37030161	cg00057092	0.0001138668311554	0.0706481018961496	C15orf41
chr15	76627788	76627788	cg26674943	0.0001261756914721	0.0725463444821803	
chr15	89921259	89921259	cg21029612	0.0001419216808513	0.0759487815647982	LINC00925
chr15	73996269	73996269	cg19698416	0.0001434385760143	0.0759603510451277	CD276
chr15	89909905	89909905	cg00576773	0.0001471830404941	0.0767881047387209	LINC00925
chr15	31775896	31775896	cg04875128	0.0001560507949374	0.0779241199760572	OTUD7A
chr15	89921673	89921673	cg09169617	0.0001608724835445	0.0790056966893502	LINC00925
chr15	22000221	22000221	cg20113802	0.0001710058060359	0.0810288169095164	
chr15	76627594	76627594	cg05196969	0.0001723179015094	0.081383343672814	
chr15	99557464	99557464	cg26942432	0.000172533382227	0.081383343672814	RP11-654A16.3
chr15	93749170	93749170	cg01959025	0.0001781095678665	0.0827060045286187	
chr15	26234833	26234833	cg00646185	0.0001788591378451	0.0828238766176753	RP11-1084I9.1
chr15	89914609	89914609	cg10157251	0.0001890020707029	0.0846581318023689	LINC00925
chr15	29395933	29395933	cg15605858	0.0001889951747279	0.0846581318023689	APBA2
chr15	32606572	32606572	cg16648494	0.0001894998472337	0.0847447780423328	RP13-395E19.2
chr15	26791513	26791513	cg09549726	0.0001902347669038	0.0848463311091915	GABRB3
chr15	22541306	22541306	cg21028703	0.0002129755206993	0.0891353770684659	
chr15	24506389	24506389	cg13749113	0.0002201522013594	0.0904176131064121	RP11-580I1.2
chr15	20786807	20786807	cg14142186	0.0002372027089591	0.0932923614849576	
chr15	89918123	89918123	cg13494636	0.000239836756776	0.0936540702258069	LINC00925
chr15	89922602	89922602	cg04600027	0.0002424433162869	0.0941366438061465	LINC00925
chr15	75019203	75019203	cg12101586	0.0002426725041571	0.0941366438061465	
chr15	20711766	20711766	cg18831910	0.0002455856736551	0.0946290989594174	
chr15	29213626	29213626	cg20840847	0.0002538995041475	0.0961473455928063	APBA2
chr15	92484044	92484044	cg21656246	0.0002716132464566	0.0990823773560948	SLCO3A1
chr15	92460757	92460757	cg07277618	0.0003069583516424	0.104471699841419	SLCO3A1
chr15	25018227	25018227	cg13495693	0.0003085065820907	0.104720998580864	
chr15	23453289	23453289	cg04287075	0.0003259995104018	0.107006489195459	
chr15	99645088	99645088	cg09948076	0.0003359851668439	0.10879613649398	RP11-654A16.3,SYNM
chr15	83501699	83501699	cg10025586	0.0003778995203447	0.114272848841539	WHAMM
chr15	31774774	31774774	cg07814414	0.000394755989842	0.116567299490399	
chr15	29213640	29213640	cg00955451	0.0004123174805224	0.118936223402605	APBA2
chr15	40382862	40382862	cg22959260	0.0004253450611885	0.11996023131171	BMF
chr15	23631875	23631875	cg04823738	0.0004277730103249	0.12022018408443	
chr15	89927750	89927750	cg08175536	0.0004319274463134	0.120724026074286	LINC00925
chr15	31171739	31171739	cg24252766	0.0004338231512963	0.120882115140431	
chr15	20104187	20104187	cg11596845	0.0004530199802576	0.123146381831981	
chr15	92706068	92706068	cg26723698	0.0004650248984487	0.124601015522232	RP11-152L20.3,RP11-24J19.1,SLCO3A1
chr15	26042920	26042920	cg02208504	0.0004671339737216	0.124794236061322	ATP10A
chr15	89920918	89920918	cg03766449	0.0004719972826774	0.125331931983286	LINC00925
chr15	60296809	60296809	cg02630553	0.0004988173662424	0.12837309257776	FOXB1
chr15	89914467	89914467	cg09683350	0.0005090020590941	0.12916248584486	LINC00925
chr15	23378572	23378572	cg05642024	0.0005323087556851	0.132147665519099	
chr15	68120394	68120394	cg27649239	0.0005473481412204	0.133891773389122	SKOR1
chr15	27215963	27215963	cg02069715	0.0005884664316085	0.138514949799537	
chr15	89919993	89919993	cg08961287	0.0005941126305783	0.139005911279807	LINC00925
chr15	77857998	77857998	cg26971783	0.0005965752236756	0.139155987453827	
chr15	20785891	20785891	cg27519014	0.0006129027892491	0.140665914582041	
chr15	29346255	29346255	cg27060812	0.0006611934556966	0.145746045462373	APBA2
chr15	26026283	26026283	cg02287939	0.0006756194202133	0.147246255554738	ATP10A
chr15	73635812	73635812	cg01710432	0.0006999669003747	0.149534546414027	HCN4
chr15	52455212	52455212	cg22134372	0.0007703015227483	0.155959734431493	GNB5
chr15	41228628	41228628	cg09900371	0.0007743195451931	0.156280844587144	DLL4
chr15	99645096	99645096	cg10637512	0.0007894624286882	0.157472871753344	RP11-654A16.3,SYNM
chr15	27112903	27112903	cg03462380	0.0007985061094072	0.158444475686446	GABRA5,GABRB3
chr15	69222593	69222593	cg17286244	0.0008242747364748	0.160920234566003	SPESP1
chr15	29346098	29346098	cg25265081	0.000833349478768	0.162034626705308	APBA2
chr15	39771590	39771590	cg06103377	0.0008413349480346	0.162752476677701	RP11-624L4.2
chr15	83316224	83316224	cg27578811	0.0008414327831655	0.162752476677701	CPEB1
chr15	85263675	85263675	cg11390504	0.0009204851913613	0.169536774407626	
chr15	29396201	29396201	cg05790451	0.0010172758624221	0.178390805576567	APBA2
chr15	100514480	100514480	cg09939229	0.0010208455734143	0.178662682017352	ADAMTS17
chr15	37236977	37236977	cg26732155	0.0011574356912791	0.189698191714067	MEIS2
chr15	21146459	21146459	cg21704788	0.0011679823573015	0.190380896341161	CT60
chr15	40443853	40443853	cg06926377	0.0012106056723001	0.193417698994967	
chr15	89922793	89922793	cg12364131	0.0012325691268448	0.194607490919938	LINC00925
chr15	25101627	25101627	cg01240229	0.0014110610975568	0.207468872460603	SNRPN
chr15	23378565	23378565	cg22689396	0.0014187084836346	0.208177091306479	
chr15	22947045	22947045	cg19648954	0.001430505530815	0.209063528218875	CYFIP1
chr15	29396268	29396268	cg01591938	0.0014505923740941	0.210270198493233	APBA2
chr15	30115148	30115148	cg25050951	0.0014669603592633	0.211382055034028	RP11-680F8.3,TJP1
chr15	31195982	31195982	cg01939479	0.0015194519982981	0.21450704645482	
chr15	41050377	41050377	cg00493389	0.0015983967193124	0.219444795296192	
chr15	40423445	40423445	cg05475575	0.0016249670218688	0.220714636582316	
chr15	75019188	75019188	cg17852385	0.0016442675056439	0.221213516790188	
chr15	79586428	79586428	cg16730765	0.0016857647048273	0.223767970516486	ANKRD34C
chr15	52944233	52944233	cg06871560	0.0018362414253663	0.233902273290105	FAM214A
chr15	30260459	30260459	cg22729438	0.0018372947149846	0.233902273290105	TJP1
chr15	27215953	27215953	cg21711132	0.0020077959742468	0.244462987055899	
chr15	22954287	22954287	cg21619825	0.0021080966824443	0.250005181937243	CYFIP1
chr15	27212912	27212912	cg13563725	0.0021837026370439	0.254326379791854	TVP23BP1
chr15	26089080	26089080	cg00602502	0.002255707063682	0.25806067277682	ATP10A
chr15	92492785	92492785	cg02257883	0.002265470716256	0.258646348793451	SLCO3A1
chr15	89921222	89921222	cg11710334	0.0023023028504064	0.260713561251924	LINC00925
chr15	76627666	76627666	cg19464917	0.0023434355540131	0.262912319701613	
chr15	22946987	22946987	cg00213606	0.0023942945387275	0.265633054227736	CYFIP1
chr15	100913843	100913843	cg19945554	0.0024061796841076	0.266376138362931	RP11-168G16.2
chr15	99664148	99664148	cg09365240	0.0025162193338135	0.271839191059354	SYNM
chr15	89921845	89921845	cg25716623	0.0025259661751225	0.272239255267303	LINC00925
chr15	92549139	92549139	cg21338677	0.0025324341784473	0.272522088420904	SLCO3A1
chr15	64303085	64303085	cg21244322	0.0025616273970778	0.273704067916935	DAPK2
chr15	75968961	75968961	cg24213625	0.0025936085904804	0.274921817617728	CSPG4,CTD-2026K11.1
chr15	25093244	25093244	cg25978208	0.0026614504333842	0.278365655983216	SNRPN
chr15	60295294	60295294	cg26517663	0.0027083171365601	0.281295252969891	
chr15	20786825	20786825	cg04123941	0.0027290521902783	0.282063813116873	
chr15	63245057	63245057	cg23735693	0.0027484546962224	0.283070841252881	
chr15	29409633	29409633	cg00392396	0.0027670152412914	0.283740115619848	APBA2
chr15	27786766	27786766	cg11147723	0.0027932755891783	0.285016465376113	RP11-100M12.3
chr15	29213736	29213736	cg10768063	0.002839778065151	0.287139347074007	APBA2
chr15	23049108	23049108	cg03382910	0.0029841728072969	0.293800869148243	NIPA1
chr15	89922990	89922990	cg07038187	0.0029860051236914	0.293911988240673	LINC00925
chr15	27215998	27215998	cg03024760	0.0030467571125792	0.297195431593151	
chr15	75641529	75641529	cg02319990	0.0030479266877295	0.297222025085704	NEIL1
chr15	24921183	24921183	cg13077138	0.0030718537675918	0.298458568184265	NPAP1
chr15	26147435	26147435	cg02242989	0.0030890417088937	0.299362543912464	
chr15	100651511	100651511	cg21314318	0.0031130930744447	0.300688331058258	ADAMTS17
chr15	63233164	63233164	cg19938199	0.0031225493659068	0.301233537762066	
chr15	21905654	21905654	cg24739513	0.0031391905288149	0.302034131231847	
chr15	92706140	92706140	cg25379163	0.0031658680421392	0.303011440173466	RP11-152L20.3,RP11-24J19.1,SLCO3A1
chr15	73776843	73776843	cg19985018	0.0031762086049502	0.303549031821495	C15orf60
chr15	29385437	29385437	cg02922676	0.0032114681101569	0.304930320647225	APBA2
chr15	23378430	23378430	cg13771214	0.0032508302352861	0.306855691702273	
chr15	31195900	31195900	cg00293012	0.0033956037488159	0.312821207294451	
chr15	29348365	29348365	cg01863596	0.0033990501243894	0.312821207294451	APBA2
chr15	27019265	27019265	cg11273478	0.0034028496431118	0.313067413850764	GABRB3
chr15	24921412	24921412	cg24719138	0.0035019428844795	0.317213469726101	NPAP1
chr15	29396430	29396430	cg14794445	0.0035245141607537	0.318249027304632	APBA2
chr15	27787651	27787651	cg01334824	0.0035403866291022	0.318725044983874	
chr15	63892608	63892608	cg14776518	0.0035978400368941	0.320949137786858	FBXL22,USP3-AS1
chr15	23891403	23891403	cg21325760	0.0036130762274302	0.321468733668478	
chr15	75614954	75614954	cg03649353	0.0036245747701055	0.321878043265745	ANP32BP1
chr15	68345881	68345881	cg20044443	0.0036791659262245	0.323617883929003	
chr15	62515914	62515914	cg04198698	0.0038054064772264	0.328606329388733	
chr15	31195870	31195870	cg24401310	0.0038833450148626	0.331295492079848	
chr15	59179551	59179551	cg26206632	0.0038999167645245	0.331963119924215	RNF111,SLTM
chr15	40364740	40364740	cg20592017	0.0039446267207768	0.333728831734993	
chr15	27216013	27216013	cg08182446	0.0039756740884599	0.335133679714743	
chr15	74315180	74315180	cg18863296	0.0040588984166235	0.338190525223269	PML
chr15	78552612	78552612	cg13634653	0.0040835571743497	0.338695175270233	RP11-762H8.3
chr15	41804838	41804838	cg07359633	0.004156050762867	0.340997635204121	LTK
chr15	89731485	89731485	cg23124613	0.0041619719308095	0.341166489284401	ABHD2
chr15	25415390	25415390	cg20460234	0.0041765457612506	0.34186916229552	SNHG14
chr15	59713428	59713428	cg25273520	0.0041891502469862	0.342094128013587	FAM81A
chr15	66697173	66697173	cg24591861	0.0042880715930991	0.346134266017358	MAP2K1
chr15	22541063	22541063	cg23846955	0.0042889988611419	0.346142221488516	
chr15	29395685	29395685	cg01434025	0.0043411059078396	0.348294948775989	APBA2
chr15	29395532	29395532	cg05494776	0.0044130372869534	0.35107160634816	APBA2
chr15	83953999	83953999	cg02713760	0.0044696885082628	0.353006401212092	RP11-382A20.4
chr15	89915003	89915003	cg17180678	0.0045189289075429	0.354391779746786	LINC00925
chr15	75775353	75775353	cg02250028	0.0046032021815284	0.357481707240151	PTPN9
chr15	89631058	89631058	cg16651732	0.0046090319920895	0.357769516996299	ABHD2,RP11-326A19.3
chr15	22940818	22940818	cg07729303	0.0046372004546327	0.358365319298952	CYFIP1
chr15	94443971	94443971	cg18120303	0.0046375890743463	0.358365319298952	CTD-2643K12.2,CTD-3049M7.1
chr15	41169341	41169341	cg25860912	0.0046673415706913	0.359155449705578	
chr15	29406137	29406137	cg12491805	0.0046959300461063	0.36006038240808	APBA2
chr15	89285171	89285171	cg27629948	0.0047329693698731	0.360945732553259	
chr15	29399274	29399274	cg16712730	0.0048155849500182	0.36386515390821	APBA2
chr15	78933821	78933821	cg17179314	0.0048672343184769	0.365545356609134	CHRNB4
chr15	27087315	27087315	cg04634427	0.0049515294051107	0.368398550522353	GABRB3
chr15	36654997	36654997	cg25577101	0.0049513151299907	0.368398550522353	
chr15	43531947	43531947	cg25875049	0.0049732819475643	0.369260548721415	TGM5
chr15	62516631	62516631	cg27071797	0.0050595363468265	0.371987980096098	
chr15	101695532	101695532	cg13992109	0.0050811719582234	0.372765341479669	
chr15	89949776	89949776	cg22549870	0.0051469141788092	0.37469266102036	
chr15	75981392	75981392	cg20310606	0.0051535319094992	0.374945703306571	CSPG4
chr15	92459554	92459554	cg07043952	0.0052224390456158	0.376778417404994	SLCO3A1
chr15	41806135	41806135	cg25298161	0.0052408381615967	0.377549149569312	
chr15	40630792	40630792	cg13474734	0.005244084001543	0.377620155909409	C15orf52
chr15	27216288	27216288	cg00745725	0.0053331757167646	0.380298449100856	
chr15	23211965	23211965	cg08137564	0.0053433201756732	0.380599484006897	
chr15	92706126	92706126	cg25508605	0.00535003297219	0.380785417407372	RP11-152L20.3,RP11-24J19.1,SLCO3A1
chr15	89952500	89952500	cg18698788	0.0055986475864797	0.388292622570558	
chr15	88932280	88932280	cg03396963	0.0056202601545863	0.388898485326667	
chr15	29212340	29212340	cg03179496	0.0056471266137778	0.389555922766155	APBA2
chr15	37395172	37395172	cg16523643	0.0057863767137495	0.393663055694422	
chr15	52404887	52404887	cg13040886	0.0057996305298366	0.394083337744572	BCL2L10
chr15	29385364	29385364	cg17840469	0.0058706972850072	0.395636217398688	APBA2
chr15	29326468	29326468	cg00214012	0.0058815530732885	0.395989871212374	APBA2
chr15	52408530	52408530	cg19382136	0.0058985514801173	0.396515373312268	
chr15	45952725	45952725	cg16751778	0.0059929691685822	0.399396147215721	RP11-96O20.4,SQRDL
chr15	65701865	65701865	cg26579713	0.0059927291774806	0.399396147215721	IGDCC4
chr15	29409672	29409672	cg02982089	0.0060404078221079	0.400921630699636	APBA2
chr15	92936232	92936232	cg08152839	0.0060439895817215	0.401031910471886	
chr15	31196076	31196076	cg09783693	0.0060542681751874	0.401299549518292	FAN1
chr15	85326723	85326723	cg14726357	0.0060835550422002	0.402423115167245	ZNF592
chr15	22957012	22957012	cg24689585	0.0060987262537142	0.402960783464337	CYFIP1
chr15	30516906	30516906	cg24597895	0.0062794405716274	0.407938516842891	RP11-261B23.1
chr15	89948931	89948931	cg12687617	0.0062816821081955	0.408052403534348	
chr15	73661652	73661652	cg10576051	0.0064253311489872	0.411590720286336	
chr15	37399799	37399799	cg11869862	0.0065189313376026	0.414170794275375	
chr15	45480917	45480917	cg18496447	0.0066711160846849	0.41873667584866	RP11-519G16.2,SHF
chr15	23034701	23034701	cg10583683	0.0066959653990241	0.419501679859338	
chr15	79852363	79852363	cg26321766	0.0067115924325333	0.420014026308983	RP11-621H8.2
chr15	75463904	75463904	cg25738326	0.0067996535907783	0.421831285034785	
chr15	68177335	68177335	cg19925445	0.0068025607688332	0.421869189930973	
chr15	22954634	22954634	cg27412506	0.0068451689235918	0.422932334819588	CYFIP1
chr15	75119335	75119335	cg04235071	0.0068729555601524	0.42325752879519	CPLX3,RP11-414J4.2
chr15	60292819	60292819	cg01109464	0.006934210280672	0.425046206203376	
chr15	51973661	51973661	cg11831981	0.0069526688605238	0.425554508079481	SCG3
chr15	21145759	21145759	cg07523089	0.0069717057465758	0.426259365903537	
chr15	72490059	72490059	cg08885647	0.0070172594188368	0.427320520045167	GRAMD2
chr15	30115149	30115149	cg02248826	0.0070397933887631	0.428010215600043	RP11-680F8.3,TJP1
chr15	86442020	86442020	cg21341008	0.0070499242193891	0.428283280841249	
chr15	92431546	92431546	cg15995251	0.007140125772767	0.43103594647344	SLCO3A1
chr15	22940746	22940746	cg10381637	0.0072426117813959	0.43431575444923	CYFIP1
chr15	25463653	25463653	cg04675922	0.007300555498966	0.435715443600493	SNHG14
chr15	29393368	29393368	cg23914328	0.0073933562459711	0.437843299349346	APBA2
chr15	26026348	26026348	cg17260954	0.007465795604293	0.43942306328054	ATP10A
chr15	29301402	29301402	cg02331808	0.0074970190631154	0.440147877691955	APBA2
chr15	99645231	99645231	cg21084284	0.007557988474551	0.442004672398294	RP11-654A16.3,SYNM
chr15	27216009	27216009	cg02281208	0.007566827596626	0.442346468628686	
chr15	83625693	83625693	cg12106058	0.0076043660800936	0.443029644177529	HOMER2,RP11-382A20.5
chr15	23049564	23049564	cg07055681	0.0076142041820526	0.443347613046494	NIPA1
chr15	100121570	100121570	cg22032020	0.0076355976385609	0.443642862695463	MEF2A
chr15	37395085	37395085	cg07077665	0.0076569276373592	0.444009320292334	
chr15	101740265	101740265	cg12520319	0.0076732957141005	0.44416581882617	CHSY1
chr15	22011381	22011381	cg20007188	0.007678251715971	0.44416581882617	DKFZP547L112
chr15	23891190	23891190	cg13037971	0.0076946453443183	0.444591690404246	
chr15	89903566	89903566	cg03951603	0.0078814939342784	0.448684415554988	
chr15	64443971	64443971	cg05366459	0.0080231173659449	0.451985426359404	SNX22
chr15	20149347	20149347	cg12629250	0.0080193738110953	0.451985426359404	
chr15	41247912	41247912	cg25677548	0.0080315441431114	0.452294941149225	CHAC1
chr15	42804870	42804870	cg13922935	0.0080535106345514	0.452768920709858	SNAP23
chr15	79852079	79852079	cg22105827	0.0081040087131525	0.454022118825231	RP11-621H8.2
chr15	28272148	28272148	cg23513095	0.0082512783815954	0.457481391705077	OCA2
chr15	43532244	43532244	cg24864663	0.0082659198237406	0.457812315044623	TGM5
chr15	83953690	83953690	cg27304406	0.0083889592204066	0.460532195556808	RP11-382A20.4
chr15	92459525	92459525	cg05346688	0.0084643896047877	0.462358982989526	SLCO3A1
chr15	89951404	89951404	cg00721530	0.0085330610464294	0.463393202303261	
chr15	27076856	27076856	cg19821049	0.0085735282735199	0.46459886624517	GABRB3
chr15	27597409	27597409	cg18576667	0.0087020989110586	0.467763487743267	GABRG3
chr15	89939252	89939252	cg25932290	0.008761231494137	0.468938509405613	LINC00925
chr15	21145840	21145840	cg25265824	0.0087666488951683	0.469059793387073	CT60
chr15	40826026	40826026	cg00211489	0.0088473578358851	0.470874917481824	C15orf57,RP11-111A22.1
chr15	75291884	75291884	cg13064046	0.0088504208436517	0.470887257935503	SCAMP5
chr15	22944125	22944125	cg12178316	0.0088843713160237	0.471762827596745	CYFIP1
chr15	83953068	83953068	cg08939095	0.0089179594515776	0.472627845631237	BNC1,RP11-382A20.4
chr15	70387269	70387269	cg09747445	0.008938630774387	0.473045244209478	TLE3
chr15	52861755	52861755	cg25003924	0.0090007814658166	0.474334666839785	ARPP19
chr15	51339831	51339831	cg06729034	0.0090320897918109	0.475047665169271	RP11-108K3.1
chr15	35086928	35086928	cg10580056	0.00926502824583	0.480243627779079	ACTC1,RP11-814P5.1
chr15	22930613	22930613	cg26344513	0.0092949503801599	0.480697660708269	CYFIP1
chr15	25093457	25093457	cg02305723	0.009301797883289	0.480808615888989	SNRPN
chr15	81156402	81156402	cg13990531	0.0093333971636903	0.481508810972747	KIAA1199
chr15	22923502	22923502	cg12759523	0.0094116515192763	0.483315732758747	CYFIP1
chr15	101097660	101097660	cg09499109	0.0094524027547775	0.484256807240865	PRKXP1
chr15	41805946	41805946	cg03257179	0.0094561668950275	0.484333083457508	LTK
chr15	25201021	25201021	cg22159025	0.0094948094239165	0.485017745515207	SNRPN,SNURF
chr15	101629376	101629376	cg02286809	0.0095487979608626	0.48635778530004	
chr15	25972328	25972328	cg12582965	0.0096927875787607	0.489991088098015	ATP10A
chr15	30336915	30336915	cg13176198	0.009761016765831	0.491454238609711	CTD-2022H16.3,RP11-143J24.1
chr15	99091811	99091811	cg09528275	0.0097764321980857	0.491692214063509	
chr15	93748066	93748066	cg10598868	0.0098292643416519	0.492770176662114	
chr15	71081265	71081265	cg05326378	0.0098545147646431	0.492937197670595	
chr15	35384651	35384651	cg01610536	0.0098900427701555	0.493777157246143	
chr15	40423298	40423298	cg03445316	0.0099062195248472	0.493906190948957	
chr15	31195860	31195860	cg19680485	0.0100923349867057	0.497464684220012	
chr16	85881908	85881908	cg00767503	1.25025840280196e-05	0.054171566000017	
chr16	54407990	54407990	cg02583618	1.57147760079076e-05	0.054171566000017	
chr16	85954904	85954904	cg03643032	1.65682973834476e-05	0.054171566000017	IRF8
chr16	85952286	85952286	cg08952239	1.57103857293081e-05	0.054171566000017	IRF8
chr16	85955083	85955083	cg16702747	1.83914841193092e-05	0.054171566000017	IRF8
chr16	85743864	85743864	cg26967566	5.34497039799709e-06	0.054171566000017	C16orf74
chr16	85882029	85882029	cg27440995	7.68241797175871e-06	0.054171566000017	
chr16	86005682	86005682	cg01822420	2.69833000610654e-05	0.0543206248802127	
chr16	88059049	88059049	cg05597945	2.4280864602075e-05	0.0543206248802127	BANP
chr16	4103533	4103533	cg01352090	3.09634941975008e-05	0.0543707177967035	ADCY9
chr16	85949780	85949780	cg02843417	3.4236501072935e-05	0.0543707177967035	IRF8
chr16	12799655	12799655	cg04898458	3.3122992892486e-05	0.0543707177967035	CPPED1
chr16	89650992	89650992	cg08565632	3.25687582988062e-05	0.0543707177967035	CPNE7
chr16	83997637	83997637	cg09082480	3.22521433330681e-05	0.0543707177967035	OSGIN1
chr16	12875117	12875117	cg26753721	3.02902787276366e-05	0.0543707177967035	CPPED1
chr16	2286787	2286787	cg27557378	3.18563543481695e-05	0.0543707177967035	DNASE1L2,RP11-304L19.12
chr16	54407944	54407944	cg04917160	3.73184400065832e-05	0.0550731515654561	
chr16	19197216	19197216	cg03229626	4.74090513310747e-05	0.0567859866937736	SYT17
chr16	52580988	52580988	cg26817217	4.72817105438715e-05	0.0567859866937736	TOX3
chr16	85968253	85968253	cg04868072	5.43690854728697e-05	0.0578403073828547	
chr16	85952180	85952180	cg08143192	5.38401650504262e-05	0.0578403073828547	IRF8
chr16	85743497	85743497	cg04558424	6.25399833308299e-05	0.0595530723273388	C16orf74
chr16	19127133	19127133	cg16733298	6.78477339349215e-05	0.0604479451349575	CTD-2349B8.1,ITPRIPL2
chr16	85968551	85968551	cg07829181	7.40626045977371e-05	0.062121479521886	
chr16	85968920	85968920	cg01132020	7.49507614483462e-05	0.0621912105819887	RP11-542M13.3
chr16	83992472	83992472	cg26958026	8.8598146887075e-05	0.0645455206587346	OSGIN1
chr16	85385322	85385322	cg03269320	0.00010752194243	0.0692733812010263	
chr16	19122705	19122705	cg00150245	0.0001156708663149	0.0710807324055405	
chr16	20817640	20817640	cg00999644	0.0001205668802914	0.0720326998113761	ERI2
chr16	78356709	78356709	cg05956920	0.0001225452086486	0.072282039353711	WWOX
chr16	85407316	85407316	cg02442649	0.0001332446718536	0.0741600011648336	
chr16	24372930	24372930	cg06489159	0.0001388971749023	0.0754155827228509	CACNG3
chr16	79623618	79623618	cg09422450	0.0001523225037127	0.0774946767457551	MAF
chr16	51185147	51185147	cg01146232	0.0001620543461071	0.079106423455981	SALL1
chr16	809680	809680	cg08700707	0.000177475556408	0.0825952453809697	
chr16	54408014	54408014	cg06658404	0.0001778447755938	0.0826749591357601	
chr16	89654085	89654085	cg10499753	0.0002058987767618	0.0878381595120849	CPNE7
chr16	89653836	89653836	cg09738481	0.0002126322971147	0.0890363371277957	CPNE7
chr16	89661801	89661801	cg05066973	0.0002200823613057	0.0904176131064121	CPNE7
chr16	1506482	1506482	cg07264401	0.0002245983051115	0.0913454647197027	CLCN7
chr16	20817603	20817603	cg16745829	0.0002369265982404	0.0932923614849576	ERI2
chr16	78206124	78206124	cg06483517	0.0002548897869794	0.096300717039019	WWOX
chr16	77747527	77747527	cg06845639	0.0002667461364198	0.0981396863095769	
chr16	85743928	85743928	cg15446115	0.0002909201094622	0.101915115847984	C16orf74
chr16	31230743	31230743	cg00982958	0.0003106392338847	0.104748574920556	TRIM72
chr16	12798592	12798592	cg06426011	0.0003103102385677	0.104748574920556	CPPED1
chr16	89650505	89650505	cg06278461	0.000315579501706	0.105368523339912	CPNE7
chr16	85945517	85945517	cg10334323	0.0003206627786447	0.106264343297877	IRF8
chr16	34404772	34404772	cg00870753	0.0003330320048931	0.108462486571386	
chr16	33961516	33961516	cg14544620	0.0003921906290708	0.116055917311181	LINC00273
chr16	85964073	85964073	cg26686361	0.0004002097319087	0.117480469997646	
chr16	17472480	17472480	cg07248440	0.0004122510278392	0.118936223402605	XYLT1
chr16	85966545	85966545	cg04258086	0.0004215135993662	0.119528916148519	
chr16	2287763	2287763	cg00249383	0.0004225821907579	0.119684403200784	DNASE1L2
chr16	810247	810247	cg07945221	0.0004244124045475	0.119854213841377	
chr16	85879072	85879072	cg01984854	0.000430353110395	0.12052281690301	
chr16	89654677	89654677	cg00647720	0.0004475672037926	0.122505244200884	CPNE7
chr16	85990171	85990171	cg05498785	0.0004639310709229	0.124540200612955	
chr16	4524515	4524515	cg10063637	0.0004828527268892	0.126883489736525	NMRAL1
chr16	31228203	31228203	cg10038009	0.0004856409163084	0.127255895489406	PYDC1,TRIM72
chr16	85744077	85744077	cg15531249	0.0004877942512803	0.12733477672752	C16orf74
chr16	85984071	85984071	cg27632179	0.0004995814119882	0.128411483833325	
chr16	85880914	85880914	cg04043382	0.0005004294649986	0.128496529779253	
chr16	33964783	33964783	cg05992347	0.000517178048525	0.130286493527784	
chr16	702601	702601	cg09067715	0.0005512593750633	0.134337149703671	WDR90
chr16	89662404	89662404	cg01710450	0.0006277606431684	0.142145867798352	CPNE7
chr16	85860164	85860164	cg07272042	0.000636431790151	0.143072812235105	
chr16	10721536	10721536	cg10218733	0.0006542334598606	0.145083520652411	TEKT5
chr16	19195101	19195101	cg03136323	0.0006569600342685	0.145408628540625	SYT17
chr16	51185132	51185132	cg06232807	0.000679156925674	0.147593662234146	SALL1
chr16	88868840	88868840	cg04376887	0.0007119685258606	0.150493719051542	
chr16	20817609	20817609	cg08063194	0.0007161127971571	0.15068564529278	ERI2
chr16	33817458	33817458	cg08214455	0.0008035379471686	0.158839259128741	
chr16	90000729	90000729	cg10512259	0.0008117598793576	0.159483324896179	TUBB3
chr16	83992318	83992318	cg01801191	0.0008378874240435	0.16247664089437	OSGIN1
chr16	31228060	31228060	cg00133595	0.0008600766223846	0.164620979426915	PYDC1,TRIM72
chr16	20818513	20818513	cg26985658	0.0008644875328585	0.164992096932636	AC004381.6,ERI2
chr16	89650532	89650532	cg26618039	0.0008955883591798	0.167756940681537	CPNE7
chr16	31228263	31228263	cg13352836	0.0009086306443867	0.168827049805152	PYDC1,TRIM72
chr16	11374723	11374723	cg12268344	0.0009407216479727	0.171247419035431	PRM1,RMI2
chr16	50708022	50708022	cg04057674	0.0009685544843089	0.173776897288466	SNX20
chr16	89649889	89649889	cg03294907	0.0010297088942534	0.179281039302299	CPNE7
chr16	85744074	85744074	cg03415742	0.0010296302756422	0.179281039302299	C16orf74
chr16	28632420	28632420	cg09351569	0.0010447131587117	0.180096903689375	SULT1A1
chr16	29884971	29884971	cg07060908	0.0010584402295526	0.181298636112844	SEZ6L2
chr16	77468894	77468894	cg03238797	0.0010673720356109	0.1821562506387	ADAMTS18,RP11-449J10.1
chr16	89654405	89654405	cg00973938	0.0010815183337421	0.183074426855416	CPNE7
chr16	1018001	1018001	cg06056563	0.0010821650782284	0.183103796917682	LMF1
chr16	85877184	85877184	cg04525335	0.0010926523929583	0.183878605986136	
chr16	1500359	1500359	cg06233301	0.0010947060655429	0.184022484511025	CLCN7
chr16	28995844	28995844	cg16462073	0.0011105594200581	0.18528709106683	RP11-264B17.3,SPNS1
chr16	33817129	33817129	cg01129155	0.0011126824607574	0.185530139315922	
chr16	19196647	19196647	cg01976076	0.0011343144944046	0.187601828637656	SYT17
chr16	85940654	85940654	cg08277259	0.0011429987526276	0.188353842442177	IRF8
chr16	431256	431256	cg09455322	0.0011452994422281	0.18852283275899	TMEM8A
chr16	86220038	86220038	cg07340145	0.0011840084458932	0.191461886258492	
chr16	20818527	20818527	cg06872243	0.0012100920844113	0.193417698994967	AC004381.6,ERI2
chr16	2287295	2287295	cg09219877	0.0012440331216795	0.195304277940798	DNASE1L2
chr16	34983384	34983384	cg01452125	0.001304177011781	0.199318618192381	5S_rRNA
chr16	34208210	34208210	cg15055149	0.0013220054671565	0.200726496247913	
chr16	86006059	86006059	cg10006157	0.0013361226373164	0.201936675515179	
chr16	29884806	29884806	cg08022819	0.0013721088357635	0.204429600192444	SEZ6L2
chr16	85866349	85866349	cg00709979	0.0014244005438041	0.208568710455449	
chr16	2288072	2288072	cg17300750	0.0014300171724379	0.209028725355755	DNASE1L2
chr16	32662544	32662544	cg00872900	0.0014337465546493	0.209381353826546	RP11-586K12.11
chr16	1487181	1487181	cg03997730	0.0014425964899491	0.20996271208999	CCDC154
chr16	783917	783917	cg27144592	0.0014481100867169	0.210240549007976	HAGHL,NARFL
chr16	4103492	4103492	cg10177032	0.0014775455579457	0.212225437228916	ADCY9
chr16	78496509	78496509	cg08599635	0.0014826095541099	0.212523061521373	WWOX
chr16	86987829	86987829	cg05324407	0.0014891738827687	0.212834412856122	
chr16	79103057	79103057	cg01657422	0.0015258507814368	0.214942868693433	WWOX
chr16	20818069	20818069	cg06039624	0.0015529471458239	0.216865875793306	AC004381.6,ERI2
chr16	86006197	86006197	cg05622569	0.001574394922274	0.218041563500206	
chr16	86121041	86121041	cg09164726	0.0016059042402976	0.219852185150087	RP11-805I24.1
chr16	1494720	1494720	cg00600033	0.0016415790710313	0.221213516790188	
chr16	77233248	77233248	cg00602371	0.0017619544988105	0.229116450337056	MON1B
chr16	11367460	11367460	cg01456572	0.0018020839848528	0.231566544648898	RMI2
chr16	33962360	33962360	cg05987548	0.0018081303541843	0.232093590426617	LINC00273
chr16	12894032	12894032	cg09774289	0.0018629648650735	0.235369928054013	CPPED1
chr16	31227515	31227515	cg18682103	0.00191012127762	0.238343539373891	PYDC1,TRIM72
chr16	51185110	51185110	cg09016242	0.0019643503773516	0.241938178253574	SALL1
chr16	302853	302853	cg27316939	0.0019645073725314	0.241938178253574	ITFG3
chr16	88121781	88121781	cg16609966	0.0019893657552473	0.243069245052508	RP11-863P13.4
chr16	2286602	2286602	cg12619509	0.002063339574958	0.247699031072822	DNASE1L2,RP11-304L19.12
chr16	10717941	10717941	cg02918093	0.0020651204301598	0.247830471803529	
chr16	32322028	32322028	cg01560685	0.0021062246599243	0.249820434340431	
chr16	23163451	23163451	cg08433696	0.0021259603422855	0.250914381884208	
chr16	67197186	67197186	cg07816687	0.0021305410317327	0.251206574995443	FBXL8
chr16	11370064	11370064	cg00332307	0.0021439414857955	0.252146739599242	PRM2,RMI2
chr16	31227884	31227884	cg07275305	0.0021542702771848	0.253134147293056	PYDC1,TRIM72
chr16	20817619	20817619	cg04576630	0.0022396645908523	0.257034972924676	ERI2
chr16	19127209	19127209	cg16426779	0.0023205241976517	0.261642000416947	CTD-2349B8.1,ITPRIPL2
chr16	89650951	89650951	cg09369124	0.0023419313155779	0.262849460005327	CPNE7
chr16	3078143	3078143	cg05650846	0.0023774982390613	0.264764002871247	CCDC64B
chr16	88868870	88868870	cg26787539	0.0024233157457071	0.26743100311323	
chr16	20817949	20817949	cg26658439	0.0024842621355426	0.270361384030829	AC004381.6,ERI2
chr16	31286563	31286563	cg03458229	0.0025690430445118	0.273801620470278	ITGAM
chr16	85435753	85435753	cg02610274	0.0025756594358605	0.274094130646186	
chr16	31228428	31228428	cg04784212	0.0026336599028935	0.277122152951367	PYDC1,TRIM72
chr16	89722417	89722417	cg00355690	0.0027262636279099	0.281883923900236	CHMP1A
chr16	20817844	20817844	cg02598978	0.0027650938167447	0.283735104049791	AC004381.6,ERI2
chr16	88085081	88085081	cg05193662	0.0028372531406088	0.28697996186984	BANP
chr16	85947219	85947219	cg02549595	0.0028439150901044	0.287139347074007	IRF8
chr16	89888817	89888817	cg06645120	0.0028779122306148	0.288507506508779	SPIRE2
chr16	87498481	87498481	cg02878439	0.0028925213795001	0.288989023137389	ZCCHC14
chr16	87695356	87695356	cg01247560	0.0029291878389247	0.291073144927873	JPH3
chr16	30378782	30378782	cg04803465	0.0029300722235666	0.291107727037082	TBC1D10B
chr16	10721112	10721112	cg01783492	0.0029502019803876	0.291970386111168	
chr16	87492531	87492531	cg03535255	0.0029635069699157	0.292628448166243	ZCCHC14
chr16	87616985	87616985	cg02697402	0.0030429222076532	0.297029457384449	
chr16	89925554	89925554	cg02702481	0.0030551890573889	0.297522268931657	SPIRE2
chr16	6623996	6623996	cg16427239	0.0031151990882632	0.300711384695956	RBFOX1,RP11-420N3.2,RP11-468I15.1
chr16	81528946	81528946	cg02814118	0.0031204939345459	0.301083333342273	CMIP
chr16	33937241	33937241	cg09796146	0.003140371651985	0.302034131231847	
chr16	2088997	2088997	cg01346158	0.0031935337236427	0.30421808869559	SLC9A3R2
chr16	86787604	86787604	cg04839616	0.0032291606729115	0.305787777461852	
chr16	85926086	85926086	cg05946309	0.0032288165527151	0.305787777461852	
chr16	7354685	7354685	cg07027430	0.0032575150100671	0.307164487781126	RBFOX1
chr16	85966436	85966436	cg04211501	0.0032672490921522	0.307491011225638	
chr16	4043204	4043204	cg04903429	0.0032860586393403	0.30818884966468	ADCY9
chr16	17553784	17553784	cg04986899	0.003295086105918	0.308683093063295	XYLT1
chr16	664188	664188	cg26795035	0.0033006946107953	0.308808510519891	RAB40C
chr16	1789701	1789701	cg08609037	0.0034532277958579	0.314961973658369	MAPK8IP3
chr16	69166346	69166346	cg09986774	0.0034855176263856	0.316408871053532	CHTF8,CIRH1A
chr16	50707795	50707795	cg09341491	0.0034948297459637	0.316922482002245	SNX20
chr16	20817502	20817502	cg07314549	0.0035033547509175	0.317213469726101	ERI2
chr16	89901418	89901418	cg02875869	0.0035731124417818	0.319706531716843	SPIRE2
chr16	85881375	85881375	cg07843576	0.0035756859105636	0.319829857431666	
chr16	48844809	48844809	cg26770907	0.0035868927290403	0.320463143769201	
chr16	28504950	28504950	cg03300649	0.0036904670963088	0.323758260068728	CLN3
chr16	75469775	75469775	cg04794202	0.0036904825018684	0.323758260068728	RP11-77K12.1
chr16	33573272	33573272	cg03791486	0.0037162499502956	0.324904090630905	
chr16	81528975	81528975	cg04851702	0.0037273045677453	0.324989571100339	CMIP
chr16	920856	920856	cg00181849	0.0038420222201066	0.32996046778034	LMF1
chr16	79454227	79454227	cg03999452	0.0038630032070659	0.330542407501857	
chr16	1802271	1802271	cg07652482	0.003890298334312	0.33155874738498	MAPK8IP3
chr16	2664940	2664940	cg09867343	0.0039615979208983	0.334580269644564	AC141586.5
chr16	17398606	17398606	cg09548718	0.0039740835843832	0.335133679714743	XYLT1
chr16	89649608	89649608	cg02628002	0.0041497417661487	0.340876946366742	CPNE7
chr16	1869043	1869043	cg00798146	0.0041759650311164	0.34186916229552	HAGH
chr16	33965574	33965574	cg08521332	0.0042385258102507	0.344202256132245	RNA5-8SP2
chr16	84846936	84846936	cg09249803	0.0042637591743634	0.345218972415628	
chr16	11406995	11406995	cg07312240	0.0043385554893523	0.348215219102224	RMI2
chr16	4016307	4016307	cg00405060	0.0043918699301358	0.35014830607151	ADCY9
chr16	1449529	1449529	cg25151834	0.0045868702727366	0.356807167074876	UNKL
chr16	46461572	46461572	cg07494914	0.0046489970546054	0.358643732163701	
chr16	83933268	83933268	cg02225739	0.004657761039866	0.35890546825069	MLYCD
chr16	30367547	30367547	cg05099952	0.0046732655773059	0.359155449705578	RP11-347C12.10
chr16	4025589	4025589	cg01937808	0.0047592057139585	0.36181497619407	ADCY9
chr16	85404655	85404655	cg06601581	0.0047581051839762	0.36181497619407	
chr16	11376310	11376310	cg05385299	0.0048587931057521	0.365213803605596	RMI2
chr16	58568273	58568273	cg10322909	0.0048590571284539	0.365213803605596	CNOT1
chr16	4324280	4324280	cg00021532	0.0048848824621841	0.365916768468853	
chr16	29820516	29820516	cg27338089	0.0048888463408673	0.366115206020231	AC009133.14,AC009133.20,MAZ
chr16	33965255	33965255	cg06617961	0.0049065969610774	0.366688453190477	
chr16	85966032	85966032	cg01810713	0.0049404495926745	0.367967469510599	
chr16	89986185	89986185	cg01511465	0.0049671741815769	0.369139921029808	AC092143.1,MC1R,TUBB3
chr16	88298733	88298733	cg27587141	0.0049679014231404	0.369140400344122	LA16c-444G7.1
chr16	32096624	32096624	cg14176273	0.0049804209825059	0.369363831484371	
chr16	78420476	78420476	cg02546607	0.005097099679167	0.372983093583592	WWOX
chr16	303193	303193	cg03991592	0.0051382111517301	0.374320049068231	ITFG3
chr16	34257749	34257749	cg11058916	0.0051515806415073	0.374869035437158	CTD-2144E22.11,CTD-2144E22.6
chr16	86404573	86404573	cg03738718	0.0051706806378816	0.375570094944082	
chr16	2286493	2286493	cg05581415	0.0051919417532279	0.376200290585568	DNASE1L2,RP11-304L19.12
chr16	87678215	87678215	cg01981606	0.0051953011364973	0.376366272724041	JPH3
chr16	67197130	67197130	cg18705279	0.0052074126424669	0.376602642956297	FBXL8
chr16	57597906	57597906	cg04813711	0.0052563931990115	0.377925598061538	GPR114
chr16	67197151	67197151	cg09030672	0.0053117888848807	0.379598775591823	FBXL8
chr16	32289757	32289757	cg10424751	0.0053281346021973	0.380163321342169	
chr16	87091652	87091652	cg06639763	0.0053515618364109	0.380829339597067	RP11-134D3.1
chr16	34404774	34404774	cg01298284	0.0053802450666217	0.381732363027352	
chr16	29917864	29917864	cg26753484	0.0054120541027442	0.38291079832662	ASPHD1,KCTD13
chr16	50897271	50897271	cg00900231	0.0054367294421316	0.383686949479706	CTD-2034I21.1
chr16	46462791	46462791	cg03075050	0.0054628730140048	0.384681740930671	
chr16	88634078	88634078	cg01835232	0.0055750357792825	0.387773778599964	
chr16	67197397	67197397	cg23414876	0.0056898696358495	0.390821341652538	FBXL8,HSF4,RP11-5A19.5
chr16	1907737	1907737	cg26897989	0.0056874385921201	0.390821341652538	MEIOB
chr16	89662794	89662794	cg08772106	0.0057144643038312	0.391416440090906	CPNE7
chr16	20817572	20817572	cg08333555	0.005738030134026	0.392194500505798	ERI2
chr16	86825363	86825363	cg07524214	0.0057730737975395	0.393334617938652	
chr16	89901088	89901088	cg27072212	0.005777832219074	0.39341746454179	SPIRE2
chr16	31053323	31053323	cg09905605	0.0058298268511056	0.394842683917609	STX4
chr16	591589	591589	cg06053417	0.0058449821956601	0.39494832619246	CAPN15
chr16	926410	926410	cg08816443	0.0058956308149847	0.396414737317857	LMF1
chr16	86903492	86903492	cg04678901	0.0059458413535973	0.397990888111864	
chr16	33510090	33510090	cg10218673	0.0059646583916516	0.39852199786192	
chr16	87998082	87998082	cg06915872	0.0059807365929055	0.399149304990162	BANP
chr16	89865163	89865163	cg10011746	0.006005443708221	0.399871794381592	FANCA
chr16	85354619	85354619	cg16791016	0.006080395653541	0.402297199325297	
chr16	1424525	1424525	cg08622401	0.0062446888560768	0.407126325966187	UNKL
chr16	7354254	7354254	cg00590139	0.0063211439512764	0.409204043288692	RBFOX1
chr16	85990020	85990020	cg00206468	0.0063464941601625	0.409682112089607	
chr16	2135499	2135499	cg06330375	0.0063587020462866	0.410063406796608	TSC2
chr16	34983912	34983912	cg02747379	0.0063895211991174	0.410710327602054	5S_rRNA
chr16	32096465	32096465	cg09320731	0.0064019259984466	0.41110020209289	
chr16	19133877	19133877	cg09583379	0.0064078447272245	0.411127638762229	CTD-2349B8.1
chr16	57149847	57149847	cg00664454	0.0064106957754795	0.411145393891407	CPNE2
chr16	56689112	56689112	cg27463141	0.0066308907072316	0.417932223756071	
chr16	6069047	6069047	cg08545287	0.0066444508686798	0.418218919527772	RP11-420N3.2
chr16	20817669	20817669	cg00334820	0.0067171900705754	0.420014026308983	ERI2
chr16	2287162	2287162	cg06235653	0.0067343538313027	0.420456210573294	DNASE1L2
chr16	30456961	30456961	cg09973852	0.0067565845327499	0.420810563043625	SEPHS2
chr16	459793	459793	cg26946311	0.0068105630478627	0.422059888393568	DECR2,NME4
chr16	11375843	11375843	cg04468776	0.0068246761505355	0.422495702873684	RMI2
chr16	85882097	85882097	cg09780767	0.0068564058251477	0.423080452044391	
chr16	81666633	81666633	cg01425762	0.0068699090932607	0.423194708271777	CMIP
chr16	1420172	1420172	cg27423238	0.0069387993371194	0.425208717051233	UNKL
chr16	1605180	1605180	cg05144208	0.0070523888124876	0.428339555899594	IFT140,TMEM204
chr16	30198371	30198371	cg06038367	0.0071579605187857	0.431738202918423	CORO1A
chr16	85990191	85990191	cg01398502	0.0071765719765779	0.432267765402107	
chr16	85877244	85877244	cg02252795	0.0072041621217232	0.433107914156504	
chr16	772142	772142	cg18653534	0.0072304182962713	0.433989599453337	FAM173A
chr16	73265937	73265937	cg06790197	0.0072954867948159	0.435536338578757	
chr16	2317538	2317538	cg16357719	0.0073919972109895	0.43779385169324	RNPS1
chr16	68279322	68279322	cg03677675	0.0074114561861215	0.438386872479295	PLA2G15
chr16	420109	420109	cg00101154	0.0074464106210124	0.438942712892892	MRPL28
chr16	717622	717622	cg00904273	0.0075143725501644	0.440729583284497	WDR90
chr16	49623820	49623820	cg01672042	0.0076028810995808	0.443029644177529	ZNF423
chr16	85641283	85641283	cg06544693	0.0076373313131884	0.443642862695463	
chr16	33965879	33965879	cg05898343	0.0076662277253576	0.444130139014555	
chr16	810643	810643	cg04130356	0.0077198496062932	0.445155080072314	
chr16	73489759	73489759	cg26963320	0.0077271686246078	0.445233551884372	
chr16	32823290	32823290	cg07316298	0.0077571405897442	0.44604502933921	RP11-67H24.2
chr16	19194340	19194340	cg01569875	0.0078701767110111	0.448547238852753	SYT17
chr16	87552124	87552124	cg02577580	0.0078834064924537	0.448699839551262	
chr16	32360338	32360338	cg12777672	0.0078921708726686	0.448925122605523	
chr16	32858242	32858242	cg00654159	0.0079401068251912	0.450425016908008	
chr16	86007686	86007686	cg07309274	0.0079602986928684	0.450887443621984	
chr16	85741461	85741461	cg04267828	0.0079744825723622	0.451302445932156	C16orf74
chr16	10935200	10935200	cg01460814	0.007992409606402	0.451593334558794	RP11-876N24.1
chr16	1502838	1502838	cg07482826	0.0079872692628296	0.451593334558794	CLCN7
chr16	54324347	54324347	cg05544500	0.0080187965454883	0.451985426359404	
chr16	81132799	81132799	cg02640266	0.0080874783259493	0.453671039421271	
chr16	33356843	33356843	cg02486166	0.0081447191378913	0.455214083383943	RP11-23E10.2
chr16	23690458	23690458	cg03400583	0.0081871755648609	0.455896120538603	PLK1
chr16	30040916	30040916	cg06881040	0.0082009755579462	0.456147663342682	FAM57B
chr16	2301882	2301882	cg03227353	0.0083813665939024	0.460175861782101	ECI1
chr16	89627682	89627682	cg06154111	0.0083946757817507	0.460661110681986	RPL13
chr16	1489062	1489062	cg06338958	0.008398211846218	0.460661110681986	CCDC154
chr16	4524620	4524620	cg07160937	0.0084231804987037	0.461531285971675	NMRAL1
chr16	4242906	4242906	cg00400547	0.0084952120447578	0.462948241547183	SRL
chr16	1493637	1493637	cg08401703	0.0087307377492208	0.468254622149975	CCDC154
chr16	11367783	11367783	cg08358964	0.0087421518570602	0.468562013474784	RMI2
chr16	75634057	75634057	cg07393169	0.0087466239380629	0.468648722059866	ADAT1,RP11-77K12.8
chr16	87250516	87250516	cg02556855	0.0088322477041277	0.470615010716721	C16orf95,RP11-899L11.1
chr16	27899240	27899240	cg02805028	0.0088287452510609	0.470615010716721	GSG1L
chr16	33573857	33573857	cg04275570	0.0088354377327738	0.470615010716721	
chr16	89649677	89649677	cg07213029	0.0088301591073532	0.470615010716721	CPNE7
chr16	89916780	89916780	cg04508332	0.0088552555941323	0.470995179338641	SPIRE2
chr16	53085919	53085919	cg10058478	0.0089544906583744	0.473345230518117	RP11-467J12.4
chr16	83999068	83999068	cg05990008	0.0090669933022975	0.475710119654269	OSGIN1
chr16	68279304	68279304	cg04353881	0.0090812530442094	0.475920221092728	PLA2G15
chr16	2810175	2810175	cg01729739	0.00910220578674	0.476160436108881	SRRM2
chr16	1587685	1587685	cg14470121	0.009681310770648	0.489653758975972	IFT140,TMEM204
chr16	962909	962909	cg05578056	0.0096919815663326	0.489979993282109	LMF1
chr16	32857924	32857924	cg03145290	0.0097178459247208	0.490604690972246	
chr16	12898447	12898447	cg16481969	0.0097503904658037	0.49130564080339	
chr16	78617678	78617678	cg01785566	0.0097962565325577	0.492023963849799	WWOX
chr16	11348611	11348611	cg03014241	0.0098313846500545	0.492792698947236	RMI2,SOCS1
chr16	4136367	4136367	cg02392737	0.0098741185863078	0.493306736434322	ADCY9
chr16	27443933	27443933	cg10454258	0.0099023180980067	0.493905647849117	IL21R
chr16	89936485	89936485	cg01290421	0.0099851863900429	0.495389443099429	SPIRE2
chr16	1495363	1495363	cg08032483	0.009990828678888	0.495522087323956	CLCN7,LA16c-390E6.5
chr16	87929403	87929403	cg05325061	0.0100696122693471	0.497285332282445	CA5A
chr16	2031168	2031168	cg01182620	0.0101185093798109	0.497987099694369	NOXO1,TBL3
chr16	2288665	2288665	cg00684043	0.010121783090814	0.498084026137232	DNASE1L2
chr16	48400155	48400155	cg03712758	0.0102127279017714	0.4994928736165	SIAH1
chr17	63532898	63532898	cg08005093	6.01691335753568e-06	0.054171566000017	AXIN2
chr17	77179710	77179710	cg10362542	2.16520668864365e-05	0.054171566000017	RBFOX3
chr17	20060039	20060039	cg12195273	1.00565073908481e-05	0.054171566000017	SPECC1
chr17	75369658	75369658	cg12783819	1.55897447586495e-05	0.054171566000017	SEPT9
chr17	135338	135338	cg15373782	1.56415918020888e-05	0.054171566000017	RPH3AL
chr17	42431109	42431109	cg15909132	3.23395733236945e-06	0.054171566000017	FAM171A2
chr17	20059137	20059137	cg16859924	3.01409312762911e-06	0.054171566000017	SPECC1
chr17	47210280	47210280	cg19133221	1.21227189963569e-05	0.054171566000017	B4GALNT2
chr17	75369485	75369485	cg20275528	3.59341541887427e-06	0.054171566000017	SEPT9
chr17	113828	113828	cg22466812	7.2769924947459e-06	0.054171566000017	RPH3AL
chr17	44929215	44929215	cg23422659	7.68901432174337e-06	0.054171566000017	WNT9B
chr17	77979406	77979406	cg25876186	9.82560669931927e-06	0.054171566000017	TBC1D16
chr17	20687681	20687681	cg02058408	3.48138030711759e-05	0.0543707177967035	
chr17	61515312	61515312	cg11442173	3.02953527125078e-05	0.0543707177967035	CYB561
chr17	75369091	75369091	cg17300544	3.15092915887711e-05	0.0543707177967035	SEPT9
chr17	63534340	63534340	cg18956355	2.95711319890303e-05	0.0543707177967035	AXIN2,CTD-2535L24.2
chr17	139829	139829	cg18993664	3.26075973630548e-05	0.0543707177967035	RPH3AL
chr17	67260128	67260128	cg25174455	3.37884387096995e-05	0.0543707177967035	ABCA5
chr17	46628225	46628225	cg27656658	3.07514348937371e-05	0.0543707177967035	HOXB-AS1,HOXB-AS3,HOXB3
chr17	139292	139292	cg08775844	3.71287196887886e-05	0.0550731515654561	RPH3AL
chr17	21729475	21729475	cg13557397	3.58963756564926e-05	0.0550731515654561	
chr17	20059054	20059054	cg16093048	3.85982057431545e-05	0.0551012872280427	SPECC1
chr17	134827	134827	cg07946536	4.14367646766679e-05	0.0556883318141202	RPH3AL
chr17	20059957	20059957	cg00949639	4.43617206424961e-05	0.0557272601804579	SPECC1
chr17	20059239	20059239	cg20840825	4.93108782455428e-05	0.0572974431016327	SPECC1
chr17	140510	140510	cg27489009	4.92112723639343e-05	0.0572974431016327	RPH3AL
chr17	205776	205776	cg24185124	5.70251351244488e-05	0.0587760097220899	RP11-1260E13.2,RP11-1260E13.3,RPH3AL
chr17	78326558	78326558	cg18057128	5.98650010971873e-05	0.0591830360077653	CTD-2047H16.4,RNF213
chr17	1028394	1028394	cg10822665	6.3402278389997e-05	0.0595530723273388	ABR
chr17	79011353	79011353	cg22442557	6.64978717932162e-05	0.0601196895577773	BAIAP2
chr17	63533152	63533152	cg12255061	6.70177407498226e-05	0.0601987937216584	AXIN2
chr17	46712087	46712087	cg01132893	7.08667165617493e-05	0.0615974473485097	HOXB-AS4
chr17	46656012	46656012	cg21460081	7.22870007791495e-05	0.0615974473485097	HOXB-AS3,HOXB3,HOXB4
chr17	78290902	78290902	cg17846497	8.25894666271369e-05	0.0636548161113578	RNF213
chr17	77955342	77955342	cg00043284	8.73974503220228e-05	0.0643983805620442	TBC1D16
chr17	72241819	72241819	cg04007987	8.78466574439493e-05	0.0643983805620442	TTYH2
chr17	70636941	70636941	cg04206342	8.95519723854886e-05	0.0649387060586416	
chr17	20060458	20060458	cg20290367	9.67505849899285e-05	0.0667479235771874	SPECC1
chr17	65040739	65040739	cg05819268	9.84027740251388e-05	0.0673244217432239	CACNG1
chr17	140192	140192	cg16624788	0.0001024333537853	0.0684186937300488	RPH3AL
chr17	79429331	79429331	cg22660619	0.0001022815377502	0.0684186937300488	RP11-1055B8.7
chr17	75695378	75695378	cg16145211	0.0001034863711113	0.068608991683305	
chr17	42432047	42432047	cg22078805	0.0001036338579327	0.068608991683305	FAM171A2
chr17	75369940	75369940	cg05184938	0.0001068988911404	0.0692733812010263	RP11-936I5.1,SEPT9
chr17	77291124	77291124	cg14458578	0.0001071181286075	0.0692733812010263	RBFOX3
chr17	32484260	32484260	cg14603098	0.0001058568130826	0.0692733812010263	ASIC2
chr17	41857926	41857926	cg18515343	0.0001101466182088	0.069656047044504	C17orf105
chr17	1372516	1372516	cg20771846	0.0001116949308842	0.0699826575235866	MYO1C
chr17	44929245	44929245	cg03456968	0.0001183496020445	0.0718001696776915	WNT9B
chr17	78483801	78483801	cg24239992	0.0001185734498644	0.0718001696776915	
chr17	1076874	1076874	cg11314598	0.0001249617513267	0.0723600376393548	ABR
chr17	53343075	53343075	cg15835232	0.0001249587719137	0.0723600376393548	HLF
chr17	78323799	78323799	cg25515639	0.0001307496288656	0.0739504674773516	RNF213
chr17	78355552	78355552	cg16296745	0.0001312128016588	0.0740597064969472	CTD-2047H16.4,RNF213
chr17	67457829	67457829	cg03128499	0.0001325745036289	0.0741600011648336	MAP2K6
chr17	124800	124800	cg11040777	0.0001368108426182	0.0752209188173618	RPH3AL
chr17	79430805	79430805	cg15260437	0.0001392643654116	0.0755006092987509	RP11-1055B8.7
chr17	78291021	78291021	cg24626411	0.0001423232567822	0.0759487815647982	RNF213
chr17	30986283	30986283	cg07153191	0.000148339827399	0.0768751019801336	MYO1D,RP11-220C2.1
chr17	78319089	78319089	cg08579465	0.000150117597652	0.0771156871465499	RNF213
chr17	1026978	1026978	cg24671810	0.0001518689279443	0.0774131073614129	ABR
chr17	77019780	77019780	cg14020904	0.0001557989020274	0.0779241199760572	C1QTNF1,C1QTNF1-AS1
chr17	76121348	76121348	cg07313882	0.0001617485075087	0.079106423455981	TMC6
chr17	1373606	1373606	cg05417607	0.000165598047966	0.0800642596567278	MYO1C
chr17	40937363	40937363	cg14457782	0.0001723392206523	0.081383343672814	WNK4
chr17	72243980	72243980	cg05770762	0.0001739506937266	0.0816929965086444	TTYH2
chr17	42431749	42431749	cg09014329	0.0001736499170626	0.0816929965086444	FAM171A2
chr17	7107939	7107939	cg09336589	0.0001757658486714	0.082281768058722	DLG4
chr17	32484036	32484036	cg24613080	0.0001791455923461	0.0828483410925963	ASIC2
chr17	1961441	1961441	cg13389502	0.0001876222861907	0.0843567167407592	HIC1
chr17	74017805	74017805	cg23601515	0.0001915591623678	0.0851189062254897	EVPL
chr17	1160170	1160170	cg17472428	0.0001963487890093	0.0859633126631171	
chr17	132067	132067	cg16008631	0.0001974034942981	0.0861576523750456	RPH3AL
chr17	78327566	78327566	cg16395248	0.0001978447559175	0.0862281482936083	CTD-2047H16.4,RNF213
chr17	72368116	72368116	cg20861314	0.0002059855280199	0.0878381595120849	GPR142
chr17	75369052	75369052	cg19554255	0.0002104156159077	0.0885542241084852	SEPT9
chr17	46682394	46682394	cg18684142	0.0002135500718628	0.0892012271851563	HOXB-AS3
chr17	72848669	72848669	cg00439658	0.0002146830481031	0.0894021119771425	GRIN2C
chr17	1064210	1064210	cg03939709	0.0002151256171905	0.0894971849277402	ABR
chr17	75692478	75692478	cg14625581	0.0002176954313894	0.0898947618890505	
chr17	78338053	78338053	cg04011497	0.000219933380032	0.0904166473478687	CTD-2047H16.4,RNF213
chr17	20039458	20039458	cg17257596	0.0002207639070681	0.0905797780467278	SPECC1
chr17	72436752	72436752	cg16557906	0.0002267617158738	0.0916854972061999	GPRC5C
chr17	78184823	78184823	cg19398858	0.0002274192017848	0.0916854972061999	SGSH
chr17	76567557	76567557	cg00235657	0.0002287813551679	0.09190017040348	DNAH17
chr17	29298833	29298833	cg19250113	0.0002354804952932	0.0930086488056967	RNF135,RP11-848P1.2
chr17	75290967	75290967	cg15096327	0.0002382854394413	0.0934171459982804	SEPT9
chr17	79430641	79430641	cg02499814	0.0002420045924395	0.094117890613828	RP11-1055B8.7
chr17	79386429	79386429	cg21936552	0.0002502072320883	0.0955039397820317	RP11-1055B8.7
chr17	29297874	29297874	cg18213979	0.0002649099623294	0.0978332868572159	RNF135
chr17	45786313	45786313	cg09771226	0.0002734157387394	0.0994154830973184	TBKBP1
chr17	77997834	77997834	cg25532627	0.0002734784421799	0.0994154830973184	CTD-2529O21.2,TBC1D16
chr17	7114967	7114967	cg13768953	0.0002797502144434	0.100264040106902	DLG4
chr17	1064170	1064170	cg14957904	0.0002809417691872	0.100553320262647	ABR
chr17	1096626	1096626	cg17211761	0.0002822747657729	0.100771367599482	ABR
chr17	20059030	20059030	cg05860886	0.0002834446056689	0.100866909452023	SPECC1
chr17	1375253	1375253	cg18594963	0.0002857959115798	0.101206644273037	MYO1C
chr17	76501476	76501476	cg20652822	0.0002866444050227	0.101249591205701	DNAH17
chr17	21368039	21368039	cg06578800	0.0002898521861394	0.101750858828288	
chr17	59017682	59017682	cg13222022	0.0002944806977349	0.102348735721469	BCAS3
chr17	78082533	78082533	cg20630708	0.0003056992422288	0.10431911714774	GAA
chr17	1028676	1028676	cg08458121	0.0003072169548604	0.10449554415701	ABR
chr17	77960689	77960689	cg08731068	0.0003081485481706	0.104688105911898	TBC1D16
chr17	74473006	74473006	cg17289057	0.0003150792743528	0.105358793734844	RHBDF2
chr17	58213512	58213512	cg13421594	0.0003185993609446	0.105951282862174	CTD-2319I12.5
chr17	1061129	1061129	cg13752093	0.0003369102585929	0.108919120404579	ABR
chr17	39642475	39642475	cg01301649	0.0003396353946679	0.109208074744167	KRT36
chr17	933155	933155	cg20592940	0.0003420524840796	0.109395304283977	ABR
chr17	933179	933179	cg24210280	0.0003410598943836	0.109395304283977	ABR
chr17	38935922	38935922	cg02399249	0.0003432620160366	0.109489180368311	KRT27
chr17	67312372	67312372	cg01369276	0.0003486221002887	0.11075028091825	ABCA5
chr17	20059226	20059226	cg04869497	0.0003516855464931	0.111157382412464	SPECC1
chr17	11144510	11144510	cg18160402	0.000355435421539	0.111834843628165	
chr17	1127057	1127057	cg09776395	0.0003641173141796	0.112683720266135	ABR
chr17	70636625	70636625	cg22316614	0.000365014903699	0.112767736746559	
chr17	21477761	21477761	cg26757221	0.0003656863525077	0.112842214977277	RP11-822E23.6,RP11-822E23.8
chr17	79035262	79035262	cg06000029	0.0003723022658408	0.11386456992744	BAIAP2
chr17	78355466	78355466	cg16318947	0.00038451642631	0.115207051617967	CTD-2047H16.4,RNF213
chr17	79430946	79430946	cg03954280	0.0003871878027912	0.115463613017591	RP11-1055B8.7
chr17	40700314	40700314	cg03582285	0.0003898603841503	0.115695495957828	HSD17B1P1,RP11-400F19.8
chr17	1094556	1094556	cg18709110	0.0003974440347642	0.117071372742309	ABR
chr17	26554246	26554246	cg11231143	0.0004031881639202	0.117901836693551	PYY2
chr17	39975575	39975575	cg13164831	0.0004040278138249	0.118053281198398	FKBP10
chr17	66755770	66755770	cg21727223	0.0004046776682731	0.11811921818868	RP11-118B18.1
chr17	41880872	41880872	cg01571583	0.0004062565832799	0.118301727993586	MPP3
chr17	47988100	47988100	cg00377320	0.0004207467870277	0.119429468727996	
chr17	26727727	26727727	cg08582346	0.0004228037584887	0.119684403200784	SARM1,SLC46A1
chr17	78346448	78346448	cg10242486	0.0004232584246051	0.119684403200784	CTD-2047H16.4,RNF213
chr17	78339332	78339332	cg19431009	0.0004330730835756	0.120834333373058	CTD-2047H16.4,RNF213
chr17	63532630	63532630	cg01982533	0.0004410240955468	0.121725291696194	AXIN2
chr17	78898190	78898190	cg21219851	0.0004425437937803	0.121752801225555	RPTOR
chr17	40937366	40937366	cg08409113	0.0004432523200672	0.121763059396204	WNK4
chr17	78317189	78317189	cg05502279	0.0004522366526849	0.12309766748127	RNF213
chr17	55963103	55963103	cg06044756	0.0004561906837764	0.123610066905315	CUEDC1
chr17	78320524	78320524	cg04245741	0.0004911820481233	0.127577004667128	RNF213
chr17	78576673	78576673	cg09133154	0.0004952673405454	0.127946999611653	RPL31P7,RPTOR
chr17	39122766	39122766	cg09088193	0.0005026366847973	0.128496529779253	AC004231.2,KRT39
chr17	40838983	40838983	cg16308533	0.0005091064053123	0.12916248584486	CNTNAP1,CTD-3193K9.3
chr17	32484028	32484028	cg19942495	0.0005175298229172	0.130286493527784	ASIC2
chr17	78321462	78321462	cg22000938	0.0005230918252192	0.131045131120915	RNF213
chr17	42626475	42626475	cg12798970	0.0005312094783743	0.132145120183953	
chr17	1381990	1381990	cg09965557	0.0005325871556927	0.132177499286885	MYO1C
chr17	20030912	20030912	cg05324992	0.000538062515881	0.132655017761668	SPECC1
chr17	11144311	11144311	cg10282162	0.0005420580069839	0.133065285197237	
chr17	79533843	79533843	cg25072666	0.0005546157377599	0.134890546625679	NPLOC4
chr17	72432790	72432790	cg19212391	0.0005667159869271	0.1363536292809	GPRC5C
chr17	77987372	77987372	cg04371818	0.0005692189370232	0.136523313320948	TBC1D16
chr17	42432166	42432166	cg19935040	0.0005722216065784	0.136866891503687	FAM171A2
chr17	72368179	72368179	cg08481536	0.0005742792294085	0.137073566101915	GPR142
chr17	21743878	21743878	cg18423549	0.0005742494959327	0.137073566101915	
chr17	40428971	40428971	cg18810026	0.000579127287615	0.137361691869434	
chr17	38504102	38504102	cg19709355	0.0005797961467204	0.137464470189661	RARA
chr17	79431018	79431018	cg14022313	0.0005803436245751	0.137494037162756	RP11-1055B8.7
chr17	76437010	76437010	cg13122491	0.0005837203710016	0.137824361333332	DNAH17
chr17	57685453	57685453	cg04856409	0.000585557482171	0.138102624537317	DHX40
chr17	76641334	76641334	cg25729401	0.0005906919229349	0.138648252851132	
chr17	7111552	7111552	cg25856632	0.0005965403146508	0.139155987453827	DLG4
chr17	74884468	74884468	cg25915919	0.0006026763548669	0.139462647443378	MGAT5B
chr17	916272	916272	cg25904659	0.0006070552896529	0.140048321573603	ABR
chr17	20989155	20989155	cg02289287	0.0006095676848432	0.140339261002913	AC087393.1
chr17	1051843	1051843	cg25743486	0.000622074951948	0.141450133948415	ABR
chr17	16323481	16323481	cg09093656	0.0006230487604584	0.141511347259162	TRPV2
chr17	80859947	80859947	cg06791695	0.0006396193215797	0.143557590313109	TBCD
chr17	76556858	76556858	cg15405429	0.0006406113762702	0.143664453111509	DNAH17
chr17	46657347	46657347	cg26916621	0.0006497204753872	0.144735891308295	HOXB-AS3,HOXB3,HOXB4,MIR10A
chr17	1961287	1961287	cg24173182	0.0006532704537859	0.145023957496945	HIC1
chr17	1027840	1027840	cg23401459	0.0006555654327107	0.145263214266655	ABR
chr17	78327034	78327034	cg24842816	0.0006582626717764	0.145422398645749	CTD-2047H16.4,RNF213
chr17	47297513	47297513	cg11133963	0.0006587343903872	0.145433527437746	ABI3
chr17	1028673	1028673	cg14458783	0.0006634263329196	0.146021096433914	ABR
chr17	75369219	75369219	cg03804136	0.0006639380640767	0.146033858962618	SEPT9
chr17	73615992	73615992	cg01412763	0.0006734052323654	0.146976445359514	MYO15B
chr17	79614917	79614917	cg02117656	0.0006763342401093	0.147249459601682	NPLOC4,TSPAN10
chr17	29647977	29647977	cg22473770	0.0006769695422075	0.147348294515917	EVI2A,NF1
chr17	21728666	21728666	cg24032330	0.0006905445332192	0.148637709068142	
chr17	73613021	73613021	cg21152875	0.0006911819735266	0.148698287394502	MYO15B
chr17	47210319	47210319	cg18208707	0.0007029230817273	0.149720465699878	B4GALNT2
chr17	136125	136125	cg13567404	0.0007069426475916	0.150129437790078	RPH3AL
chr17	78155265	78155265	cg13855862	0.0007166748618407	0.150765939570718	CARD14
chr17	10541402	10541402	cg19113201	0.0007231189700599	0.151587148430328	MYH3
chr17	123605	123605	cg17027101	0.0007292968265658	0.152081109155572	RPH3AL
chr17	6538525	6538525	cg16536857	0.0007327380209954	0.152430191151419	KIAA0753
chr17	42431860	42431860	cg23766254	0.0007325170461455	0.152430191151419	FAM171A2
chr17	33842301	33842301	cg18470427	0.0007426499705008	0.153571110299809	SLFN12L
chr17	47788451	47788451	cg25901662	0.000742694033584	0.153571110299809	FAM117A,RP11-613C6.2
chr17	79431121	79431121	cg06577703	0.0007463589558205	0.154061988228226	RP11-1055B8.7
chr17	72245578	72245578	cg01910527	0.000749006197221	0.154175237088736	TTYH2
chr17	80084554	80084554	cg03388043	0.0007484114146547	0.154175237088736	CCDC57
chr17	1053717	1053717	cg24352934	0.0007490016404285	0.154175237088736	ABR
chr17	41956344	41956344	cg20120371	0.000761060227352	0.155331035026633	MPP2
chr17	46642012	46642012	cg01629240	0.0007623213291769	0.155332369631872	HOXB-AS3,HOXB3
chr17	78337017	78337017	cg11607358	0.0007668968426525	0.155799047430455	CTD-2047H16.4,RNF213
chr17	79431331	79431331	cg19536407	0.0007695429476116	0.155919517418903	RP11-1055B8.7
chr17	46682390	46682390	cg10906729	0.000771006907295	0.155989131551147	HOXB-AS3
chr17	75369224	75369224	cg15044248	0.0007707831606713	0.155989131551147	SEPT9
chr17	80860508	80860508	cg25825612	0.0007769805019801	0.156516182912178	TBCD
chr17	45786011	45786011	cg27171704	0.0007828189973887	0.15693463813886	TBKBP1
chr17	67058208	67058208	cg06213598	0.0007908618516258	0.157601485792013	
chr17	1961109	1961109	cg00138101	0.0008020345283539	0.15868875215427	HIC1
chr17	1080694	1080694	cg12422704	0.0008202322079454	0.160656661308374	ABR
chr17	40842805	40842805	cg10533978	0.0008226767597317	0.160720948429406	CNTNAP1,CTD-3193K9.3
chr17	75368903	75368903	cg06848185	0.000828286387607	0.161476992476272	SEPT9
chr17	927457	927457	cg22006392	0.0008363521060544	0.162367372587288	ABR
chr17	80790086	80790086	cg13105522	0.000838321899268	0.162488244818048	TBCD,ZNF750
chr17	67319224	67319224	cg17302455	0.0008436648410529	0.162990972021469	ABCA5
chr17	80181016	80181016	cg17846016	0.0008517785271191	0.163716811853866	
chr17	42645955	42645955	cg15567929	0.0008540599849431	0.163991205099094	
chr17	62777744	62777744	cg01720033	0.0008614578583775	0.164752632093465	PLEKHM1P,hsa-mir-6080
chr17	46607829	46607829	cg04904318	0.0008686575304273	0.165339002054058	HOXB1
chr17	7341191	7341191	cg03613649	0.0008721627265673	0.165579006140333	RP11-104H15.7
chr17	20059228	20059228	cg23328329	0.0008732115592205	0.165579006140333	SPECC1
chr17	78319835	78319835	cg23464217	0.0008731732840701	0.165579006140333	RNF213
chr17	74911941	74911941	cg17391942	0.0008850115142837	0.166518531111157	MGAT5B
chr17	78360198	78360198	cg18466378	0.0008845386381091	0.166518531111157	CTD-2047H16.4,RNF213
chr17	21220141	21220141	cg06514855	0.0008861484897705	0.166545177018087	
chr17	79035419	79035419	cg20659057	0.0008956418986461	0.167756940681537	BAIAP2
chr17	47755835	47755835	cg22160463	0.0009109666549633	0.168994858790643	
chr17	21477756	21477756	cg00059374	0.000918011210688	0.169289778613098	RP11-822E23.6,RP11-822E23.8
chr17	49199382	49199382	cg05207834	0.0009221945780786	0.169662252842472	
chr17	63534626	63534626	cg04239967	0.0009244385546634	0.169912416537598	AXIN2,CTD-2535L24.2
chr17	75524063	75524063	cg12659114	0.0009287554369524	0.170181650447194	RP11-13K12.2
chr17	1061091	1061091	cg02015707	0.0009515351398459	0.172426836423788	ABR
chr17	56769388	56769388	cg12778183	0.000952759528969	0.172472022236625	TEX14
chr17	58499300	58499300	cg12788108	0.0009526052541738	0.172472022236625	C17orf64,USP32
chr17	80898282	80898282	cg10595753	0.0009616077857685	0.173407383122267	TBCD
chr17	36646373	36646373	cg19735097	0.0009618061405004	0.173407383122267	ARHGAP23
chr17	45789198	45789198	cg04307297	0.0009699051875985	0.173869246705787	TBKBP1
chr17	76676366	76676366	cg00472840	0.0009791273817564	0.174698324948194	CYTH1
chr17	46699074	46699074	cg04917446	0.0009831373054058	0.175226657428226	HOXB7,HOXB9
chr17	6538498	6538498	cg13067509	0.0009888367258122	0.175654451446354	KIAA0753
chr17	78339355	78339355	cg02793262	0.0009998812985799	0.17696034112978	CTD-2047H16.4,RNF213
chr17	80654922	80654922	cg04352305	0.0010047330924151	0.177323051714841	RAB40B
chr17	63533778	63533778	cg10965669	0.0010073537754595	0.177535264308173	AXIN2
chr17	1123836	1123836	cg12102682	0.0010135533941439	0.178214302900353	ABR
chr17	26609297	26609297	cg11333454	0.0010442970180044	0.180096903689375	KRT18P55
chr17	68128832	68128832	cg10858415	0.0010491817007201	0.18052710897165	KCNJ16
chr17	21744126	21744126	cg21897425	0.0010545313644225	0.181006575925775	
chr17	43198610	43198610	cg13641043	0.0010579243401252	0.181276671902751	PLCD3
chr17	44847220	44847220	cg09320190	0.001071087329611	0.182523514513745	WNT3
chr17	1123813	1123813	cg20964216	0.0010794221155087	0.182925148742135	ABR
chr17	1104665	1104665	cg04042333	0.0010827116051749	0.183103796917682	ABR
chr17	74992942	74992942	cg20813798	0.0010854291091374	0.183142649286323	
chr17	40700044	40700044	cg12087123	0.0010919114022126	0.183827971727533	HSD17B1P1,RP11-400F19.8
chr17	928747	928747	cg10894205	0.0010948267438488	0.184022484511025	ABR
chr17	20799470	20799470	cg14560110	0.0011000639569205	0.184402550484802	RP11-344E13.3
chr17	38422101	38422101	cg14567495	0.0011003960516231	0.184402550484802	WIPF2
chr17	38024636	38024636	cg26612727	0.0011108145464523	0.185292649945698	ZPBP2
chr17	20059235	20059235	cg25563067	0.0011371249053277	0.187806362329622	SPECC1
chr17	79296376	79296376	cg13416007	0.0011485193606891	0.188866774097697	TMEM105
chr17	997200	997200	cg13113642	0.0011602983884752	0.18983217900003	ABR
chr17	78354578	78354578	cg25841344	0.0011621989965904	0.189911908738127	CTD-2047H16.4,RNF213
chr17	40321637	40321637	cg05289873	0.0011718519227222	0.190715480007958	KCNH4
chr17	1375968	1375968	cg06579248	0.001194027691761	0.192068958649618	MYO1C
chr17	712997	712997	cg11601913	0.0011933752097993	0.192068958649618	NXN
chr17	78313663	78313663	cg20133788	0.0011979634769405	0.192414447526572	RNF213
chr17	41878529	41878529	cg13317831	0.0012039803291717	0.192996592882055	MPP3
chr17	79386351	79386351	cg12692386	0.0012054977182039	0.193079365776009	RP11-1055B8.7
chr17	78327957	78327957	cg00050224	0.0012068821160676	0.193141367974698	CTD-2047H16.4,RNF213
chr17	38936835	38936835	cg12591377	0.0012099768422804	0.193417698994967	KRT27
chr17	67537942	67537942	cg14939370	0.0012257729211292	0.19432000820506	MAP2K6
chr17	178108	178108	cg15334380	0.0012248026665721	0.19432000820506	RPH3AL
chr17	1387495	1387495	cg02089963	0.0012295087974715	0.194331425804344	MYO1C
chr17	47210822	47210822	cg14591667	0.0012406639018998	0.19513197700565	B4GALNT2
chr17	39019546	39019546	cg12544557	0.0012451252204582	0.195304277940798	KRT12
chr17	977985	977985	cg13973942	0.0012589625566766	0.196506836102608	ABR
chr17	79615552	79615552	cg18268547	0.0012599173043845	0.196508991454987	TSPAN10
chr17	20082505	20082505	cg26206680	0.0012731561804715	0.197577850846222	SPECC1
chr17	927653	927653	cg21768956	0.0012778875727405	0.197906629669172	ABR
chr17	78336438	78336438	cg25072262	0.0013018234782293	0.199217341673392	CTD-2047H16.4,RNF213
chr17	55533390	55533390	cg10723617	0.0013053277027589	0.199385047424492	MSI2
chr17	64727685	64727685	cg02110273	0.0013118748295412	0.200005418623983	PRKCA
chr17	80635689	80635689	cg09762474	0.0013179792020511	0.200474427883145	RAB40B
chr17	78253913	78253913	cg22443212	0.001362435873367	0.203749284868974	RNF213
chr17	61514690	61514690	cg17415381	0.0013775834385595	0.205010607186286	CYB561
chr17	78560781	78560781	cg01561259	0.0013836854979986	0.205419386743397	RPTOR
chr17	76625526	76625526	cg16391182	0.0014102492578833	0.20744595237807	CTD-2357A8.3
chr17	927551	927551	cg04833819	0.0014124456004945	0.207622792726997	ABR
chr17	33700746	33700746	cg26573518	0.0014152115068741	0.207809353478032	
chr17	76593347	76593347	cg14627921	0.0014421551486079	0.20996271208999	
chr17	211482	211482	cg23277328	0.0014495551430758	0.210270198493233	RPH3AL
chr17	86461	86461	cg12246608	0.0014631979169653	0.211151484789184	RPH3AL
chr17	80921118	80921118	cg24571110	0.0014636299503357	0.211151484789184	B3GNTL1
chr17	1079642	1079642	cg14608424	0.0014746617018149	0.212029956022715	ABR
chr17	78318750	78318750	cg25892761	0.0014757827349528	0.212118122234767	RNF213
chr17	78321986	78321986	cg27497354	0.0014872276077552	0.212827527336724	RNF213
chr17	78560917	78560917	cg09929238	0.0014968957676051	0.213518834345632	RPTOR
chr17	11144043	11144043	cg13330559	0.0014966747921307	0.213518834345632	
chr17	78775797	78775797	cg05548508	0.0015209445415415	0.214584956163781	RP11-28G8.1,RPTOR
chr17	3769729	3769729	cg20163115	0.0015271412424288	0.214983564924309	CAMKK1
chr17	78878844	78878844	cg05580441	0.0015640825709799	0.21749762099569	RPTOR
chr17	77679849	77679849	cg04254198	0.0015681284890501	0.217712110422438	
chr17	33738371	33738371	cg11230471	0.0015676848383245	0.217712110422438	SLFN12
chr17	47202923	47202923	cg12424716	0.0015785172169606	0.218284984778894	
chr17	46685354	46685354	cg23669081	0.0015832217490454	0.218572514524392	HOXB7
chr17	140717	140717	cg20718570	0.001585543653173	0.21863891343344	RPH3AL
chr17	1538735	1538735	cg18712806	0.0015960291097263	0.219437887294114	SCARF1
chr17	42460976	42460976	cg25510895	0.0016001452009159	0.219458167307496	ITGA2B
chr17	77917852	77917852	cg19057916	0.0016015058419574	0.219536649363205	TBC1D16
chr17	3819430	3819430	cg16611352	0.0016064310449481	0.219852185150087	P2RX1
chr17	78821928	78821928	cg24844295	0.0016188916555778	0.220355270498634	RPTOR
chr17	20187457	20187457	cg03117577	0.0016434414230467	0.221213516790188	AC004702.2,SPECC1
chr17	58637741	58637741	cg14434242	0.0016466039104665	0.221213516790188	
chr17	76121564	76121564	cg27410601	0.0016818582935485	0.223669034127382	TMC6
chr17	1090123	1090123	cg06191034	0.0016843592947155	0.223767970516486	ABR
chr17	62290957	62290957	cg17978850	0.0016933266179564	0.224355436978393	TEX2
chr17	80771428	80771428	cg00178635	0.0017354538000686	0.227329078218634	TBCD
chr17	70637288	70637288	cg12584520	0.0017380828241607	0.227513825102351	
chr17	6460140	6460140	cg25505069	0.0017426177294105	0.227850609342406	
chr17	78319354	78319354	cg08839546	0.0017544973535679	0.228902307080973	RNF213
chr17	78322847	78322847	cg17644645	0.0017551161666559	0.228929392341992	RNF213
chr17	42431627	42431627	cg17624802	0.0017609417880334	0.229070233407916	FAM171A2
chr17	47209661	47209661	cg24238356	0.0017690204240651	0.229367052525799	
chr17	72667005	72667005	cg12552889	0.0017716584250689	0.229525282242151	RAB37
chr17	78079615	78079615	cg27427491	0.0017789431991273	0.229937010061556	GAA
chr17	62777777	62777777	cg16561266	0.0017910478572568	0.230787415194829	PLEKHM1P,hsa-mir-6080
chr17	49199317	49199317	cg02048645	0.0017925486125807	0.2309348645224	
chr17	78374034	78374034	cg02205020	0.0017956751391461	0.231205351986607	CTD-2047H16.4
chr17	64800167	64800167	cg04658038	0.0018007851797701	0.231470859942345	PRKCA
chr17	928723	928723	cg10662901	0.0018027666057426	0.231618632806163	ABR
chr17	75369056	75369056	cg16779463	0.001812388996771	0.2323217981495	SEPT9
chr17	78323027	78323027	cg20355657	0.0018161024292453	0.232616490452066	RNF213
chr17	67323922	67323922	cg10187674	0.0018208981707285	0.232922354499675	
chr17	61613153	61613153	cg03658371	0.0018313347073624	0.233600458058973	KCNH6
chr17	75369228	75369228	cg02884239	0.0018390799058243	0.233944930414525	SEPT9
chr17	2319906	2319906	cg00145352	0.0018428673559656	0.234258764768582	METTL16
chr17	72702860	72702860	cg02865242	0.0018549095246801	0.23492164785782	CD300LF,RAB37
chr17	73617762	73617762	cg06107104	0.0018625832469752	0.235358284277517	MYO15B
chr17	77361608	77361608	cg20207715	0.0018697613982159	0.235705443557388	RBFOX3
chr17	78336396	78336396	cg15883181	0.0018720158224796	0.235801980744829	CTD-2047H16.4,RNF213
chr17	71533287	71533287	cg26758486	0.0018740841676888	0.235990531730309	SDK2
chr17	40839023	40839023	cg11629889	0.0018795277781782	0.236390942211365	CNTNAP1,CTD-3193K9.3
chr17	74536269	74536269	cg07267550	0.0018884880750622	0.237196487327772	CYGB,PRCD
chr17	46683606	46683606	cg20591728	0.0018945204603764	0.237525609345122	HOXB-AS3
chr17	80871406	80871406	cg07429515	0.0018969466147784	0.23763800025185	TBCD
chr17	48263151	48263151	cg00439089	0.0019187711785968	0.239094802289554	COL1A1
chr17	1129329	1129329	cg04057197	0.001926854905804	0.239592536430846	ABR
chr17	29298352	29298352	cg16579555	0.0019403595648239	0.240600553822959	RNF135
chr17	915634	915634	cg14102880	0.0019433582634708	0.240757966185475	ABR
chr17	46669645	46669645	cg24210813	0.0019585613915159	0.241459749686576	HOXB-AS3,HOXB3,HOXB5
chr17	36665844	36665844	cg11637712	0.0019751878509669	0.242563629879164	ARHGAP23
chr17	33700748	33700748	cg14380270	0.0019882724815492	0.243069245052508	
chr17	34820348	34820348	cg22329579	0.0019884361573902	0.243069245052508	
chr17	941382	941382	cg26333041	0.0020108264817275	0.244747167062722	ABR
chr17	80941559	80941559	cg20198923	0.0020220085247132	0.245406559541447	B3GNTL1
chr17	78188837	78188837	cg00081347	0.0020235404915361	0.24551690054447	SGSH
chr17	20013888	20013888	cg05888362	0.0020366477028539	0.246217444012139	SPECC1
chr17	79094416	79094416	cg02460935	0.0020440790965955	0.246652000447133	AATK
chr17	78081580	78081580	cg06774595	0.0020459321843096	0.246804123109823	GAA
chr17	78321784	78321784	cg08777206	0.0020539535999414	0.247179849962884	RNF213
chr17	76572313	76572313	cg15406425	0.0020532271267172	0.247179849962884	DNAH17
chr17	63534689	63534689	cg26921093	0.0020594067488214	0.247522660303568	AXIN2,CTD-2535L24.2
chr17	934652	934652	cg17298275	0.0020657980799361	0.247851128659732	ABR
chr17	80976002	80976002	cg12561934	0.0020682138636215	0.247952366261336	B3GNTL1
chr17	20013830	20013830	cg10924857	0.0020774705718042	0.248455962985025	SPECC1
chr17	55344950	55344950	cg13136596	0.0020820755821693	0.248760477010987	MSI2
chr17	20140353	20140353	cg09818912	0.0020921466162197	0.249263391676971	AC004702.2,SPECC1
chr17	821547	821547	cg23283423	0.002095325611865	0.249263391676971	NXN
chr17	1047463	1047463	cg26085932	0.0021188443789403	0.250463775889755	ABR
chr17	7297336	7297336	cg10808399	0.0021354450383433	0.251528401991762	C17orf61-PLSCR3,TMEM256-PLSCR3
chr17	56769558	56769558	cg07329131	0.0021447829250553	0.252163111799477	
chr17	38075409	38075409	cg23047335	0.0021921113377471	0.254661924277499	GSDMB
chr17	40274729	40274729	cg08880849	0.0021932307640304	0.254750828180086	CTD-2132N18.3
chr17	79615102	79615102	cg11282657	0.0022073574404532	0.255114694861809	NPLOC4,TSPAN10
chr17	46682414	46682414	cg19828220	0.002209725467329	0.255268861328943	HOXB-AS3
chr17	76866918	76866918	cg23655623	0.0022117049538549	0.255334551426429	TIMP2
chr17	3289799	3289799	cg04352272	0.0022644272774549	0.2585919061656	OR1R1P
chr17	72278043	72278043	cg04643858	0.00229121325702	0.26029584989224	DNAI2
chr17	1610912	1610912	cg01836438	0.0022971957454638	0.26057981135219	
chr17	46683806	46683806	cg07318128	0.0023352443787727	0.262464004285765	
chr17	75237970	75237970	cg13107302	0.0023490343123332	0.263284857089592	
chr17	63132298	63132298	cg03561897	0.0023834719348152	0.265125230902046	
chr17	76618029	76618029	cg02801388	0.0024083194585131	0.266457346551206	CTD-2357A8.3
chr17	50237404	50237404	cg13125157	0.0024096044291873	0.266506141987015	
chr17	1508262	1508262	cg09329516	0.0024265428041903	0.2675456713505	SLC43A2
chr17	135984	135984	cg17317895	0.0024269254601647	0.2675456713505	RPH3AL
chr17	76719612	76719612	cg27566403	0.0024593633201035	0.269123418151448	CYTH1
chr17	80664486	80664486	cg07921818	0.002502070022234	0.271228821931268	
chr17	11143830	11143830	cg08169394	0.0025063397264805	0.271349279765285	
chr17	926372	926372	cg07992519	0.0025122783821389	0.27173769446194	ABR
chr17	79062556	79062556	cg17476649	0.0025173247097515	0.271839191059354	BAIAP2
chr17	75282777	75282777	cg21678736	0.0025463852085641	0.273064695231426	SEPT9
chr17	46673002	46673002	cg21864868	0.0025633004267624	0.273790376001307	HOXB-AS3,HOXB3,HOXB6
chr17	40700859	40700859	cg21854286	0.0025691637509927	0.273801620470278	RP11-400F19.8
chr17	79035226	79035226	cg20841191	0.0025717708763847	0.273819847576988	BAIAP2
chr17	78809873	78809873	cg01464730	0.0025798012455696	0.274360138219793	RPTOR
chr17	33700758	33700758	cg01348733	0.0025862954242431	0.274637430903358	
chr17	79933124	79933124	cg05850338	0.0025959982872464	0.275102051656752	
chr17	66832096	66832096	cg00674003	0.0026218756580513	0.276441594846521	
chr17	74475051	74475051	cg08008636	0.0026453791588762	0.277658119043484	RHBDF2
chr17	44919193	44919193	cg13452260	0.0026830130847317	0.279745303625151	WNT9B
chr17	78330478	78330478	cg20851790	0.0026874757159412	0.279962718278534	CTD-2047H16.4,RNF213
chr17	64759926	64759926	cg11407328	0.0027071564318296	0.281239082512983	PRKCA
chr17	1961510	1961510	cg02376827	0.0027174957066702	0.281712764821187	HIC1
chr17	131848	131848	cg08024103	0.0027379526580971	0.282541364567632	RPH3AL
chr17	46628717	46628717	cg21853871	0.002746212014308	0.282979414733017	HOXB-AS3,HOXB3
chr17	74468491	74468491	cg16607945	0.0027510444723699	0.283232810581907	RHBDF2
chr17	48183343	48183343	cg15235074	0.0027587284762071	0.283483790364321	PDK2
chr17	58164727	58164727	cg05982859	0.0027752587605532	0.284219567468238	CTD-2319I12.1,CTD-2319I12.2
chr17	1096706	1096706	cg10243855	0.0027822400426696	0.284309329148545	ABR
chr17	80271579	80271579	cg26409566	0.0027921424596713	0.284970460000676	
chr17	80708513	80708513	cg00809820	0.0028022171396828	0.285405918171836	FN3K
chr17	76986589	76986589	cg27298164	0.0028016813413521	0.285405918171836	
chr17	923830	923830	cg07941529	0.0028079485689579	0.285547241080856	ABR
chr17	80180166	80180166	cg09264619	0.0028084007152483	0.285547241080856	
chr17	72436457	72436457	cg23986185	0.0028221670661521	0.28614698273089	GPRC5C
chr17	20075916	20075916	cg04255675	0.0028450117738037	0.287139347074007	SPECC1
chr17	7099876	7099876	cg01780685	0.0028582196969202	0.287501702119561	DLG4
chr17	3564946	3564946	cg06878787	0.0028645059143011	0.287854416414463	
chr17	4436581	4436581	cg08835403	0.0028643449874416	0.287854416414463	SPNS2
chr17	37365988	37365988	cg27357316	0.002876631268799	0.288448321875137	
chr17	61613122	61613122	cg20487025	0.0029009687025727	0.289481340437884	KCNH6
chr17	72480645	72480645	cg14018141	0.0029238866638869	0.290709223751238	CD300A
chr17	78655266	78655266	cg06443231	0.0029286411811022	0.291073144927873	RPTOR
chr17	78859061	78859061	cg11623293	0.0029480117396686	0.291925273178049	RPTOR
chr17	80180068	80180068	cg13050556	0.0029531242895805	0.29213423636915	
chr17	784466	784466	cg17776833	0.0029528549773161	0.29213423636915	NXN
chr17	42903629	42903629	cg04449470	0.0030480362049445	0.297222025085704	GJC1
chr17	4698400	4698400	cg14716933	0.0031290454630764	0.301560132057221	
chr17	46692454	46692454	cg27294582	0.0031468241110477	0.302174267933615	HOXB7,HOXB8
chr17	46629306	46629306	cg02873421	0.0031556600624762	0.302554789069097	HOXB-AS3,HOXB3
chr17	40837288	40837288	cg27616541	0.0031603352242246	0.30266791568883	CNTNAP1,CTD-3193K9.3
chr17	75160330	75160330	cg03268697	0.0031737885927213	0.303421889660796	SEC14L1
chr17	78322485	78322485	cg15713809	0.0031758107757553	0.303545738099066	RNF213
chr17	1626510	1626510	cg09433910	0.0031777557694119	0.303592697634578	WDR81
chr17	79386969	79386969	cg25292663	0.0031774120389659	0.303592697634578	RP11-1055B8.7
chr17	78336958	78336958	cg22672496	0.0031864261586407	0.304038556921573	CTD-2047H16.4,RNF213
chr17	46660002	46660002	cg02311193	0.0032502155445572	0.306855691702273	HOXB-AS3,HOXB3
chr17	46619923	46619923	cg19047660	0.0032770381393451	0.307906194787117	HOXB2
chr17	46628304	46628304	cg26622699	0.0032863678697361	0.30818884966468	HOXB-AS1,HOXB-AS3,HOXB3
chr17	79803515	79803515	cg07955004	0.0032953635545766	0.308683093063295	P4HB
chr17	48041892	48041892	cg15557036	0.0033353050139291	0.31051232483072	
chr17	1150997	1150997	cg20011726	0.0033351420210309	0.31051232483072	AC144836.1
chr17	40839643	40839643	cg21946667	0.0033491109640501	0.311138743928827	CNTNAP1,CTD-3193K9.3
chr17	38501398	38501398	cg19314352	0.003356066004716	0.311438600602497	RARA
chr17	9150053	9150053	cg21322120	0.0033588986653814	0.311528434961066	
chr17	26672799	26672799	cg15159588	0.0033676667104263	0.311926068361868	TNFAIP1
chr17	74018510	74018510	cg00282731	0.0033820654454281	0.312523774552237	EVPL
chr17	72918852	72918852	cg07441794	0.0033909502352019	0.312764895857526	USH1G
chr17	80545020	80545020	cg05945266	0.0033922562685813	0.312821207294451	FOXK2
chr17	20687482	20687482	cg07870541	0.0034116165391179	0.313555215489003	
chr17	79495953	79495953	cg16201883	0.0034372369855848	0.314499278159471	FSCN2
chr17	78938344	78938344	cg03890538	0.0034470735386372	0.314709902761261	RPTOR
chr17	139511	139511	cg10827650	0.0034467641184051	0.314709902761261	RPH3AL
chr17	40309357	40309357	cg20438445	0.0034557052835223	0.315095628828406	KCNH4
chr17	61926701	61926701	cg19106932	0.0034853727199795	0.316408871053532	TCAM1P
chr17	40838862	40838862	cg08860498	0.0035078156236036	0.317504805006014	CNTNAP1,CTD-3193K9.3
chr17	78362330	78362330	cg12813919	0.0035104385217103	0.317648296104335	CTD-2047H16.4,RNF213
chr17	80732957	80732957	cg19893067	0.0035733693969888	0.319706531716843	TBCD
chr17	40018952	40018952	cg10606888	0.0035765824488901	0.319856973199779	KLHL11
chr17	56769697	56769697	cg02110529	0.003611801581128	0.321438998346895	
chr17	25676387	25676387	cg05977781	0.0036097388950349	0.321438998346895	
chr17	29648812	29648812	cg23352695	0.0036185763391785	0.321632213267497	EVI2A,NF1
chr17	70967166	70967166	cg17430821	0.0036579135170809	0.323003378587955	SLC39A11
chr17	45786512	45786512	cg26981809	0.0036637178956714	0.323049891638027	TBKBP1
chr17	78362278	78362278	cg15383979	0.0036684103354965	0.323327138173146	CTD-2047H16.4,RNF213
chr17	41113316	41113316	cg06050065	0.0036973303227829	0.324063961920519	AARSD1,PTGES3L-AARSD1
chr17	78313946	78313946	cg24542230	0.0036997032027545	0.324203908874214	RNF213
chr17	915265	915265	cg00627347	0.0037026947050584	0.324321516442846	ABR
chr17	74239328	74239328	cg14755066	0.0037110363563467	0.324833921003785	
chr17	76641496	76641496	cg19954448	0.003721656782154	0.324989571100339	
chr17	1065204	1065204	cg11189177	0.0037608368866974	0.326493307577378	ABR
chr17	77767242	77767242	cg06925984	0.0037668786965594	0.326901363417793	CBX8
chr17	1374051	1374051	cg14330293	0.0037679137235689	0.326908505815819	MYO1C
chr17	74519322	74519322	cg02297747	0.0037909450904805	0.327958433587767	
chr17	76209704	76209704	cg25986496	0.0037976025847809	0.328237812897958	
chr17	17124700	17124700	cg19636308	0.0038006529195399	0.328399527514252	FLCN,RP11-45M22.4
chr17	47210271	47210271	cg16206138	0.0038092233516524	0.328867935940815	B4GALNT2
chr17	7762123	7762123	cg04615859	0.0038154691876015	0.329203032134217	CYB5D1,LSMD1
chr17	47210600	47210600	cg02445664	0.003857472863576	0.330542407501857	B4GALNT2
chr17	928851	928851	cg26013733	0.0038621226327927	0.330542407501857	ABR
chr17	53049066	53049066	cg09652533	0.003877141260573	0.331104375731949	STXBP4
chr17	60215650	60215650	cg09667001	0.0038771109094693	0.331104375731949	POLRMTP1
chr17	20014025	20014025	cg01563959	0.0038779889840553	0.331125937821843	SPECC1
chr17	72564220	72564220	cg09123951	0.0038913326103497	0.331559839603836	
chr17	43198424	43198424	cg18026225	0.0039095493459731	0.332309307625455	PLCD3
chr17	75755354	75755354	cg18098335	0.0039120325815316	0.332452726934328	
chr17	50235329	50235329	cg14054928	0.0039131079768907	0.332510290213314	CA10
chr17	70120318	70120318	cg10471574	0.0039192544020734	0.332727970211146	SOX9,SOX9-AS1
chr17	80329945	80329945	cg09224821	0.0039336258631714	0.333172691630561	
chr17	78326763	78326763	cg02926747	0.0039359828035028	0.333301337911141	CTD-2047H16.4,RNF213
chr17	27410685	27410685	cg13672501	0.0039425826467766	0.333626795588759	MYO18A,TIAF1
chr17	1123634	1123634	cg22697034	0.0039548543572234	0.334255615521163	ABR
chr17	39364467	39364467	cg19464037	0.003957835163538	0.334372228145775	
chr17	80614369	80614369	cg16681349	0.0039623002482644	0.334580269644564	RAB40B
chr17	78387644	78387644	cg19583379	0.0039695923158045	0.334937442536041	CTD-2047H16.4
chr17	78880227	78880227	cg01000996	0.0039942529391181	0.335940511329468	RPTOR
chr17	74398146	74398146	cg03930532	0.0040012130538919	0.336021492529749	UBE2O
chr17	20060311	20060311	cg26900995	0.0039998159526448	0.336021492529749	SPECC1
chr17	19998939	19998939	cg25054705	0.0040106404721739	0.336259770790053	SPECC1
chr17	46629805	46629805	cg05387167	0.0040317080452699	0.337034331693118	HOXB-AS3,HOXB3
chr17	72244452	72244452	cg00148325	0.0040398209203954	0.337351165228122	TTYH2
chr17	78804437	78804437	cg21876181	0.0040828992028768	0.338695175270233	RPTOR
chr17	33700818	33700818	cg10911913	0.0041150277693449	0.339575312656525	
chr17	1390182	1390182	cg02317299	0.0041257318666148	0.339994981981015	MYO1C
chr17	40840013	40840013	cg08111857	0.004135216701163	0.340347845654124	CNTNAP1,CTD-3193K9.3
chr17	48050275	48050275	cg01832036	0.0041996697093825	0.342573467806434	DLX4
chr17	954491	954491	cg25436152	0.0042172041485987	0.343199483529616	ABR
chr17	78848534	78848534	cg27129144	0.0042701392031526	0.345486616498901	RPTOR
chr17	42467200	42467200	cg20810975	0.0042991454416646	0.346525890021723	
chr17	79897974	79897974	cg04863197	0.0043058627656468	0.34684264931147	MYADML2,PYCR1
chr17	1094057	1094057	cg10718894	0.0043171326605351	0.347324909584747	ABR
chr17	929076	929076	cg13876604	0.0043245685091295	0.347635882769975	ABR
chr17	1537890	1537890	cg23214985	0.0043299436630186	0.347867124211441	SCARF1
chr17	20156941	20156941	cg21045385	0.0043315822092616	0.347959417642643	AC004702.2,SPECC1
chr17	78607368	78607368	cg21925688	0.0043712906119103	0.349341100510285	RPTOR
chr17	36670832	36670832	cg12210418	0.0043817315725075	0.349907717297769	
chr17	78079608	78079608	cg14949292	0.0043851972050027	0.35000806433273	GAA
chr17	78317832	78317832	cg22194904	0.0044354935139882	0.351998472068464	RNF213
chr17	7366117	7366117	cg25500553	0.0044488870192067	0.352473875643291	ZBTB4
chr17	41019938	41019938	cg14061793	0.0044925568540164	0.353716486200701	AOC4P
chr17	43065877	43065877	cg09263059	0.0045077484635835	0.353972160079168	
chr17	79860436	79860436	cg14627760	0.0045205289929245	0.354391779746786	NPB,PCYT2
chr17	78341602	78341602	cg20677157	0.0045201411749017	0.354391779746786	CTD-2047H16.4,RNF213
chr17	78337535	78337535	cg22161784	0.0045301393512893	0.354573281218402	CTD-2047H16.4,RNF213
chr17	76353953	76353953	cg22749855	0.0045327680371552	0.354663056352179	SOCS3
chr17	40700509	40700509	cg07694864	0.0045495374351697	0.355259420954149	HSD17B1P1,RP11-400F19.8
chr17	1028931	1028931	cg02485462	0.0045714542509826	0.356167582355858	ABR
chr17	20203993	20203993	cg10109635	0.0045867167917193	0.356807167074876	AC004702.2,SPECC1
chr17	53315579	53315579	cg15892664	0.004616032401029	0.357842747863515	
chr17	78892213	78892213	cg16892887	0.0046135016155146	0.357842747863515	RPTOR
chr17	37764153	37764153	cg03679521	0.004625490606013	0.358308731128835	NEUROD2
chr17	76109223	76109223	cg24867468	0.0046339874457061	0.358365319298952	TMC6
chr17	13506186	13506186	cg00203913	0.0046520002886426	0.358700395894829	
chr17	1094369	1094369	cg01466631	0.0046698112828456	0.359155449705578	ABR
chr17	66131583	66131583	cg10043137	0.0046674004681299	0.359155449705578	LRRC37A16P,SH3GL1P3
chr17	47209665	47209665	cg25446098	0.004710017417099	0.36034674327243	
chr17	80931346	80931346	cg25421908	0.004710764121869	0.360352134437123	B3GNTL1
chr17	36623419	36623419	cg24150949	0.004712667340932	0.360384453246406	ARHGAP23
chr17	40823420	40823420	cg20669292	0.0047187075837211	0.360483367996656	PLEKHH3
chr17	39684545	39684545	cg02893823	0.0047217834358524	0.360652383280769	KRT19
chr17	77997454	77997454	cg09675820	0.0047270632511817	0.360857693173053	TBC1D16
chr17	53038316	53038316	cg04387010	0.0047305470478009	0.360925747512074	COX11,TOM1L1
chr17	78184945	78184945	cg26624270	0.0047320223950562	0.360943276287763	SGSH
chr17	21495735	21495735	cg00379337	0.0047549467354034	0.361664287912315	
chr17	113234	113234	cg05354195	0.004780663837496	0.362619864379155	RPH3AL
chr17	50237402	50237402	cg08605326	0.0047851703290782	0.362832776782448	
chr17	77952109	77952109	cg01303141	0.0047925620251027	0.363103728383652	TBC1D16
chr17	72231318	72231318	cg08594554	0.0047919771467748	0.363103728383652	TTYH2
chr17	78323643	78323643	cg18902820	0.0048463708488673	0.36492989016601	RNF213
chr17	78560479	78560479	cg08129331	0.0048810282418659	0.365824877670964	RPTOR
chr17	4439624	4439624	cg13124801	0.004905266937074	0.366621854011927	SPNS2
chr17	74395634	74395634	cg15047055	0.0049249832847511	0.367273967730381	UBE2O
chr17	60642442	60642442	cg03130292	0.0049277737938515	0.367449264060066	TLK2
chr17	980014	980014	cg25018458	0.0049376185559573	0.367789403795302	ABR
chr17	78937184	78937184	cg13136721	0.0049607730537616	0.368885776565523	RPTOR
chr17	820939	820939	cg06097704	0.0050236921815456	0.370813185348581	NXN
chr17	46711341	46711341	cg01452847	0.0050264898132321	0.370936298696021	HOXB-AS4
chr17	76618468	76618468	cg08195928	0.0050572915831431	0.371910222706827	CTD-2357A8.3
chr17	27235822	27235822	cg04164584	0.0050602274903689	0.371987980096098	PHF12
chr17	72832529	72832529	cg15596712	0.0050688710228873	0.372255214230634	TMEM104
chr17	74475241	74475241	cg17019969	0.0050831206891573	0.372775909535923	RHBDF2
chr17	1047568	1047568	cg26235490	0.0050867682467813	0.37281394706579	ABR
chr17	70589079	70589079	cg14901671	0.0050911320487286	0.372841180334412	LINC00511
chr17	25676201	25676201	cg07990843	0.0051041321837	0.373190484185546	
chr17	48132102	48132102	cg11222053	0.0051073672539567	0.373265954239465	RP11-1094H24.4
chr17	78186039	78186039	cg25267284	0.005118350756228	0.373720579025718	SGSH
chr17	75786173	75786173	cg20410290	0.0051204407722083	0.373765662612012	
chr17	79428750	79428750	cg12681784	0.0051280621945569	0.374037355078652	RP11-1055B8.7,RP11-1055B8.8
chr17	80932128	80932128	cg08845329	0.0051458789212472	0.37469266102036	B3GNTL1
chr17	76335184	76335184	cg18826274	0.0051835338210121	0.376145707278854	AC061992.2
chr17	72702863	72702863	cg04488553	0.0051873635539005	0.37617874271312	CD300LF,RAB37
chr17	40264626	40264626	cg10708793	0.0051909788390569	0.376200290585568	DHX58
chr17	17715815	17715815	cg15996882	0.0052042195118287	0.376534702102411	SREBF1
chr17	40264678	40264678	cg27249422	0.0052051982839974	0.376572903030748	DHX58
chr17	20799532	20799532	cg22570042	0.0052098036945992	0.376645136440689	RP11-344E13.3
chr17	31200009	31200009	cg02438965	0.0052119835675461	0.376672881134532	MYO1D
chr17	80825471	80825471	cg15369054	0.0052308121843462	0.377054491128317	TBCD
chr17	4608561	4608561	cg19415091	0.0052391657029144	0.377549149569312	RP11-314A20.2
chr17	26708227	26708227	cg00075507	0.0052505852267518	0.377795209579034	CTB-96E2.3,SARM1,TMEM199
chr17	39204768	39204768	cg06592151	0.0052675830295942	0.378095034729583	
chr17	933118	933118	cg05633070	0.0053285502416827	0.380163321342169	ABR
chr17	950541	950541	cg05600126	0.0053345818625357	0.380366250327242	ABR
chr17	1077100	1077100	cg03062587	0.0054038140963907	0.382786458258598	ABR
chr17	79615808	79615808	cg24930536	0.0054116436632143	0.38291079832662	
chr17	45858085	45858085	cg08125939	0.005434668786922	0.383654528671537	
chr17	79504745	79504745	cg00344577	0.0054359845118105	0.383676279648668	
chr17	79976900	79976900	cg04036366	0.0054614963132533	0.384622493777412	STRA13
chr17	80635675	80635675	cg04997558	0.0054714954192408	0.384834865391338	RAB40B
chr17	35060451	35060451	cg04169021	0.005475435218743	0.384955076621971	
chr17	26692428	26692428	cg04192492	0.0054886530750099	0.385333059406957	CTB-96E2.2,CTB-96E2.3,SARM1,TMEM199,VTN
chr17	80914696	80914696	cg24408200	0.0054906152498583	0.385406035100844	B3GNTL1
chr17	42635789	42635789	cg09339219	0.0054983239772729	0.385520352048102	FZD2
chr17	2907678	2907678	cg26604214	0.0055057017952935	0.385805028389415	RAP1GAP2
chr17	79860360	79860360	cg23186643	0.0055115125524579	0.38590813810193	NPB,PCYT2
chr17	17685582	17685582	cg15906409	0.005550254709687	0.387207949081631	RAI1
chr17	78311275	78311275	cg12256192	0.0055545264976115	0.38724870767097	RNF213
chr17	42441302	42441302	cg25338843	0.0055539062762353	0.38724870767097	
chr17	33823004	33823004	cg11112161	0.0055740420966551	0.387773778599964	SLFN12L
chr17	74222995	74222995	cg15713739	0.0055925255193056	0.388059673823776	RNF157
chr17	79000968	79000968	cg15888472	0.0056205103223873	0.388898485326667	
chr17	80128788	80128788	cg12223090	0.0056466886709068	0.389555922766155	CCDC57
chr17	76986702	76986702	cg15254287	0.005651766852928	0.389736117762766	
chr17	210047	210047	cg00351554	0.0056632078015274	0.390024612645707	RPH3AL
chr17	79030796	79030796	cg05481579	0.0056649774615701	0.390073762115204	BAIAP2
chr17	48049952	48049952	cg23634124	0.0056661209948321	0.390103092088414	DLX4
chr17	79481109	79481109	cg05488523	0.0056884180531879	0.390821341652538	ACTG1,RP13-766D20.2
chr17	21226435	21226435	cg13567725	0.005704818514011	0.391214304211686	
chr17	957249	957249	cg15946904	0.0057235720214291	0.391688373461742	ABR
chr17	6141791	6141791	cg02347212	0.0057299759097439	0.391868431897375	
chr17	7115524	7115524	cg17107626	0.0057491937111823	0.392629479501603	DLG4
chr17	73036703	73036703	cg15715969	0.0057673627374054	0.393171404439033	ATP5H,KCTD2
chr17	61777872	61777872	cg02236651	0.0058024216212395	0.394166393339403	LIMD2
chr17	77083037	77083037	cg14609289	0.0058210681678126	0.394496760794171	ENGASE
chr17	3805065	3805065	cg06475633	0.0058388999068517	0.394842683917609	P2RX1
chr17	27940510	27940510	cg21101720	0.0058401714367676	0.394842683917609	ANKRD13B,RP11-68I3.2
chr17	3819364	3819364	cg25031824	0.0058674375242836	0.395537827179708	P2RX1
chr17	77460588	77460588	cg19110654	0.0058857323466056	0.396131789664307	RBFOX3
chr17	79428404	79428404	cg17781958	0.005889626083322	0.396151497494059	RP11-1055B8.7,RP11-1055B8.8
chr17	79426160	79426160	cg06671298	0.0059044519286355	0.396720471763211	RP11-1055B8.7
chr17	76673640	76673640	cg18183214	0.0059213268681523	0.397342960169964	CYTH1
chr17	7117125	7117125	cg01697794	0.0059255096444331	0.397464003027836	DLG4
chr17	40822654	40822654	cg05932042	0.0059308176131975	0.397541375869234	PLEKHH3
chr17	73555446	73555446	cg17029237	0.0059309069135939	0.397541375869234	LLGL2
chr17	74467663	74467663	cg08104579	0.005948487717817	0.398078344851693	RHBDF2
chr17	25289681	25289681	cg15218456	0.0059870929316213	0.399308707244863	
chr17	20220361	20220361	cg00234467	0.0059982399059542	0.399583226730195	AC004702.2,SPECC1
chr17	30244370	30244370	cg12193833	0.006032868943051	0.400707788855239	
chr17	4439394	4439394	cg05119290	0.0060535808101734	0.401285828893653	SPNS2
chr17	21825355	21825355	cg19081885	0.0060657539875437	0.40183768212453	FAM27L
chr17	72258164	72258164	cg21330553	0.0060678759878045	0.401882647699695	
chr17	46087058	46087058	cg02694732	0.0060769125470135	0.402226031380155	
chr17	7100222	7100222	cg03182218	0.0061114252543777	0.403296134011418	DLG4
chr17	77291101	77291101	cg16264458	0.006158635267587	0.404628159953049	RBFOX3
chr17	79694616	79694616	cg09043962	0.0061829372767608	0.405198481575025	
chr17	70119609	70119609	cg13058710	0.0061849674601082	0.40529973384221	SOX9,SOX9-AS1
chr17	43049895	43049895	cg19176553	0.0062004846599564	0.405728796919824	
chr17	55122829	55122829	cg02486253	0.0062031486250626	0.405765717000177	
chr17	7017475	7017475	cg18659586	0.006204173914101	0.405765717000177	ASGR2
chr17	55756368	55756368	cg14938181	0.0062149764655393	0.406214674119669	MSI2
chr17	406501	406501	cg01214346	0.0062324248495753	0.406718668564111	RP5-1029F21.3
chr17	5487959	5487959	cg07442907	0.0062466399877223	0.407126325966187	NLRP1
chr17	80772943	80772943	cg06796120	0.0062596607196637	0.407445676642386	TBCD
chr17	72620275	72620275	cg09648424	0.0062842284804439	0.4080723390254	
chr17	75502874	75502874	cg02450725	0.0063056672545834	0.408885662365826	
chr17	20841371	20841371	cg17972600	0.0063139081663761	0.40896911844447	RP11-344E13.1,RP11-344E13.3
chr17	34207332	34207332	cg10315334	0.006334498725567	0.409471206291849	AC015849.2,CCL5
chr17	3501338	3501338	cg09451903	0.0063490354381233	0.409688235883756	SHPK
chr17	67137954	67137954	cg22081096	0.0063611469520503	0.410106157820104	ABCA6
chr17	1038006	1038006	cg22559878	0.0064034223608055	0.411127638762229	ABR
chr17	39334983	39334983	cg15592184	0.006421793313481	0.411477732497657	
chr17	1386369	1386369	cg02104967	0.0064384801971084	0.411990728163869	MYO1C
chr17	79550669	79550669	cg12392998	0.0064675524379961	0.412807545105332	NPLOC4
chr17	40839767	40839767	cg07871971	0.0064968492867407	0.413634553468621	CNTNAP1,CTD-3193K9.3
chr17	1127153	1127153	cg17262868	0.0064978482960163	0.413635108011609	ABR
chr17	76641148	76641148	cg11409285	0.0065141774362963	0.4140636203971	
chr17	73615845	73615845	cg04872623	0.0065345185894173	0.414587832900448	MYO15B
chr17	2302144	2302144	cg12685560	0.0065654827942405	0.415534027104775	MNT
chr17	1062968	1062968	cg03713963	0.0065856237054727	0.416290525166064	ABR
chr17	80574108	80574108	cg01155404	0.0065872587032985	0.416294144552054	FOXK2,WDR45B
chr17	915895	915895	cg22285438	0.0065876881013131	0.416294144552054	ABR
chr17	59445793	59445793	cg23415789	0.0065975288309319	0.416615318588779	BCAS3,RP11-332H18.5
chr17	70451947	70451947	cg09256716	0.0065988567612069	0.416634765501252	LINC00511
chr17	68128923	68128923	cg01487494	0.0066460352644587	0.418287128984551	KCNJ16
chr17	73120977	73120977	cg02186444	0.0066569340820819	0.418342384359792	ARMC7
chr17	78290952	78290952	cg08059361	0.0066720759442022	0.418758735523068	RNF213
chr17	99923	99923	cg11597080	0.0066972343705498	0.419518256228533	RPH3AL
chr17	46825012	46825012	cg20637609	0.0067390600570246	0.420474412125828	
chr17	79086430	79086430	cg01158079	0.0067645475244783	0.421056756143318	BAIAP2
chr17	39573086	39573086	cg06128521	0.0067651420572768	0.421056756143318	AC003958.2
chr17	80188599	80188599	cg20531020	0.0067676621811445	0.421143140588903	SLC16A3
chr17	78849432	78849432	cg06617879	0.0068123216912628	0.422114037931249	RPTOR
chr17	7208106	7208106	cg27063237	0.0068804020503417	0.423494350762828	
chr17	6527184	6527184	cg02704946	0.0069842398373066	0.426623315214123	KIAA0753
chr17	78032529	78032529	cg01560185	0.0070315725518286	0.427760422470732	CCDC40
chr17	79429613	79429613	cg25754933	0.0071192705937419	0.430549378859182	RP11-1055B8.7
chr17	62398357	62398357	cg04448141	0.0071386839536475	0.431011200426019	
chr17	74475294	74475294	cg13076843	0.0071420311168365	0.431088663453481	RHBDF2
chr17	79433150	79433150	cg11848015	0.0071560549106075	0.431685601884304	RP11-1055B8.7
chr17	48133890	48133890	cg27566289	0.0071846721049843	0.432525837755364	ITGA3
chr17	79496290	79496290	cg27263632	0.0071945332434011	0.432850271060351	FSCN2
chr17	20799511	20799511	cg08288433	0.0072016140581046	0.433087456516219	RP11-344E13.3
chr17	30439577	30439577	cg07604589	0.0072049091952875	0.433107914156504	CTD-2095E4.1,RP11-640N20.9
chr17	80923778	80923778	cg01736253	0.0072587402115145	0.43465445726903	B3GNTL1
chr17	42081811	42081811	cg07739179	0.0073033918793417	0.435826959685149	PYY
chr17	46389574	46389574	cg26871959	0.0073194497436154	0.436187616644527	SKAP1
chr17	40536563	40536563	cg25857307	0.0073326453208072	0.436506894621536	STAT3
chr17	55359419	55359419	cg23567690	0.0073461531470887	0.436999596887854	MSI2
chr17	40264780	40264780	cg21043572	0.0073668217184659	0.437316186650602	
chr17	20171048	20171048	cg07103201	0.007385584939845	0.437688087206421	AC004702.2,SPECC1
chr17	22012691	22012691	cg06618418	0.0074066618100617	0.438227402997275	
chr17	46591292	46591292	cg03915932	0.0074144339837003	0.43841241866301	
chr17	59488241	59488241	cg13918518	0.0074298366112329	0.43863191458944	RP11-332H18.4
chr17	1664339	1664339	cg00844277	0.0074441471858267	0.438942712892892	
chr17	7165010	7165010	cg14034852	0.0074448900844683	0.438942712892892	CLDN7,RP1-4G17.5
chr17	821621	821621	cg02459042	0.0074994325577203	0.440147877691955	NXN
chr17	79623662	79623662	cg20834073	0.0075004306671971	0.440159098572471	PDE6G
chr17	54886371	54886371	cg20287050	0.0075184390852655	0.440813344498501	C17orf67
chr17	77917596	77917596	cg11283847	0.0076070093568919	0.443144897803644	TBC1D16
chr17	46631949	46631949	cg21474786	0.0076225031209573	0.443459915186756	HOXB-AS3,HOXB3
chr17	184834	184834	cg04248279	0.0077067274626617	0.444889762103072	RPH3AL
chr17	47755771	47755771	cg06291334	0.0077149292829763	0.445129097402974	
chr17	78317316	78317316	cg23090060	0.0078163859317895	0.447228382072579	RNF213
chr17	39683705	39683705	cg05396212	0.0078822065804811	0.448694408174643	KRT19
chr17	79012397	79012397	cg12475142	0.0078878333445187	0.448800632907236	BAIAP2
chr17	7099824	7099824	cg04153604	0.0079141814059681	0.44968721111612	DLG4
chr17	74237603	74237603	cg16571786	0.007922285093862	0.449912943950484	
chr17	3474736	3474736	cg02902854	0.0079527845575955	0.450715701968574	SHPK,TRPV1
chr17	135071	135071	cg27200824	0.0079755810206774	0.451317192669037	RPH3AL
chr17	136545	136545	cg10432987	0.0079943812154087	0.451613390229639	RPH3AL
chr17	27036568	27036568	cg26328589	0.0080112724585785	0.451985426359404	PROCA1
chr17	72978795	72978795	cg19031565	0.0080743864610512	0.453332382251108	
chr17	123952	123952	cg11486935	0.0081142003999822	0.454346272869146	RPH3AL
chr17	27940404	27940404	cg14215472	0.0081293932522196	0.454831140491578	ANKRD13B,RP11-68I3.2
chr17	1090291	1090291	cg23753807	0.0081461948484179	0.45522238111595	ABR
chr17	80350295	80350295	cg24190377	0.0081525518088952	0.45530350413184	OGFOD3
chr17	48175734	48175734	cg06647382	0.0081635437045782	0.455578168702786	PDK2
chr17	1042352	1042352	cg06833613	0.0081736494485169	0.455764031863944	ABR
chr17	77925939	77925939	cg12700039	0.0082225879655789	0.456570556671526	TBC1D16
chr17	40835920	40835920	cg26716902	0.0082399392301276	0.457205718376296	CCR10,CNTNAP1,CTD-3193K9.3
chr17	9146935	9146935	cg09368832	0.0082459994655293	0.457315703584051	NTN1
chr17	37365885	37365885	cg13123723	0.0082565073447774	0.457591160793214	
chr17	38501175	38501175	cg07944862	0.0082642714958918	0.457812315044623	RARA
chr17	3819390	3819390	cg01526089	0.008287656481322	0.458302084583855	P2RX1
chr17	62340144	62340144	cg21352959	0.0082945539840693	0.458361760923991	TEX2
chr17	72237020	72237020	cg03018256	0.0083087257240052	0.458589100263289	TTYH2
chr17	114251	114251	cg27461422	0.0083334515542385	0.459065778278344	RPH3AL
chr17	80943851	80943851	cg20663495	0.0083451179807758	0.459228284461402	B3GNTL1
chr17	78383652	78383652	cg13537940	0.0083546355735997	0.459317788861066	CTD-2047H16.4
chr17	74908599	74908599	cg27093361	0.0083572926897907	0.459317788861066	MGAT5B
chr17	1165839	1165839	cg05781826	0.00839581498536	0.460661110681986	
chr17	77923603	77923603	cg10496150	0.0084098509185879	0.460902152487191	TBC1D16
chr17	7037323	7037323	cg13125537	0.008427722165278	0.461553252007762	
chr17	78892885	78892885	cg14059665	0.0084304691187228	0.461563879955137	RPTOR
chr17	32741121	32741121	cg20942162	0.0084452442833382	0.461880289042441	
chr17	78417963	78417963	cg04305399	0.0084844697784976	0.462795002072656	
chr17	40557347	40557347	cg03823468	0.0085027777036113	0.463004975176487	PTRF
chr17	40836126	40836126	cg03989507	0.0085208198298941	0.463205007130736	CNTNAP1,CTD-3193K9.3
chr17	7165256	7165256	cg15298719	0.0085379498592649	0.46353867419693	CLDN7,RP1-4G17.5
chr17	66926514	66926514	cg17461670	0.0085428760077116	0.463569102827834	ABCA8
chr17	76565480	76565480	cg14927663	0.0086002082805715	0.465320749627526	DNAH17
chr17	290137	290137	cg05738687	0.0086052848014885	0.465373935764789	FAM101B
chr17	86395	86395	cg14489217	0.0086193951049585	0.465844579543443	RPH3AL
chr17	42090466	42090466	cg00038239	0.0086328384061015	0.466205950268891	TMEM101
chr17	1508444	1508444	cg11076954	0.0087011620189238	0.467763487743267	SLC43A2
chr17	43296396	43296396	cg25975256	0.008697699652837	0.467763487743267	CTD-2020K17.1
chr17	78172178	78172178	cg00135416	0.0087070538177683	0.467878964104231	CARD14
chr17	926438	926438	cg02217367	0.0087549539349268	0.468854470699118	ABR
chr17	40575289	40575289	cg11804833	0.0087579533710934	0.468916131996988	PTRF
chr17	78911769	78911769	cg03641032	0.0088225720069847	0.470584805800705	RPTOR
chr17	50235279	50235279	cg24341611	0.008840166236638	0.470629563489656	CA10
chr17	174047	174047	cg08291304	0.0088513578326437	0.470887257935503	RPH3AL
chr17	78925544	78925544	cg03052541	0.0088564751630564	0.470997280689005	RPTOR
chr17	77680079	77680079	cg01537847	0.0088670838780098	0.4713590115392	
chr17	40706682	40706682	cg23622369	0.0089235033066418	0.472788904121433	HSD17B1,RP11-400F19.6,RP11-400F19.8
chr17	79224179	79224179	cg03971338	0.0089617846529694	0.473465642944434	SLC38A10
chr17	79198102	79198102	cg25898729	0.0089800813658371	0.473968046714242	
chr17	77773042	77773042	cg16426714	0.0089907951929748	0.474188417556596	CBX8
chr17	20006055	20006055	cg18181209	0.0089980801462476	0.474279723789931	SPECC1
chr17	41367862	41367862	cg21689291	0.0090586849125699	0.475636319476216	TMEM106A
chr17	34097390	34097390	cg02022384	0.009065003206253	0.475699980427189	MMP28
chr17	20687761	20687761	cg20565374	0.0090691826243262	0.475710119654269	
chr17	58928702	58928702	cg22375853	0.0090799842580489	0.475920221092728	BCAS3
chr17	33700802	33700802	cg05224998	0.0090876626986358	0.476046338388558	
chr17	80210987	80210987	cg19829375	0.0090994516546677	0.476160436108881	CSNK1D,SLC16A3
chr17	6679254	6679254	cg23341223	0.0091084773213	0.476335616239118	
chr17	79869749	79869749	cg20248866	0.0091374275467054	0.476944130490744	
chr17	71089186	71089186	cg08853318	0.0091686881035338	0.477839145037211	
chr17	62400643	62400643	cg00879592	0.0092066160547453	0.478800204203254	
chr17	41833324	41833324	cg17888554	0.009222816123528	0.479147848196357	SOST
chr17	38861095	38861095	cg06899912	0.0092759940700867	0.48034492129337	
chr17	934535	934535	cg01881265	0.0092988704722483	0.480754711095679	ABR
chr17	41912980	41912980	cg11004752	0.0093091532350066	0.480958907448851	
chr17	74846413	74846413	cg23411869	0.0093475272525633	0.481809170795513	LINC00868
chr17	74928864	74928864	cg24011501	0.0093616893561659	0.482100805791884	MGAT5B
chr17	48050512	48050512	cg11472521	0.0093879865400294	0.482667799020944	DLX4
chr17	32582129	32582129	cg11640275	0.0094124635825521	0.483315732758747	AC005549.3
chr17	113799	113799	cg02031712	0.009436870413662	0.483946290449968	RPH3AL
chr17	1124132	1124132	cg12889817	0.0094453149212945	0.484101509728296	ABR
chr17	79304684	79304684	cg22532155	0.009444547028444	0.484101509728296	
chr17	25819113	25819113	cg08041350	0.0094717381342142	0.484593567621942	KSR1
chr17	76641091	76641091	cg03219768	0.0094758466398069	0.48462568329142	
chr17	78812116	78812116	cg21005054	0.0094954038383925	0.485017745515207	RPTOR
chr17	58217572	58217572	cg19354039	0.0095124365129279	0.485545774138501	
chr17	42635779	42635779	cg17049621	0.0095407928001729	0.486294044399456	FZD2
chr17	76573553	76573553	cg07255197	0.0095475139478617	0.486341173005688	
chr17	40954091	40954091	cg14343283	0.0095522066586312	0.486447532586916	CNTD1
chr17	79041481	79041481	cg11698647	0.0095576626367614	0.486639174288612	BAIAP2
chr17	35336294	35336294	cg04920416	0.0096184446297451	0.488093704539466	AATF
chr17	65026598	65026598	cg06260647	0.0096268185495702	0.488189750410343	CACNG4
chr17	80553971	80553971	cg05580415	0.0096417293157992	0.488533389061474	FOXK2
chr17	15821130	15821130	cg11731596	0.0096472485718199	0.488662353145141	
chr17	48633206	48633206	cg13438549	0.0096636386056588	0.489183617305716	SPATA20
chr17	77460270	77460270	cg14212850	0.0096990550944494	0.490159615878442	RBFOX3
chr17	42462261	42462261	cg00062245	0.0097030216533615	0.490241442521791	ITGA2B
chr17	75254322	75254322	cg03550965	0.0097077476765787	0.490391244335385	RP11-285E9.6
chr17	78804322	78804322	cg19287064	0.0097112825348247	0.490510624977479	RPTOR
chr17	173955	173955	cg16373144	0.0097446262123067	0.491273830867806	RPH3AL
chr17	80964433	80964433	cg03591954	0.0097517002820691	0.49130564080339	B3GNTL1
chr17	67326603	67326603	cg13229233	0.0097512310090864	0.49130564080339	
chr17	39334971	39334971	cg20331177	0.0097621812951771	0.491454238609711	
chr17	76437099	76437099	cg12818883	0.0097653693518982	0.491458045106296	DNAH17
chr17	80829262	80829262	cg22175624	0.0098085537609202	0.492327752777443	TBCD
chr17	1038156	1038156	cg01884917	0.0098117597148056	0.492429495944492	ABR
chr17	78078995	78078995	cg12326244	0.00983768348623	0.492797968615499	GAA
chr17	71638531	71638531	cg22895083	0.0098374704279637	0.492797968615499	RP11-277J6.2,SDK2
chr17	45786854	45786854	cg08550205	0.0098725680142571	0.493306736434322	TBKBP1
chr17	71739339	71739339	cg22175814	0.0098761753798467	0.493379986351158	CTD-2532D12.4
chr17	1069335	1069335	cg12159837	0.0099466286741726	0.494680894329839	ABR
chr17	72258816	72258816	cg14240820	0.0099602788951652	0.494892098366139	
chr17	1106554	1106554	cg01912040	0.0099672717516031	0.49499892242095	ABR
chr17	80333257	80333257	cg19954017	0.0099678370082923	0.49499892242095	UTS2R
chr17	80329460	80329460	cg03496114	0.0099920271031171	0.495552104561823	
chr17	80960241	80960241	cg14231270	0.0100144099232781	0.496073154367203	B3GNTL1
chr17	19921608	19921608	cg22835215	0.0100269078422196	0.49642731652856	SPECC1
chr17	178697	178697	cg11815570	0.0100593634920473	0.497125625270752	RPH3AL
chr17	8649004	8649004	cg22197033	0.0100642988466599	0.497217670159658	
chr17	80402750	80402750	cg11494841	0.0100737841130702	0.497285332282445	C17orf62
chr17	78317113	78317113	cg02726136	0.0101179013197887	0.497987099694369	RNF213
chr17	79073781	79073781	cg18447950	0.0101425132197726	0.498498439648585	BAIAP2
chr17	42093050	42093050	cg17628468	0.0101770987198178	0.498983663925874	TMEM101
chr17	21901968	21901968	cg02491199	0.0102101902319385	0.4994928736165	
chr17	62018878	62018878	cg26840162	0.010228540477248	0.499659330936487	SCN4A
chr18	44526868	44526868	cg05529506	9.21495205008599e-06	0.054171566000017	KATNAL2
chr18	44527027	44527027	cg11931731	5.58153927260782e-06	0.054171566000017	KATNAL2
chr18	42643731	42643731	cg13422136	1.11643098256842e-05	0.054171566000017	SETBP1
chr18	8783975	8783975	cg14560339	1.3755526157262e-05	0.054171566000017	SOGA2
chr18	44562019	44562019	cg16643261	1.72802663789302e-05	0.054171566000017	KATNAL2
chr18	8717905	8717905	cg19522644	1.48723588004606e-05	0.054171566000017	SOGA2
chr18	7117790	7117790	cg18764577	3.48129006387469e-05	0.0543707177967035	LAMA1
chr18	42643808	42643808	cg03972656	3.67973551072163e-05	0.0550731515654561	SETBP1
chr18	42643290	42643290	cg05672074	4.13817985686654e-05	0.0556883318141202	SETBP1
chr18	44523070	44523070	cg27270832	4.48414401228736e-05	0.0559930840077809	KATNAL2
chr18	44543612	44543612	cg07416455	4.63689634808403e-05	0.0566307404953852	KATNAL2,TCEB3CL2
chr18	8659564	8659564	cg19651931	4.88678174119803e-05	0.0570949707730289	
chr18	42643936	42643936	cg20516763	5.19189273435648e-05	0.0575800295317701	SETBP1
chr18	10726518	10726518	cg21050234	6.54639071015113e-05	0.0597017968679235	PIEZO2,RP11-21G15.1
chr18	77623598	77623598	cg03682112	8.5862249648434e-05	0.0640992769774896	
chr18	44260092	44260092	cg06350879	0.0001017500086656	0.0683178996723969	ST8SIA5
chr18	67068457	67068457	cg15916399	0.0001092214696782	0.0696060557269708	DOK6
chr18	44562114	44562114	cg20960383	0.0001091632393512	0.0696060557269708	KATNAL2
chr18	76725474	76725474	cg01593857	0.0001212298699714	0.0720326998113761	
chr18	21852325	21852325	cg03384992	0.0001269875094376	0.0728585602396731	OSBPL1A
chr18	42643747	42643747	cg13623638	0.0001336673677282	0.0741600011648336	SETBP1
chr18	42644214	42644214	cg24983248	0.0001456164921208	0.0764022946398898	SETBP1
chr18	14129214	14129214	cg23655210	0.0001655999749196	0.0800642596567278	ZNF519
chr18	70536808	70536808	cg06544405	0.0002031017379938	0.0873179211136738	RP11-676J15.1
chr18	77642911	77642911	cg24140841	0.0002484709992389	0.0951969533713077	KCNG2
chr18	14998834	14998834	cg25284710	0.0002856985286341	0.101206644273037	
chr18	44526605	44526605	cg19558029	0.0003032552933844	0.103833021097169	KATNAL2
chr18	44562417	44562417	cg07614190	0.0003070217927666	0.104471699841419	KATNAL2
chr18	76684870	76684870	cg14767799	0.0003647094433205	0.112756767766254	
chr18	4455338	4455338	cg25627226	0.000405848636298	0.118289079640221	
chr18	44526756	44526756	cg05498007	0.0004078060020401	0.118411724417213	KATNAL2
chr18	44526430	44526430	cg23345004	0.0004406126776236	0.121725291696194	KATNAL2
chr18	70535006	70535006	cg18651870	0.0004708981734791	0.125239124728431	NETO1
chr18	3880021	3880021	cg15156844	0.0005929444764457	0.138976040735923	DLGAP1,DLGAP1-AS3
chr18	44561726	44561726	cg24883732	0.0006196464091516	0.141297440809317	KATNAL2,TCEB3B
chr18	44526744	44526744	cg20469799	0.0006207387823945	0.14138012740499	KATNAL2
chr18	44561719	44561719	cg16053920	0.0006409527067302	0.143702422552887	KATNAL2,TCEB3B
chr18	76275392	76275392	cg25350176	0.0006946246434705	0.149050774885205	
chr18	44557732	44557732	cg00312872	0.0007779860881209	0.1566187267481	KATNAL2
chr18	44562030	44562030	cg14276258	0.0007937696021262	0.15784463083698	KATNAL2
chr18	28622594	28622594	cg15439862	0.0008353869364634	0.162255411918438	DSC3
chr18	42530797	42530797	cg05195700	0.0008796869506631	0.166072631393236	SETBP1
chr18	11881170	11881170	cg03512931	0.0009159128047347	0.169257422925253	GNAL
chr18	44525710	44525710	cg02810592	0.0009328165126474	0.170626376491428	KATNAL2
chr18	14458692	14458692	cg00678322	0.001000425917061	0.17696034112978	
chr18	44553085	44553085	cg23996704	0.0010286913786083	0.179281039302299	KATNAL2
chr18	5539429	5539429	cg14075742	0.001045003410422	0.180096903689375	EPB41L3
chr18	44260358	44260358	cg00381974	0.0010868356320299	0.183305921516526	ST8SIA5
chr18	44541383	44541383	cg25748121	0.0011045596336173	0.184802803800009	KATNAL2
chr18	44561131	44561131	cg20875182	0.0011961902651828	0.192240524545366	KATNAL2,TCEB3B
chr18	28623040	28623040	cg14631834	0.0012428800964716	0.195231681010206	
chr18	14748299	14748299	cg21281009	0.0013491872955488	0.202967042649349	ANKRD30B
chr18	76751952	76751952	cg22242857	0.0013847351673381	0.205502177239287	SALL3
chr18	42643805	42643805	cg03654727	0.0014690836442103	0.211458039533549	SETBP1
chr18	44562056	44562056	cg17887685	0.0015356229341763	0.215817542566393	KATNAL2
chr18	44259788	44259788	cg06905387	0.0015417151368662	0.216075626663592	ST8SIA5
chr18	44555309	44555309	cg07643061	0.0015586821699935	0.217371150430174	KATNAL2,TCEB3C
chr18	44562063	44562063	cg07426472	0.0016341774120304	0.220929435863842	KATNAL2
chr18	44560278	44560278	cg03651973	0.0017851907476908	0.230352476932574	KATNAL2,TCEB3B
chr18	74962134	74962134	cg03502002	0.0018044479973927	0.231763367369923	
chr18	70535407	70535407	cg24863335	0.0019087201253287	0.238268853254096	
chr18	77214961	77214961	cg13207250	0.0021708220765953	0.253753499274033	NFATC1
chr18	2909790	2909790	cg06769774	0.0021752079719168	0.253892997671099	EMILIN2
chr18	9479570	9479570	cg05121812	0.0021818025039521	0.254307392903098	RALBP1
chr18	14748251	14748251	cg24061208	0.0022800103879778	0.259681951034853	ANKRD30B
chr18	4455512	4455512	cg21053831	0.0022838773056243	0.259824556762712	
chr18	70536462	70536462	cg13644317	0.002352548609287	0.263415491416773	RP11-676J15.1
chr18	7117321	7117321	cg12072964	0.0024413524528305	0.268036504081941	LAMA1
chr18	73139532	73139532	cg24163987	0.0026206227834717	0.276414158727268	SMIM21
chr18	24765490	24765490	cg21895526	0.0026641417417492	0.278479137884426	AQP4-AS1
chr18	76753357	76753357	cg04988994	0.0027250479893454	0.281876453572496	SALL3
chr18	44547162	44547162	cg19077165	0.0027913702026476	0.284970460000676	KATNAL2
chr18	55815885	55815885	cg05276978	0.0029149780972934	0.290099703722709	NEDD4L
chr18	20811409	20811409	cg01288184	0.0029413467375451	0.2917394745717	CABLES1,TMEM241
chr18	44774924	44774924	cg08076830	0.0029889456458878	0.294097465251816	SKOR2
chr18	44526701	44526701	cg12171183	0.0031716383356988	0.303355186975735	KATNAL2
chr18	35064900	35064900	cg19209689	0.0031901041973213	0.304150648654213	CELF4
chr18	12794179	12794179	cg16491233	0.0032017390330018	0.304387110840433	PTPN2
chr18	21719434	21719434	cg26349976	0.0032581162527926	0.307164487781126	CABYR
chr18	44544982	44544982	cg16215983	0.0032806214389411	0.30803070886492	KATNAL2
chr18	44526708	44526708	cg06198398	0.0033085969751198	0.309332210189977	KATNAL2
chr18	14458162	14458162	cg13472503	0.0033858866641505	0.312694899904841	
chr18	14747080	14747080	cg27026585	0.0034109900615516	0.313555215489003	ANKRD30B
chr18	14543710	14543710	cg18934713	0.0034285738745685	0.314263695347343	
chr18	14748231	14748231	cg21293934	0.0034724957446973	0.315714933823242	ANKRD30B
chr18	19318497	19318497	cg20082618	0.0035357082705129	0.318706437771416	MIB1
chr18	31020806	31020806	cg05994094	0.0036620420831001	0.323049891638027	CCDC178
chr18	76277600	76277600	cg05100518	0.0036872586733814	0.323751466413127	
chr18	25755847	25755847	cg02935338	0.0038407432748071	0.329932572160836	CDH2
chr18	76557159	76557159	cg19369363	0.0038877314635105	0.331466603755731	
chr18	59001158	59001158	cg18044383	0.0039832269028536	0.335431874066979	CDH20
chr18	35147163	35147163	cg14350197	0.0039990693878387	0.336021492529749	
chr18	11948	11948	cg06469293	0.0042783439134763	0.345679035658209	AP005530.1
chr18	9912784	9912784	cg02393756	0.0043237037679277	0.347599818249338	RP11-474N24.6
chr18	12380945	12380945	cg19328051	0.004376808155753	0.34958138792466	
chr18	44140466	44140466	cg07071206	0.0043873137520082	0.35000806433273	LOXHD1
chr18	43608309	43608309	cg05513069	0.0044329818140738	0.351914639356659	PSTPIP2,RP11-8H2.1
chr18	21852327	21852327	cg26398656	0.004550685135861	0.355282620998575	OSBPL1A
chr18	44260049	44260049	cg19478558	0.004643351310869	0.358529897214705	ST8SIA5
chr18	14998121	14998121	cg00231812	0.0046606747631402	0.35890546825069	
chr18	46386268	46386268	cg05451498	0.0046897654765302	0.359880598194782	CTIF
chr18	580435	580435	cg06490951	0.004693462312605	0.359959019219549	CETN1
chr18	61557735	61557735	cg20875821	0.0047855110819692	0.362832776782448	SERPINB2
chr18	7116977	7116977	cg22455914	0.0048018869577934	0.363450516759175	LAMA1
chr18	74695224	74695224	cg22168512	0.0048295300655104	0.364252785206367	MBP,RP11-862L9.3
chr18	14748286	14748286	cg03014326	0.0048627619128747	0.365279741586596	ANKRD30B
chr18	44774055	44774055	cg00875989	0.0051560404526852	0.375028609255979	SKOR2
chr18	14459044	14459044	cg06815579	0.0053102746036098	0.37954015543429	
chr18	29078566	29078566	cg15259973	0.0053360783997597	0.38040801818748	DSG2
chr18	44543259	44543259	cg24750912	0.0053773455953707	0.381732363027352	KATNAL2,TCEB3CL2
chr18	44561189	44561189	cg05989423	0.0054213874644667	0.383236129184697	KATNAL2,TCEB3B
chr18	5197388	5197388	cg26355573	0.0055221403173745	0.386072648611363	C18orf42
chr18	76308486	76308486	cg06575626	0.0056610796639746	0.390024612645707	
chr18	74961451	74961451	cg06562865	0.0057183160532966	0.391583945791186	
chr18	71812700	71812700	cg00895070	0.0058222431675289	0.394496760794171	FBXO15
chr18	72999596	72999596	cg19860154	0.0059616085345298	0.3984775778464	TSHZ1
chr18	72201590	72201590	cg16891318	0.0060573312365059	0.401375190320052	
chr18	44540890	44540890	cg22483634	0.0064778767959794	0.413182396775181	KATNAL2
chr18	75998811	75998811	cg12498801	0.0066764198042116	0.418906483952822	
chr18	67067894	67067894	cg12799689	0.0067732642643745	0.421261686752686	
chr18	76755489	76755489	cg04389822	0.0067868771200211	0.421624205195252	SALL3
chr18	76557308	76557308	cg08072210	0.007116306965843	0.430513047719504	
chr18	44500261	44500261	cg06002288	0.0071695763725139	0.432095641917065	KATNAL2
chr18	21719569	21719569	cg21026022	0.0072433270499042	0.43431575444923	CABYR
chr18	6414974	6414974	cg18556788	0.0074272505298059	0.43863191458944	L3MBTL4
chr18	67068269	67068269	cg23217126	0.0075930273238955	0.442948102629887	
chr18	77170635	77170635	cg00952201	0.0076909358824973	0.444552578003644	NFATC1
chr18	15165203	15165203	cg15534507	0.0077973274523168	0.446908035893771	
chr18	44558967	44558967	cg12672509	0.0078582028968079	0.448400718028971	KATNAL2,TCEB3B
chr18	76262288	76262288	cg01767525	0.0079224627598077	0.449912943950484	
chr18	35147056	35147056	cg17319486	0.0079686084272664	0.45111341484787	
chr18	28622474	28622474	cg14719951	0.0080329000867788	0.452310317949096	DSC3
chr18	63417777	63417777	cg02370605	0.0080615374346485	0.452915379173592	CDH7
chr18	14748221	14748221	cg13266435	0.0082613738707956	0.457765077741416	ANKRD30B
chr18	11881089	11881089	cg24312850	0.0083476580908445	0.459228284461402	GNAL
chr18	76739560	76739560	cg16580499	0.008400320231874	0.460661110681986	
chr18	76462312	76462312	cg16824643	0.0084290315707898	0.461553252007762	
chr18	76266438	76266438	cg07175288	0.0086858390778156	0.467520884909222	
chr18	76785452	76785452	cg16244318	0.0087612361490734	0.468938509405613	
chr18	7117680	7117680	cg07846220	0.0087846513351934	0.469662036767096	LAMA1
chr18	6284570	6284570	cg00669119	0.0092323801935007	0.479453585214815	L3MBTL4
chr18	71959313	71959313	cg25481635	0.009578233902356	0.4870802775978	
chr18	31803674	31803674	cg20914464	0.0097905113229655	0.49193374576082	NOL4,RP11-379L18.1
chr18	44545808	44545808	cg07202581	0.0098211012805437	0.492691127860497	KATNAL2
chr18	44787492	44787492	cg18074954	0.0100164085393326	0.496113320712466	
chr18	13641530	13641530	cg25140190	0.0101176300264909	0.497987099694369	LDLRAD4
chr18	76740088	76740088	cg05884032	0.0102087046073329	0.4994928736165	
chr18	3880077	3880077	cg16448399	0.0102375279375294	0.49978886860845	DLGAP1,DLGAP1-AS3
chr19	14274040	14274040	cg00037314	2.61742606429413e-06	0.054171566000017	CTB-55O6.12,LPHN1
chr19	17439339	17439339	cg00650809	8.26785703748934e-06	0.054171566000017	ANO8
chr19	12880789	12880789	cg01632288	2.01680333042014e-05	0.054171566000017	HOOK2
chr19	54485404	54485404	cg03593550	9.20870818711367e-06	0.054171566000017	CACNG8
chr19	19368776	19368776	cg03775416	1.39873240767415e-05	0.054171566000017	AC138430.4,HAPLN4
chr19	17439938	17439938	cg07086492	1.18931396221565e-05	0.054171566000017	ANO8
chr19	47960593	47960593	cg11275630	9.19617957175772e-06	0.054171566000017	SLC8A2
chr19	51220203	51220203	cg11573093	6.85403811417586e-06	0.054171566000017	SHANK1
chr19	17439208	17439208	cg12526923	1.11111112974847e-05	0.054171566000017	ANO8
chr19	53636108	53636108	cg15202738	1.21805267815868e-05	0.054171566000017	ZNF347,ZNF415
chr19	2717422	2717422	cg15694117	8.9841417437878e-06	0.054171566000017	DIRAS1
chr19	42600279	42600279	cg18397073	1.62869639969075e-05	0.054171566000017	POU2F2
chr19	3595778	3595778	cg21221840	1.35027368888907e-05	0.054171566000017	TBXA2R
chr19	17439877	17439877	cg24192660	2.98589466427053e-06	0.054171566000017	ANO8
chr19	2717293	2717293	cg25735398	4.48102009823265e-06	0.054171566000017	DIRAS1
chr19	15582776	15582776	cg25994622	8.74561977798748e-06	0.054171566000017	PGLYRP2
chr19	10624955	10624955	cg26918756	4.45134647597323e-06	0.054171566000017	S1PR5
chr19	58879858	58879858	cg02384543	2.71165476610686e-05	0.0543206248802127	ZNF837
chr19	38747379	38747379	cg02571816	2.75923509475658e-05	0.0543206248802127	SPINT2
chr19	38747375	38747375	cg22557662	2.67576248460109e-05	0.0543206248802127	SPINT2
chr19	17440072	17440072	cg22813366	2.25076717864157e-05	0.0543206248802127	ANO8
chr19	1466648	1466648	cg05620923	3.48302350476921e-05	0.0543707177967035	APC2,C19orf25
chr19	56688424	56688424	cg06635764	3.07554147956507e-05	0.0543707177967035	GALP
chr19	55314884	55314884	cg08326410	3.11142410701661e-05	0.0543707177967035	KIR2DL4,KIR3DL1
chr19	38747356	38747356	cg09515953	3.10075282621679e-05	0.0543707177967035	SPINT2
chr19	1467033	1467033	cg10169241	2.87071387588974e-05	0.0543707177967035	APC2,C19orf25
chr19	49224166	49224166	cg13974464	3.35576050864716e-05	0.0543707177967035	RASIP1
chr19	49934578	49934578	cg03282345	3.5975945449348e-05	0.0550731515654561	SLC17A7
chr19	51219168	51219168	cg15591578	3.6778849018971e-05	0.0550731515654561	SHANK1
chr19	44278551	44278551	cg11624345	3.80620227301824e-05	0.0551012872280427	KCNN4
chr19	57683844	57683844	cg13337047	3.92154485195769e-05	0.0553371048844476	
chr19	36435544	36435544	cg21035402	3.97261048848366e-05	0.055490462612005	LRFN3
chr19	54483533	54483533	cg20122943	4.31627503368125e-05	0.0556883318141202	CACNG8
chr19	42618408	42618408	cg21596498	4.40733544205555e-05	0.0556883318141202	POU2F2
chr19	19655748	19655748	cg05246403	4.75513047725957e-05	0.0568285031088732	CILP2
chr19	3587039	3587039	cg17705066	5.03678577231605e-05	0.0574970328465066	GIPC3
chr19	48232106	48232106	cg25720930	4.98964738635027e-05	0.0574970328465066	CTD-2571L23.8,EHD2
chr19	54290906	54290906	cg05882315	5.45618091211831e-05	0.0578403073828547	MIR371B
chr19	51216389	51216389	cg06930757	5.57820290286834e-05	0.0582635043887498	SHANK1
chr19	58545150	58545150	cg21331821	5.61702558420859e-05	0.0583621533629685	
chr19	59074482	59074482	cg17735983	5.82733168901453e-05	0.0589438365507034	AC016629.8,MZF1
chr19	50826970	50826970	cg12955872	6.22471497138624e-05	0.0595530723273388	KCNC3
chr19	55314879	55314879	cg01454237	6.42059885068657e-05	0.0596618614493153	KIR2DL4,KIR3DL1
chr19	3587573	3587573	cg26709695	6.74693205704943e-05	0.0603134549055003	GIPC3
chr19	4556012	4556012	cg25655324	6.86832352188695e-05	0.0607155438494475	SEMA6B
chr19	1465556	1465556	cg12154045	7.21317401866213e-05	0.0615974473485097	APC2,C19orf25
chr19	48698419	48698419	cg03950599	7.29766976672639e-05	0.0617657911216746	C19orf68,CARD8,ZNF114
chr19	49964960	49964960	cg19620840	7.57314891157285e-05	0.0622354563449658	ALDH16A1
chr19	59074006	59074006	cg05014211	7.99198818254353e-05	0.0629245912912735	AC016629.8,MZF1
chr19	3595833	3595833	cg04948286	8.24262379652095e-05	0.0636548161113578	TBXA2R
chr19	14273676	14273676	cg22791904	8.78289201356248e-05	0.0643983805620442	CTB-55O6.12,LPHN1
chr19	10625429	10625429	cg19431272	8.86234335705548e-05	0.0645455206587346	S1PR5
chr19	49224034	49224034	cg13428516	9.11856352575067e-05	0.0652244226631007	RASIP1
chr19	55944452	55944452	cg11982190	9.17241533098135e-05	0.0654555955907026	SHISA7
chr19	21933937	21933937	cg25468220	9.24552146332369e-05	0.0656793517130737	RP11-420K14.6,ZNF100
chr19	54290903	54290903	cg24823137	0.0001012173722986	0.0681340541229807	MIR371B
chr19	55281275	55281275	cg01387220	0.000107933583937	0.0692733812010263	CTB-61M7.1,KIR2DL1,KIR2DL3,KIR2DL4,KIR3DL1
chr19	2926894	2926894	cg21941223	0.0001073341977174	0.0692733812010263	
chr19	54485327	54485327	cg18055623	0.0001245093131293	0.0723600376393548	CACNG8
chr19	13122568	13122568	cg24135793	0.0001269310937085	0.0728585602396731	NFIX
chr19	57351322	57351322	cg02478023	0.0001370416769009	0.0752209188173618	PEG3,ZIM2
chr19	50027944	50027944	cg00270093	0.0001387100457936	0.0754098173963142	FCGRT
chr19	1461210	1461210	cg24883899	0.0001415303289806	0.0758862368689889	APC2,C19orf25,CTB-25B13.12
chr19	59073903	59073903	cg26482665	0.0001435202378997	0.0759603510451277	AC016629.8,MZF1
chr19	50029815	50029815	cg15082435	0.0001441097598741	0.0760559586396668	
chr19	55944865	55944865	cg09521703	0.0001445277251701	0.0762214039686322	SHISA7
chr19	54290914	54290914	cg20644425	0.0001492042701369	0.0769743576328552	MIR371B
chr19	13617092	13617092	cg22491927	0.000149465913472	0.0769790000004802	CACNA1A
chr19	32836082	32836082	cg15525934	0.00015437334204	0.077871979921235	
chr19	58570454	58570454	cg02473540	0.0001552958722222	0.0779241199760572	
chr19	3595703	3595703	cg14938419	0.000161210943499	0.0790789375892787	TBXA2R
chr19	50030462	50030462	cg03907174	0.0001619636318108	0.079106423455981	
chr19	1487020	1487020	cg25623174	0.0001628175597104	0.0792382159849158	PCSK4
chr19	55235974	55235974	cg23404467	0.0001707434501129	0.0810288169095164	KIR3DL1
chr19	31770188	31770188	cg03555203	0.0001794487266803	0.0829130534302595	TSHZ3
chr19	38886658	38886658	cg26254045	0.0001814038412219	0.0830977335178292	SPRED3
chr19	21933539	21933539	cg10589018	0.0001845322667734	0.083523567737419	ZNF100
chr19	59074309	59074309	cg08447733	0.0001915389330362	0.0851189062254897	AC016629.8,MZF1
chr19	12624466	12624466	cg22637867	0.0001920548465124	0.0851870303647866	ZNF709
chr19	15281517	15281517	cg21726593	0.0001964437053031	0.0859633126631171	NOTCH3
chr19	57683688	57683688	cg13122377	0.0001972728465749	0.0861456387530951	
chr19	58545160	58545160	cg24368848	0.0002074817304866	0.0881163411914477	
chr19	14261859	14261859	cg19681357	0.0002121593510071	0.089005988850856	CTB-55O6.12,LPHN1
chr19	49828788	49828788	cg13373371	0.0002123647180713	0.0890088581339159	
chr19	21933386	21933386	cg12404284	0.0002198329196509	0.0904166473478687	ZNF100
chr19	51189976	51189976	cg20748533	0.000222150026345	0.09096374300036	SHANK1
chr19	55800930	55800930	cg21725701	0.0002250539953372	0.0913973049590972	BRSK1
chr19	57019069	57019069	cg00674365	0.0002301677877693	0.0919057406268587	
chr19	56089807	56089807	cg16534196	0.0002302665813539	0.0919057406268587	ZNF579
chr19	54481468	54481468	cg17780246	0.000231314864454	0.0921169271083258	CACNG8
chr19	53496738	53496738	cg19429281	0.0002371640640622	0.0932923614849576	ZNF702P
chr19	54290997	54290997	cg08239565	0.000242005651407	0.094117890613828	MIR371B
chr19	1999003	1999003	cg10677351	0.0002425209504003	0.0941366438061465	BTBD2
chr19	2859107	2859107	cg19561908	0.0002507567931798	0.0956035294594924	ZNF555
chr19	58545001	58545001	cg14886059	0.0002703097111336	0.098909200450524	
chr19	10403909	10403909	cg10604476	0.0002707734513325	0.0989714586446331	ICAM5
chr19	51190180	51190180	cg09284949	0.0002717458045728	0.0990874638800553	SHANK1
chr19	17600122	17600122	cg02707854	0.0002869025768857	0.101297951506077	CTD-3131K8.2,SLC27A1
chr19	5062236	5062236	cg02801993	0.0002928729104274	0.10215382658682	KDM4B
chr19	54445377	54445377	cg19925849	0.0003094328885819	0.104748574920556	CACNG7
chr19	13617095	13617095	cg17509967	0.000313180768346	0.105111720038687	CACNA1A
chr19	50027778	50027778	cg00562139	0.0003146075509557	0.105319235896748	FCGRT
chr19	2278619	2278619	cg27341866	0.0003209400078773	0.106264343297877	C19orf35
chr19	1506256	1506256	cg02390241	0.0003267120327505	0.107114141973224	ADAMTSL5
chr19	2930848	2930848	cg22835941	0.0003373846410732	0.108949950369315	
chr19	57352074	57352074	cg26349266	0.0003419807108831	0.109395304283977	PEG3,ZIM2
chr19	50869007	50869007	cg19901005	0.0003540504341538	0.11176177936794	NAPSA,NR1H2
chr19	306672	306672	cg07618159	0.0003635175210329	0.112683720266135	MIER2
chr19	4241983	4241983	cg24388263	0.0003662939633792	0.112842214977277	
chr19	57618436	57618436	cg27288226	0.0003711988839734	0.113627664529302	
chr19	56989740	56989740	cg24411929	0.0003739749144419	0.114073893054205	ZNF667-AS1
chr19	49842036	49842036	cg10768321	0.0004003808444733	0.117480469997646	CD37,CTC-301O7.4
chr19	55361762	55361762	cg23483108	0.0004032272340693	0.117901836693551	KIR3DL1
chr19	36430655	36430655	cg18576800	0.0004074169349899	0.118339886874226	LRFN3
chr19	2522340	2522340	cg20124376	0.0004095974625886	0.118540725842727	GNG7
chr19	50025116	50025116	cg10614856	0.0004311773433584	0.120627709990182	FCGRT
chr19	50929079	50929079	cg21152077	0.0004337551821391	0.120882115140431	CTD-2545M3.6,SPIB
chr19	519036	519036	cg06595479	0.0004376566486016	0.121433761071653	TPGS1
chr19	48110023	48110023	cg09554099	0.0004413089441615	0.121725291696194	
chr19	4221628	4221628	cg25440353	0.0004637703129289	0.124540200612955	ANKRD24
chr19	640966	640966	cg25754733	0.0004639468122152	0.124540200612955	FGF22
chr19	50029807	50029807	cg26225829	0.0004888612403684	0.127370015151244	
chr19	14276912	14276912	cg08173263	0.0004910984232762	0.127577004667128	CTB-55O6.12,LPHN1
chr19	1467009	1467009	cg04203646	0.000502267231562	0.128496529779253	APC2,C19orf25
chr19	58879060	58879060	cg24052338	0.0005102434128269	0.129391003728257	ZNF837
chr19	4550239	4550239	cg14272073	0.0005337339636925	0.132344160340061	SEMA6B
chr19	41133212	41133212	cg15794640	0.0005346370873341	0.13241088710189	LTBP4
chr19	35264165	35264165	cg12019980	0.0005359324470872	0.132456814216893	
chr19	44285974	44285974	cg18506018	0.0005401468924612	0.132800427936963	
chr19	52297969	52297969	cg06784466	0.0005485639950425	0.134010608039446	FPR1
chr19	51186979	51186979	cg22598669	0.0005934164061002	0.138976040735923	SHANK1
chr19	55314050	55314050	cg01306806	0.0005949819990267	0.139068968230263	KIR2DL4,KIR3DL1
chr19	4218063	4218063	cg12040834	0.0006004893805679	0.139303864427271	ANKRD24
chr19	51220193	51220193	cg12298955	0.0006018406771406	0.139391450534597	SHANK1
chr19	52643208	52643208	cg25335229	0.000604856343148	0.139850889233595	CTC-471J1.8
chr19	55235980	55235980	cg20977982	0.0006079674226605	0.140182218530952	KIR3DL1
chr19	57352014	57352014	cg15777825	0.0006094102147041	0.140339261002913	PEG3,ZIM2
chr19	31640693	31640693	cg26495716	0.0006159438856947	0.141082798997579	AC020952.1
chr19	19369328	19369328	cg17921484	0.0006287119511084	0.142179105967869	AC138430.4,HAPLN4
chr19	51168305	51168305	cg07526227	0.0006357698377872	0.143026553809444	SHANK1,SYT3
chr19	19656473	19656473	cg08509063	0.0006524592818077	0.144920904036393	CILP2
chr19	58570428	58570428	cg06454760	0.0006684675082168	0.146416529557373	
chr19	55586180	55586180	cg24021800	0.0006736861430574	0.146976445359514	EPS8L1
chr19	55544921	55544921	cg19589161	0.0006952916624443	0.149050774885205	CTC-550B14.6,CTC-550B14.7,GP6
chr19	7584661	7584661	cg25636354	0.0007046186083383	0.149920084234971	ZNF358
chr19	2927396	2927396	cg18489606	0.000715040217219	0.150624678017846	
chr19	55265742	55265742	cg06887555	0.0007516486077611	0.154352926268404	CTB-61M7.1,KIR2DL3,KIR2DL4,KIR3DL1
chr19	38886667	38886667	cg14542583	0.0007513799322657	0.154352926268404	SPRED3
chr19	2858945	2858945	cg23513183	0.000764875071945	0.155571093562969	ZNF555
chr19	10624123	10624123	cg11813862	0.0007678352679048	0.155866402941488	S1PR5
chr19	55595023	55595023	cg07608565	0.0007726818006224	0.156207829862838	EPS8L1
chr19	2731231	2731231	cg25284089	0.0007752574347098	0.156432344024956	AC006538.4
chr19	57019280	57019280	cg19358877	0.000776789453413	0.156516182912178	ZNF471
chr19	5065641	5065641	cg04406115	0.0007773549815894	0.156553071453786	KDM4B
chr19	44274910	44274910	cg01447572	0.0007848760527626	0.1570706377264	KCNN4
chr19	57019016	57019016	cg11539780	0.0007939092380893	0.15784463083698	
chr19	34112991	34112991	cg19594305	0.0008049973198744	0.158939690638814	CHST8
chr19	57019005	57019005	cg14042851	0.000819782946026	0.160606322409367	
chr19	1466498	1466498	cg15709766	0.0008356887711827	0.162276306726634	APC2,C19orf25
chr19	30862848	30862848	cg15977798	0.0008513628433413	0.163716811853866	ZNF536
chr19	1112328	1112328	cg24251439	0.0008594512621667	0.164620979426915	SBNO2
chr19	19231829	19231829	cg19262631	0.0008870167712937	0.166595585450118	TMEM161A
chr19	54406294	54406294	cg04421162	0.0008987655242774	0.167927835177302	PRKCG
chr19	57352134	57352134	cg02162069	0.0009147983286135	0.169257422925253	
chr19	57019022	57019022	cg19811761	0.0009162593115749	0.169257422925253	
chr19	4536321	4536321	cg08662766	0.000947741040855	0.171990166603686	CTB-50L17.14
chr19	2889209	2889209	cg07504200	0.0009508275768069	0.172336002635613	
chr19	3687922	3687922	cg06358131	0.0009738207708548	0.174235286492202	PIP5K1C
chr19	643457	643457	cg02775417	0.0009906957183341	0.175898287993121	FGF22
chr19	2941933	2941933	cg19689947	0.0009967690032351	0.17652637466791	ZNF77
chr19	56989813	56989813	cg21287936	0.0010333917781428	0.179536352684996	ZNF667-AS1
chr19	10406365	10406365	cg25470077	0.0010359247406899	0.179689492177972	ICAM5
chr19	55107440	55107440	cg23184503	0.0010425806124503	0.180096099368304	LILRA1,LILRB1
chr19	44952767	44952767	cg10166283	0.0010717090054154	0.182523514513745	
chr19	360073	360073	cg00693060	0.0010843531655053	0.183142649286323	
chr19	17597534	17597534	cg09325679	0.0010881079115052	0.183372414457493	SLC27A1
chr19	55593580	55593580	cg12020396	0.0011039797804411	0.184779804669657	EPS8L1
chr19	55173527	55173527	cg25975071	0.0011082044663077	0.185116016364192	LILRB4
chr19	51218801	51218801	cg22881976	0.0011246720634769	0.186820799434284	SHANK1
chr19	37096488	37096488	cg04332534	0.001136948606637	0.187806362329622	ZNF382
chr19	4101947	4101947	cg08468472	0.0011581536373842	0.189699810493615	MAP2K2
chr19	56089494	56089494	cg17142486	0.0011606709548333	0.189855950307993	ZNF579
chr19	17799384	17799384	cg04986579	0.0011854958048818	0.191461886258492	UNC13A
chr19	14262277	14262277	cg21048262	0.0011840460945541	0.191461886258492	CTB-55O6.12,LPHN1
chr19	50837721	50837721	cg18787876	0.0012200754953381	0.194174003970777	NAPSB,NR1H2
chr19	3465714	3465714	cg07482222	0.0012299045077145	0.194331425804344	NFIC
chr19	50192739	50192739	cg00507154	0.0012352982659168	0.194774976020362	ADM5,CTB-33G10.6
chr19	58879872	58879872	cg03781262	0.0012471955043293	0.195547052784083	ZNF837
chr19	19231969	19231969	cg14818866	0.0012722594294415	0.197551428429575	TMEM161A
chr19	8661265	8661265	cg23188331	0.0012854113490568	0.198537425557246	ADAMTS10
chr19	50027885	50027885	cg07497190	0.0012869905576517	0.198691267807762	FCGRT
chr19	37894763	37894763	cg14942863	0.0012999923853264	0.199217341673392	
chr19	57049777	57049777	cg25963041	0.00130557073001	0.199385711702267	AC005498.3
chr19	49842656	49842656	cg02189760	0.0013194894053621	0.200623375309531	CD37,CTC-301O7.4
chr19	54485321	54485321	cg07785717	0.0013225115466726	0.200726496247913	CACNG8
chr19	2947905	2947905	cg10249570	0.0013841648742705	0.205454041876137	
chr19	14225172	14225172	cg19586199	0.0014240996918986	0.208568710455449	PRKACA
chr19	23084806	23084806	cg14550457	0.0014339334540477	0.209381353826546	
chr19	440702	440702	cg12193249	0.0014380010987841	0.209628575342852	SHC2
chr19	1230171	1230171	cg27320983	0.0014468807101668	0.210169801143266	C19orf26
chr19	19038995	19038995	cg22923050	0.0014549966048594	0.210725786024248	AC002985.3,DDX49
chr19	53400934	53400934	cg07813608	0.0014614007366613	0.211104302090222	ZNF320
chr19	10407185	10407185	cg04295144	0.0014977507524094	0.213518834345632	ICAM5
chr19	51189671	51189671	cg13536060	0.0014977969798637	0.213518834345632	SHANK1
chr19	56739789	56739789	cg18744021	0.0015018362509354	0.213785964858041	ZSCAN5A
chr19	17563139	17563139	cg21464435	0.0015045579369144	0.213862273607619	CTD-2521M24.10,CTD-2521M24.11
chr19	11472261	11472261	cg08326019	0.0015435885402384	0.21620954614574	DKFZP761J1410
chr19	51190048	51190048	cg11284196	0.0015472328892375	0.216528961429662	SHANK1
chr19	10403936	10403936	cg21994045	0.0015485276088942	0.216540706705221	ICAM5
chr19	58609602	58609602	cg25784220	0.0015564288641607	0.217170570564455	ZSCAN18
chr19	45656349	45656349	cg18585988	0.0015572443736198	0.217248073040804	MARK4,NKPD1
chr19	15622718	15622718	cg08840230	0.0015637878650717	0.21749762099569	CYP4F22
chr19	39805851	39805851	cg01174276	0.001571446345681	0.217945225288298	CTC-246B18.8,LRFN1
chr19	37157634	37157634	cg21838880	0.0015724031556239	0.217945225288298	ZNF461
chr19	56989102	56989102	cg03289872	0.0015745603928276	0.218041563500206	ZNF667,ZNF667-AS1
chr19	58446758	58446758	cg12961842	0.0015892095496862	0.218892718608345	ZNF418
chr19	50931876	50931876	cg19387862	0.0015972545194697	0.219444795296192	SPIB
chr19	7584680	7584680	cg01773515	0.0016080185058034	0.219852185150087	ZNF358
chr19	19648891	19648891	cg07002447	0.0016054273508555	0.219852185150087	
chr19	9609396	9609396	cg18568589	0.0016190398996638	0.220355270498634	CTC-543D15.3
chr19	41729658	41729658	cg27579501	0.0016187074166314	0.220355270498634	AXL
chr19	46181546	46181546	cg19822309	0.00162633907088	0.220784235115593	GIPR
chr19	52956833	52956833	cg25763393	0.0016304398768673	0.220826105691967	ZNF578
chr19	21933451	21933451	cg00704626	0.0016443883468549	0.221213516790188	ZNF100
chr19	49843922	49843922	cg01468567	0.0016414005234265	0.221213516790188	CD37,TEAD2
chr19	14203253	14203253	cg09906922	0.0016436806322687	0.221213516790188	PRKACA
chr19	18980744	18980744	cg19256094	0.00164268769672	0.221213516790188	CERS1,GDF1
chr19	38855605	38855605	cg22703945	0.0016474593882037	0.22123815965553	CATSPERG
chr19	39798564	39798564	cg11199014	0.0016494594510864	0.221440190953297	LRFN1
chr19	1467979	1467979	cg19333963	0.0016923287678045	0.224294376023478	APC2,C19orf25
chr19	15478826	15478826	cg07866762	0.0017155617484642	0.226082296901967	AKAP8
chr19	58867670	58867670	cg05317207	0.001727944602032	0.227000310287211	CTD-2619J13.8,ZNF497
chr19	1524450	1524450	cg02789965	0.0017312614739076	0.2270765932649	PLK5
chr19	4832024	4832024	cg15457276	0.0017517225235019	0.228611693695966	
chr19	12984170	12984170	cg21073930	0.001758938552764	0.229070233407916	MAST1
chr19	55309528	55309528	cg19380156	0.0017988321037389	0.231326596340648	CTB-61M7.1,KIR2DL4,KIR3DL1
chr19	58907509	58907509	cg06853142	0.0018105302903709	0.232258896005578	AC012313.1
chr19	7681599	7681599	cg11902379	0.0018245147788785	0.233122087624794	CAMSAP3
chr19	36736873	36736873	cg15148683	0.0018386971842624	0.233944930414525	ZNF565
chr19	16986823	16986823	cg03384915	0.001845205558268	0.234379265559426	SIN3B
chr19	1049288	1049288	cg02807077	0.0018706286555455	0.235705443557388	ABCA7
chr19	56089013	56089013	cg26909564	0.0018917847142123	0.237396389342107	ZNF579
chr19	53934743	53934743	cg19270197	0.0019030821047259	0.238059744009026	
chr19	55798478	55798478	cg22577385	0.0019413978905595	0.240657860428587	BRSK1
chr19	5132063	5132063	cg15174682	0.0019463218541887	0.240765178491519	KDM4B
chr19	42603117	42603117	cg22512651	0.0019496654890824	0.240860671144153	POU2F2
chr19	58880633	58880633	cg21809744	0.0019746286128393	0.242545714280552	ZNF837
chr19	4546435	4546435	cg09321959	0.0019872380565019	0.243069245052508	SEMA6B
chr19	1992952	1992952	cg13747275	0.0020113018862037	0.244747167062722	BTBD2
chr19	10625775	10625775	cg02189843	0.0020694797224955	0.248001615511813	S1PR5
chr19	2652259	2652259	cg27176392	0.002075349209606	0.248344473660714	GNG7
chr19	57172405	57172405	cg08324152	0.0020847367864961	0.248932948582394	
chr19	19625364	19625364	cg08928145	0.0020949348367957	0.249263391676971	TSSK6
chr19	55664447	55664447	cg12133721	0.0021010102958186	0.249556288192694	TNNI3
chr19	55963863	55963863	cg04771669	0.002115114057631	0.250235276983357	
chr19	55344060	55344060	cg10195200	0.0021187378724721	0.250463775889755	KIR3DL1
chr19	44731294	44731294	cg07563409	0.0021219068673733	0.250613011087961	ZNF227
chr19	2038601	2038601	cg18302899	0.0021262616826473	0.250914497369657	MKNK2
chr19	7680444	7680444	cg08098964	0.0021552097359476	0.253150474965906	CAMSAP3
chr19	17438249	17438249	cg00538604	0.0021581430917235	0.253245768662102	ANO8
chr19	2000559	2000559	cg04246726	0.0021680909012357	0.253712566092328	BTBD2
chr19	35418216	35418216	cg23684682	0.0021777517900772	0.254047929602565	ZNF30
chr19	6166120	6166120	cg03658337	0.0021848062822039	0.254338121960681	ACSBG2,RFX2
chr19	56089276	56089276	cg05920653	0.0021921605143079	0.254661924277499	ZNF579
chr19	54825150	54825150	cg21293500	0.0022111962261221	0.255311103828687	AC008984.2
chr19	1467952	1467952	cg03306486	0.0022170584931134	0.255634647567443	APC2,C19orf25
chr19	49065230	49065230	cg24813180	0.0022196023000487	0.255857327418365	SULT2B1
chr19	38183254	38183254	cg03611452	0.0022262755854155	0.25618402123456	CTD-2528L19.4
chr19	55740188	55740188	cg26457013	0.0022507214138813	0.257631426472967	AC010327.2,TMEM86B
chr19	52643173	52643173	cg26240532	0.0022790333535094	0.259662467083279	CTC-471J1.8,ZNF616
chr19	55361904	55361904	cg01532713	0.002290586664461	0.260278660071917	KIR3DL1,KIR3DL2
chr19	50031561	50031561	cg04558175	0.0022964309815189	0.26057981135219	RCN3
chr19	12882053	12882053	cg09283636	0.0022988786311062	0.26057981135219	HOOK2
chr19	54024324	54024324	cg15205507	0.0022996621992041	0.260621366393106	ZNF331
chr19	56879554	56879554	cg15708153	0.0023367216431607	0.262507690464866	ZNF542,ZSCAN5A
chr19	56616707	56616707	cg25510090	0.0023702693235767	0.26439596286735	ZNF787
chr19	57050360	57050360	cg24152605	0.0023842731463687	0.265179043452889	ZFP28
chr19	50193022	50193022	cg14440600	0.0023960730251611	0.265748421046336	ADM5,CTB-33G10.6
chr19	50046478	50046478	cg03344109	0.0024634231478847	0.269289045885732	RCN3
chr19	42031482	42031482	cg11737062	0.0024714099752079	0.269840757630288	
chr19	17605696	17605696	cg15507500	0.002503841620437	0.271292158133084	CTD-3131K8.2,SLC27A1
chr19	2774521	2774521	cg01227084	0.0025606794636442	0.273704067916935	SGTA
chr19	2278774	2278774	cg08399733	0.002576033232732	0.274098991945011	C19orf35
chr19	1493169	1493169	cg11323255	0.0025974400313791	0.275165883857889	REEP6
chr19	2643085	2643085	cg15425921	0.0026147382693203	0.276072341632358	CTC-265F19.1,GNG7
chr19	8650113	8650113	cg19640789	0.0026579357847458	0.278241710266736	ADAMTS10
chr19	37407258	37407258	cg21761844	0.0027094350318074	0.281323875085899	ZNF568
chr19	14262410	14262410	cg25726085	0.0027440313530098	0.282859383944875	CTB-55O6.12,LPHN1
chr19	51220392	51220392	cg18589960	0.0027792540392445	0.284309329148545	SHANK1
chr19	14274172	14274172	cg24530000	0.0027951491338181	0.285141349220897	CTB-55O6.12,LPHN1
chr19	21269098	21269098	cg02583841	0.0028045113003016	0.285455752573796	ZNF714
chr19	58629901	58629901	cg14231297	0.0028065215827521	0.285496244601801	
chr19	37825320	37825320	cg13687570	0.0028431155278436	0.287139347074007	HKR1
chr19	55964093	55964093	cg03735012	0.0028790339730036	0.288516089990878	
chr19	2866619	2866619	cg12846567	0.0028867849491154	0.288853409293388	
chr19	2926883	2926883	cg03606898	0.0029325697013317	0.291191308888663	
chr19	56215568	56215568	cg27479396	0.002972560347235	0.293175871016657	EPN1
chr19	50762585	50762585	cg12301087	0.0030197351924882	0.295945432034218	MYH14
chr19	18118801	18118801	cg10791911	0.0030494218268871	0.297305462889028	ARRDC2
chr19	37795026	37795026	cg26585454	0.0030739683103628	0.298574003373598	
chr19	8672609	8672609	cg27015773	0.0030773163442844	0.298780807042102	ADAMTS10
chr19	51171713	51171713	cg01427575	0.0030777549868168	0.298788668722504	SHANK1
chr19	48180472	48180472	cg15781542	0.0031484653178509	0.302174267933615	CTD-2571L23.8,GLTSCR1
chr19	38183260	38183260	cg25324105	0.0031566607983064	0.302580878683237	CTD-2528L19.4
chr19	58545729	58545729	cg20449685	0.0031814668259237	0.303773536202909	ZSCAN1
chr19	19369198	19369198	cg26136534	0.0031936690037739	0.30421808869559	AC138430.4,HAPLN4
chr19	37997992	37997992	cg18154014	0.0032398233670682	0.306299706365019	ZNF793
chr19	46456211	46456211	cg21632975	0.0032552024285575	0.307093334111105	NOVA2
chr19	56988806	56988806	cg26612735	0.0032605654282027	0.307217638621635	ZNF667,ZNF667-AS1
chr19	9892742	9892742	cg19669207	0.0032766159113139	0.307906194787117	ZNF846
chr19	1228889	1228889	cg12172753	0.0033446022356566	0.310927414646051	C19orf26
chr19	50885957	50885957	cg19438699	0.0033538528244016	0.311289803229887	NR1H2
chr19	11472110	11472110	cg18365406	0.0033944069045632	0.312821207294451	DKFZP761J1410
chr19	56988778	56988778	cg24464397	0.0034047222120979	0.31316386241785	ZNF667,ZNF667-AS1
chr19	50013053	50013053	cg27652249	0.0034403084940811	0.314573584493713	FCGRT
chr19	19648335	19648335	cg26732615	0.0034566332891421	0.315134953321381	YJEFN3
chr19	308809	308809	cg23023126	0.0034593457898978	0.315276153454703	MIER2
chr19	20162906	20162906	cg22582862	0.0034802991200697	0.316153914433358	
chr19	49828833	49828833	cg10186564	0.0034982993042498	0.317030623018919	
chr19	9609406	9609406	cg19544372	0.0035100693306431	0.317648296104335	CTC-543D15.3
chr19	57276795	57276795	cg06585566	0.0035129261240184	0.317735724114959	AC006115.3
chr19	19656779	19656779	cg17165990	0.0035206268868948	0.318087839607707	CILP2
chr19	4548354	4548354	cg12068366	0.0035397092798014	0.318708891992336	SEMA6B
chr19	44279027	44279027	cg10767665	0.003554286248314	0.319106513478557	KCNN4
chr19	30299178	30299178	cg02840044	0.0035936766508653	0.320751620094511	
chr19	53971035	53971035	cg12142445	0.003623620391085	0.321858400912519	ZNF813
chr19	57630743	57630743	cg01043383	0.0036304957133076	0.322054952937468	USP29
chr19	52222446	52222446	cg01024444	0.0036771688057166	0.323599036998435	HAS1
chr19	2774333	2774333	cg07586345	0.0036755493628003	0.323599036998435	SGTA
chr19	38183263	38183263	cg14587524	0.0036828442967081	0.323641117285087	CTD-2528L19.4
chr19	52490058	52490058	cg02573825	0.0037170530535783	0.324940024051358	ZNF350
chr19	13915817	13915817	cg25751484	0.0037224345671244	0.324989571100339	ZSWIM4
chr19	3687752	3687752	cg21865657	0.0037328380934828	0.325163283577179	PIP5K1C
chr19	7224713	7224713	cg00428638	0.0037570094391547	0.326332868638237	INSR
chr19	21666099	21666099	cg27663389	0.0037687681506228	0.326929483391319	CTD-2561J22.3
chr19	2295457	2295457	cg21516724	0.0038400633467402	0.329932572160836	LINGO3
chr19	12476363	12476363	cg11755203	0.0038907966977844	0.33155874738498	ZNF442
chr19	4555838	4555838	cg02777191	0.0039820103695349	0.335430869258839	SEMA6B
chr19	53636077	53636077	cg10332700	0.0040002359492814	0.336021492529749	ZNF347,ZNF415
chr19	45422541	45422541	cg24795932	0.0040018820592511	0.336021492529749	APOC1
chr19	1158139	1158139	cg09174123	0.004021053723008	0.336672232114602	SBNO2
chr19	55549802	55549802	cg25818583	0.0040367686131361	0.337288612065416	CTC-550B14.6,CTC-550B14.7
chr19	59074266	59074266	cg19363466	0.0040577762256832	0.338190525223269	AC016629.8,MZF1
chr19	33729864	33729864	cg26309964	0.0040686253751491	0.33856071342728	
chr19	58545182	58545182	cg25537993	0.0040814856108096	0.338695175270233	
chr19	55360503	55360503	cg05720980	0.0040911667433804	0.338761289353088	KIR3DL1
chr19	34263414	34263414	cg18522808	0.0041063550765052	0.339329983849397	CHST8
chr19	2819858	2819858	cg08531998	0.0041183142560458	0.339626946214119	
chr19	44905788	44905788	cg06433694	0.0041326967928061	0.340266849063046	CTC-512J12.4
chr19	58459140	58459140	cg16246961	0.0041849932694099	0.342007089709785	
chr19	46032854	46032854	cg19636302	0.0041856776285399	0.342007089709785	OPA3
chr19	55343494	55343494	cg27162757	0.0042149899358353	0.343119567594862	KIR3DL1
chr19	56671146	56671146	cg27154394	0.0042164018676017	0.343167624098396	ZNF444
chr19	2903567	2903567	cg11966063	0.0042303100508731	0.343914635237895	ZNF57
chr19	49843566	49843566	cg17393635	0.004239840687706	0.344202256132245	CD37,CTC-301O7.4
chr19	37096149	37096149	cg25397945	0.0042433381723249	0.344353446897976	ZNF382,ZNF529
chr19	17758229	17758229	cg10249507	0.0042500094495948	0.34459355468755	UNC13A
chr19	8669960	8669960	cg21798669	0.0042619780455536	0.345218972415628	ADAMTS10
chr19	17613064	17613064	cg08220872	0.0042962944870939	0.346429798345719	CTD-3131K8.2,SLC27A1
chr19	643555	643555	cg12062672	0.0043002987021296	0.346585405498585	FGF22
chr19	52873173	52873173	cg03005603	0.0043269896495891	0.347763580097736	ZNF880
chr19	18313389	18313389	cg22617898	0.0043437583935334	0.348298644947402	RAB3A
chr19	55458730	55458730	cg14876043	0.004355700376818	0.348882715511517	NLRP7
chr19	2861955	2861955	cg04691252	0.0043761838621342	0.34958138792466	
chr19	42599490	42599490	cg04406114	0.0044145307878743	0.351105133486493	POU2F2
chr19	52954463	52954463	cg00714115	0.0044266575628628	0.351711751809397	ZNF534
chr19	58609618	58609618	cg22721334	0.0044345782943511	0.351974480576275	ZSCAN18
chr19	640910	640910	cg03415901	0.0044449214814412	0.352343299103836	FGF22
chr19	45146290	45146290	cg21521892	0.0044521737781877	0.352617218286369	CTB-171A8.1
chr19	23253834	23253834	cg06496344	0.0044555055251267	0.352764048198961	CTD-2291D10.3
chr19	2859153	2859153	cg12277416	0.0044975849548881	0.353769316517622	ZNF555
chr19	54485460	54485460	cg01666793	0.0045238368420746	0.354437662343601	CACNG8
chr19	58609770	58609770	cg23229395	0.0045397825825834	0.354904767415483	ZSCAN18
chr19	42888980	42888980	cg10343758	0.0045452934627651	0.355093984958752	
chr19	48640720	48640720	cg21573745	0.004546477400136	0.355151603633008	LIG1
chr19	58907398	58907398	cg14248031	0.0045524736869088	0.355322634189275	
chr19	50864954	50864954	cg00342590	0.0046566993756723	0.35890546825069	NAPSA,NR1H2
chr19	21262036	21262036	cg07648504	0.0046783417483795	0.359437603210782	
chr19	51022184	51022184	cg21055576	0.0046864824981926	0.359732208990647	LRRC4B
chr19	13915659	13915659	cg13926358	0.0046894809666595	0.359880598194782	ZSWIM4
chr19	55857602	55857602	cg18706434	0.0046938914782419	0.359959019219549	SUV420H2
chr19	57631479	57631479	cg16889990	0.0047111389952431	0.360352134437123	USP29
chr19	57613304	57613304	cg19062729	0.0047143924784391	0.360430789073146	
chr19	22034524	22034524	cg03803071	0.0047164791491469	0.36048033307707	ZNF43
chr19	10624868	10624868	cg08814849	0.0048395391566178	0.364740929576765	S1PR5
chr19	8670087	8670087	cg11745755	0.0048943190673677	0.366327163901465	ADAMTS10
chr19	44278275	44278275	cg03731131	0.0049038049303211	0.366621854011927	KCNN4
chr19	36643071	36643071	cg09307985	0.004924660417255	0.367273967730381	COX7A1
chr19	37019372	37019372	cg19990402	0.00504966579924	0.37169437989024	AC092295.4,ZNF260
chr19	1467030	1467030	cg05457563	0.0050716440235507	0.372327933432614	APC2,C19orf25
chr19	2486432	2486432	cg01418951	0.0051001145048321	0.373008497142327	
chr19	34113010	34113010	cg16190732	0.0051098969420511	0.373373026642729	CHST8
chr19	2389655	2389655	cg14205362	0.0051134154241583	0.373556125626661	
chr19	58514023	58514023	cg08397818	0.0051854963469397	0.376171547183524	CTD-2368P22.1,ZNF606
chr19	51165633	51165633	cg27277859	0.0052426293336931	0.377580501509144	SHANK1,SYT3
chr19	56151356	56151356	cg06564837	0.0052520914779755	0.377838500372229	ZNF580,ZNF581
chr19	39799037	39799037	cg26910511	0.0052611625876083	0.377925598061538	LRFN1
chr19	3578064	3578064	cg26264697	0.0053420407953014	0.380599484006897	HMG20B
chr19	57149436	57149436	cg07962143	0.0053459773827941	0.380689416559855	
chr19	58908421	58908421	cg25985734	0.0053673959641225	0.381403796880987	
chr19	17283610	17283610	cg18469550	0.0053700651559419	0.381557696995074	MYO9B
chr19	50040397	50040397	cg22868624	0.0053715929992444	0.381557696995074	RCN3
chr19	19383839	19383839	cg08509172	0.0053793946619228	0.381732363027352	AC138430.4,TM6SF2
chr19	21948867	21948867	cg01619045	0.0054361189669796	0.383676279648668	ZNF100
chr19	57956916	57956916	cg04750580	0.0054766685963157	0.384961642287456	AC004076.9
chr19	41948282	41948282	cg21619881	0.0054941394133538	0.385482351837074	
chr19	52729437	52729437	cg11632529	0.0054986207588439	0.385520352048102	CTD-2525I3.3,PPP2R1A
chr19	6753526	6753526	cg14530382	0.0055525372346357	0.38724870767097	SH2D3A
chr19	5455844	5455844	cg22694548	0.0055560474853632	0.387291508002177	ZNRF4
chr19	38147135	38147135	cg26851796	0.0055580313683655	0.387306881574655	ZFP30
chr19	56914765	56914765	cg08342619	0.005601313756187	0.388321144237402	ZNF583
chr19	17324657	17324657	cg02152265	0.0056069979432607	0.388483063768224	MYO9B
chr19	41019286	41019286	cg05609536	0.0056141447739405	0.388752534514741	SPTBN4
chr19	2295092	2295092	cg08461451	0.0056240505747953	0.388954849314439	LINGO3
chr19	30020729	30020729	cg10743390	0.0056235912675803	0.388954849314439	VSTM2B
chr19	7194997	7194997	cg00441765	0.0056561111369714	0.389945381277244	INSR
chr19	47569185	47569185	cg18657341	0.0056595486009933	0.390021428230178	ZC3H4
chr19	53496695	53496695	cg02440177	0.0056666944432585	0.390103092088414	ZNF702P
chr19	8670587	8670587	cg25691026	0.0056854597883976	0.390821341652538	ADAMTS10
chr19	23253317	23253317	cg27105390	0.0057361442087052	0.392097678766299	CTD-2291D10.3
chr19	59074994	59074994	cg11446693	0.0057569787486188	0.392782617212407	AC016629.8,MZF1
chr19	4947183	4947183	cg11716884	0.0057637815606254	0.393054143463342	UHRF1
chr19	41643199	41643199	cg06859321	0.0057690653469142	0.393221866441999	CYP2T3P
chr19	41129962	41129962	cg01564640	0.0057941594377491	0.394031773306742	LTBP4
chr19	16765693	16765693	cg25903122	0.0057985191260796	0.39407192616577	CTC-429P9.4,SMIM7
chr19	37019255	37019255	cg23949233	0.0058030345732612	0.394166393339403	AC092295.4,ZNF260
chr19	44278629	44278629	cg22904711	0.0058218702460005	0.394496760794171	KCNN4
chr19	17933782	17933782	cg25467233	0.0058337203226167	0.394842683917609	
chr19	49841517	49841517	cg26289436	0.0058502183702459	0.395174280005321	CD37,CTC-301O7.4
chr19	751242	751242	cg04245402	0.0058776439822005	0.395898111706771	MISP
chr19	12914995	12914995	cg09429435	0.0058982490650623	0.396515373312268	HOOK2
chr19	56904945	56904945	cg02763101	0.0059036838562707	0.396720471763211	
chr19	55549826	55549826	cg05215830	0.0059414803439581	0.397904280631932	CTC-550B14.6,CTC-550B14.7
chr19	55315083	55315083	cg19725935	0.0059505354436995	0.398119701725536	KIR2DL4,KIR3DL1
chr19	46033285	46033285	cg15147841	0.0059598371490497	0.398467475793664	OPA3
chr19	58966933	58966933	cg16325191	0.0059630706087194	0.398481694277706	ZNF324B
chr19	3676241	3676241	cg16248034	0.0059944754011864	0.399396147215721	PIP5K1C
chr19	17491382	17491382	cg11628021	0.0060185575971882	0.40036204285663	
chr19	38747202	38747202	cg13564825	0.0061484776413936	0.404550069839723	PPP1R14A,SPINT2
chr19	51171248	51171248	cg04005969	0.0061581994730242	0.404628159953049	SHANK1,SYT3
chr19	44286076	44286076	cg04833845	0.0062243776158893	0.406511080173244	
chr19	55598874	55598874	cg00407245	0.0062431828882721	0.407070922737076	EPS8L1
chr19	15121509	15121509	cg09470638	0.0062525573594515	0.407222848697409	SLC1A6
chr19	51125593	51125593	cg25307796	0.0062592077623558	0.407445676642386	SYT3
chr19	57349204	57349204	cg15473155	0.0062871071600771	0.408182626621767	PEG3,ZIM2
chr19	21240979	21240979	cg13646565	0.0063131720000945	0.408953144107239	ZNF430
chr19	6712321	6712321	cg10628785	0.0063169092681665	0.409068353719798	C3
chr19	19735041	19735041	cg21661392	0.0063294292833599	0.409432884071273	LPAR2
chr19	4652105	4652105	cg22754389	0.0063337237100242	0.409471206291849	C19orf10,TNFAIP8L1
chr19	56089407	56089407	cg19675935	0.0063488346875849	0.409688235883756	ZNF579
chr19	51170357	51170357	cg13740815	0.0064674568001092	0.412807545105332	SHANK1,SYT3
chr19	2622858	2622858	cg21462934	0.0064708237955975	0.412846962665952	GNG7
chr19	7626176	7626176	cg22832279	0.0064999559794643	0.413692142314266	PNPLA6
chr19	50931515	50931515	cg15690347	0.006517969295062	0.414158521479662	CTD-2545M3.6,SPIB
chr19	719622	719622	cg01729837	0.0065347081795674	0.414587832900448	PALM
chr19	51165208	51165208	cg03357547	0.0065461938618732	0.414910481879248	SHANK1,SYT3
chr19	58716005	58716005	cg26698460	0.0065629307027339	0.415471542000262	ZNF274
chr19	35637957	35637957	cg11731805	0.0065660474092904	0.415538279430955	CTD-2527I21.4,FXYD7
chr19	5507337	5507337	cg08862830	0.0066015508124389	0.416680310418615	
chr19	55661331	55661331	cg00844197	0.0066236568200042	0.41763390254286	
chr19	8601187	8601187	cg23446438	0.0066568165222502	0.418342384359792	MYO1F
chr19	48614178	48614178	cg27270541	0.006656496885796	0.418342384359792	
chr19	45150513	45150513	cg07455685	0.00668783690129	0.419306894594586	CTB-171A8.1,PVR
chr19	49843161	49843161	cg07542476	0.006722016154507	0.420014026308983	CD37,CTC-301O7.4
chr19	57352021	57352021	cg12205903	0.0067124040398492	0.420014026308983	PEG3,ZIM2
chr19	55098069	55098069	cg14575739	0.0067220261982938	0.420014026308983	LILRA2,LILRB1
chr19	4332056	4332056	cg15747839	0.0067226216871508	0.420014026308983	STAP2
chr19	49238429	49238429	cg26370886	0.0067342962911154	0.420456210573294	RASIP1
chr19	42599852	42599852	cg26005361	0.0067354080699143	0.420459182558411	POU2F2
chr19	1467925	1467925	cg10094078	0.0067621551715503	0.421027697270532	APC2,C19orf25
chr19	19625265	19625265	cg25352836	0.0068710136526153	0.42322563410736	TSSK6
chr19	19652067	19652067	cg27275352	0.0068785442467783	0.42344561692028	CILP2
chr19	619447	619447	cg06169597	0.006894391468144	0.423978759695625	POLRMT
chr19	58455407	58455407	cg14599315	0.0069074708223691	0.424320127235156	ZNF256
chr19	45150552	45150552	cg01865721	0.0069478932346776	0.42542617921466	CTB-171A8.1,PVR
chr19	55526208	55526208	cg27154418	0.0069871040210326	0.426638771615096	CTC-550B14.7,GP6
chr19	34988813	34988813	cg02928052	0.0069989262525442	0.426954945179855	WTIP
chr19	38747175	38747175	cg20232102	0.0070765312530216	0.429190364168181	PPP1R14A,SPINT2
chr19	4652451	4652451	cg03032253	0.0070961651934306	0.42986266406866	C19orf10,TNFAIP8L1
chr19	52785044	52785044	cg07472764	0.0071000260257252	0.429951224444666	ZNF766
chr19	18539757	18539757	cg10790698	0.0071238194085423	0.430549378859182	SSBP4
chr19	55544509	55544509	cg19479330	0.0071384772733109	0.431011200426019	CTC-550B14.6,CTC-550B14.7,GP6
chr19	34112111	34112111	cg03125498	0.0071526436015001	0.43157331137303	
chr19	11156112	11156112	cg22242279	0.0072338345385736	0.433995783814018	SMARCA4
chr19	52643038	52643038	cg00231521	0.0072403603534579	0.43431575444923	CTC-471J1.8,ZNF616
chr19	48694091	48694091	cg17152266	0.0072549639443646	0.434600398698041	C19orf68,CARD8,ZNF114
chr19	42785225	42785225	cg11872300	0.0072596079451353	0.43465445726903	CIC
chr19	2428515	2428515	cg03870261	0.0072698529030535	0.434813925612905	LMNB2
chr19	14273713	14273713	cg01574234	0.0072782674408863	0.435036876442689	CTB-55O6.12,LPHN1
chr19	4556000	4556000	cg06915470	0.0073111483320414	0.435993856194402	SEMA6B
chr19	2730590	2730590	cg00510948	0.0073919125020648	0.43779385169324	AC006538.4
chr19	44285941	44285941	cg26890181	0.0073962173466829	0.437949680217252	
chr19	15087061	15087061	cg01873119	0.0074292924093819	0.43863191458944	SLC1A6
chr19	54291195	54291195	cg10200169	0.007442181388247	0.438930022241277	MIR371B,MIR372
chr19	3688176	3688176	cg08145067	0.0074997125731316	0.440147877691955	PIP5K1C
chr19	21933746	21933746	cg22022973	0.00749831398615	0.440147877691955	RP11-420K14.6,ZNF100
chr19	51132638	51132638	cg13674662	0.0075082222444268	0.440460476565898	SYT3
chr19	13135663	13135663	cg24277817	0.0075278421020076	0.441096321261604	NFIX
chr19	4724680	4724680	cg15404665	0.007539445129313	0.441441075372269	DPP9
chr19	49967137	49967137	cg20716738	0.0075469430847438	0.441628180060495	ALDH16A1,CTD-3148I10.9
chr19	57863211	57863211	cg04546041	0.007595817769631	0.442948102629887	CTC-444N24.13,ZNF304
chr19	18983753	18983753	cg25241823	0.0075934353386846	0.442948102629887	CERS1,GDF1
chr19	57631327	57631327	cg17352109	0.0076167065715055	0.443369704931007	USP29
chr19	55721180	55721180	cg19673376	0.0076190463505095	0.443459915186756	
chr19	53324279	53324279	cg20725157	0.0076222499488957	0.443459915186756	ZNF28
chr19	6520655	6520655	cg25627689	0.0076260948513042	0.443545315067424	
chr19	55986225	55986225	cg02234314	0.0076618397029215	0.444047570416846	
chr19	3752666	3752666	cg09521871	0.0076595448120063	0.444047570416846	APBA3
chr19	57630596	57630596	cg10140536	0.0076613802648399	0.444047570416846	USP29
chr19	58428106	58428106	cg10436115	0.0076943892054352	0.444591690404246	
chr19	1140977	1140977	cg17825554	0.0077272337570178	0.445233551884372	SBNO2
chr19	49965046	49965046	cg17303845	0.0077571748537063	0.44604502933921	ALDH16A1
chr19	3358040	3358040	cg25485392	0.0077600244003966	0.446116758891814	
chr19	57862554	57862554	cg14015503	0.0077711483728143	0.446356937623173	CTC-444N24.13
chr19	3006438	3006438	cg19334452	0.0077710188958709	0.446356937623173	TLE2
chr19	45150726	45150726	cg23696432	0.0077994671954132	0.447000007471261	CTB-171A8.1,PVR
chr19	46117806	46117806	cg05318454	0.0078224859554604	0.447367795067897	EML2
chr19	6040080	6040080	cg11436143	0.007830685320421	0.447560955039781	RFX2
chr19	5455482	5455482	cg27209278	0.0079306618482535	0.45013376211598	ZNRF4
chr19	58740456	58740456	cg08397273	0.0079424015199042	0.450460830828929	ZNF544
chr19	50826891	50826891	cg18532515	0.0080235761143668	0.451985426359404	KCNC3
chr19	55549842	55549842	cg20651389	0.008075585300612	0.453338753774173	CTC-550B14.6,CTC-550B14.7
chr19	46180412	46180412	cg17144108	0.0081093865203102	0.454168637157	GIPR
chr19	40719835	40719835	cg22735953	0.0081371589087633	0.454960912003832	MAP3K10
chr19	758401	758401	cg10008710	0.0081810639331507	0.455764031863944	MISP
chr19	55837382	55837382	cg02276614	0.0081903176893029	0.455919188697076	TMEM150B
chr19	50840308	50840308	cg14225784	0.0082158002597244	0.45642161410607	NAPSB,NR1H2
chr19	16636636	16636636	cg22297202	0.0082601506159154	0.45773234232967	CHERP,CTD-3222D19.2
chr19	40168558	40168558	cg02727591	0.0083120500794223	0.458589100263289	
chr19	18496260	18496260	cg14213160	0.0083136158239478	0.458589100263289	GDF15
chr19	7143109	7143109	cg17350552	0.00835967911041	0.459317788861066	INSR
chr19	58459097	58459097	cg23484087	0.0083984062042284	0.460661110681986	
chr19	49828629	49828629	cg00041047	0.0084301247720815	0.461563879955137	
chr19	23084471	23084471	cg24764091	0.0084489295766762	0.461972515786512	
chr19	54485495	54485495	cg25235766	0.0085099381138179	0.463004975176487	CACNG8
chr19	48220335	48220335	cg17821231	0.0085192215166984	0.463205007130736	CTD-2571L23.8,EHD2
chr19	2817364	2817364	cg01013317	0.0085266741821592	0.4633609169296	
chr19	55945010	55945010	cg01603559	0.008533157161979	0.463393202303261	SHISA7
chr19	942271	942271	cg13332143	0.0085823560593906	0.464790990197717	ARID3A
chr19	54057416	54057416	cg03113572	0.0086673134308914	0.467065429623112	ZNF331
chr19	13409671	13409671	cg22569496	0.0086988953291014	0.467763487743267	CACNA1A
chr19	35263702	35263702	cg16644497	0.0087389901199984	0.468512673919313	ZNF599
chr19	49842829	49842829	cg20644754	0.0089305006336739	0.472889708186785	CD37,CTC-301O7.4
chr19	1465208	1465208	cg04624885	0.0090131216635696	0.474467672605886	APC2,C19orf25
chr19	17411666	17411666	cg13427283	0.0090456288759114	0.47544588717231	ABHD8,MRPL34
chr19	42727308	42727308	cg23353861	0.009152492958281	0.477346079450234	ZNF526
chr19	8934731	8934731	cg23504157	0.0091540247820438	0.477354782264173	CTD-2529P6.3,ZNF558
chr19	58570466	58570466	cg09907936	0.0092258185726747	0.479255583353584	
chr19	53561387	53561387	cg11254700	0.0092290447411164	0.479329615600779	
chr19	58111308	58111308	cg08671133	0.0092711271631257	0.480305193294351	ZNF530
chr19	35617820	35617820	cg23866403	0.0092723579806405	0.480305193294351	LGI4
chr19	57703302	57703302	cg11140785	0.00929172561975	0.480682307204945	ZNF264
chr19	755198	755198	cg26813907	0.0093046696603528	0.480875965902474	MISP
chr19	47197329	47197329	cg19865340	0.0093645341808625	0.482100805791884	PRKD2
chr19	55478263	55478263	cg20995778	0.0093721018623102	0.482331827324148	NLRP2
chr19	1008063	1008063	cg03355204	0.009420301207923	0.48353147166006	GRIN3B
chr19	39799137	39799137	cg25156118	0.0094470032052438	0.484158334697996	LRFN1
chr19	7505344	7505344	cg25528199	0.0094565992580221	0.484333083457508	ARHGEF18,CTD-2207O23.3
chr19	54960356	54960356	cg17952111	0.0094687571691057	0.48455355967398	LENG8
chr19	36123887	36123887	cg17942806	0.0095721427514378	0.486933841377424	RBM42
chr19	56215105	56215105	cg04358463	0.0096304653811191	0.48825727683346	EPN1
chr19	40728256	40728256	cg15035382	0.0096762159407034	0.489653758975972	CNTD2
chr19	58058716	58058716	cg14994483	0.0096955034994657	0.490039420399488	ZNF549,ZNF550
chr19	37825309	37825309	cg14166009	0.0097201043802214	0.49068905466057	HKR1
chr19	58257815	58257815	cg22765233	0.0097391952014411	0.491118583376115	AC003006.7
chr19	57617755	57617755	cg12355110	0.0097442585086604	0.491273830867806	
chr19	45412648	45412648	cg21879725	0.0097716302555107	0.491624433039707	APOE
chr19	12871165	12871165	cg26862314	0.0098307599842177	0.49279095655901	
chr19	2819872	2819872	cg16704464	0.009832451882109	0.492797968615499	ZNF554
chr19	57829153	57829153	cg03532026	0.0098446440825121	0.492937197670595	
chr19	52643355	52643355	cg11981871	0.0098784926877733	0.493387083107892	CTC-471J1.8
chr19	12984645	12984645	cg06307939	0.0099355004561424	0.494510173859005	MAST1
chr19	2626283	2626283	cg15436476	0.0099479897991354	0.494700236447796	GNG7
chr19	1994825	1994825	cg22906451	0.0099519736606856	0.494799431307084	BTBD2
chr19	36049342	36049342	cg23368787	0.0099608902677339	0.494892098366139	ATP4A
chr19	49669543	49669543	cg17583504	0.0099675600274771	0.49499892242095	TRPM4
chr19	54485510	54485510	cg02694017	0.0100367895489213	0.49663417345061	CACNG8
chr19	49841252	49841252	cg11749672	0.0100734139411699	0.497285332282445	CD37,CTC-301O7.4
chr19	41135593	41135593	cg05917311	0.0100872643490139	0.497464118046249	LTBP4
chr19	41630511	41630511	cg10239449	0.0100827977025712	0.497464118046249	CYP2F1
chr19	45381937	45381937	cg06720949	0.0101079426819073	0.497898738980522	PVRL2
chr19	18311217	18311217	cg08236478	0.0101153728979759	0.497987099694369	RAB3A
chr19	12953482	12953482	cg22693772	0.0101164076177008	0.497987099694369	HOOK2,MAST1
chr19	56615895	56615895	cg20083388	0.0101323498361986	0.498369148143229	ZNF787
chr19	55266306	55266306	cg05218514	0.0101352282404605	0.498387020331637	CTB-61M7.1,KIR2DL3,KIR2DL4,KIR3DL1
chr19	59028493	59028493	cg01967510	0.0101387364365101	0.498448494109767	ZBTB45
chr19	541032	541032	cg15124432	0.0101696431795326	0.498892017277777	CDC34
chr19	37568962	37568962	cg14340610	0.0101895786134478	0.499198064848842	CTD-2293H3.2,ZNF420
chr2	218843229	218843229	cg01089914	2.14197686268999e-05	0.054171566000017	TNS1
chr2	100618399	100618399	cg01286950	1.50478183472211e-05	0.054171566000017	AFF3
chr2	71787809	71787809	cg01407254	1.72733446595134e-05	0.054171566000017	DYSF
chr2	233350941	233350941	cg01856162	1.47822065975254e-05	0.054171566000017	ECEL1
chr2	66765310	66765310	cg01863674	2.22555554217015e-05	0.054171566000017	MEIS1
chr2	218678535	218678535	cg02178630	6.80659914162954e-06	0.054171566000017	TNS1
chr2	237416900	237416900	cg03247128	1.33842569125648e-05	0.054171566000017	
chr2	210636561	210636561	cg04100532	1.05038513553486e-05	0.054171566000017	
chr2	217539236	217539236	cg04783710	1.95209910088976e-05	0.054171566000017	IGFBP5
chr2	236578251	236578251	cg05096436	1.42712137338303e-05	0.054171566000017	AGAP1
chr2	236840188	236840188	cg06722870	1.47780898035906e-05	0.054171566000017	AGAP1
chr2	238447184	238447184	cg09067559	8.85531015589192e-06	0.054171566000017	MLPH
chr2	105279258	105279258	cg09474101	1.31681787882127e-05	0.054171566000017	AC013402.5
chr2	241717262	241717262	cg10523645	1.48556529234925e-05	0.054171566000017	KIF1A
chr2	1895733	1895733	cg14129053	1.59005194631037e-05	0.054171566000017	MYT1L
chr2	154334450	154334450	cg14765646	1.25636422038884e-05	0.054171566000017	AC012501.2,RPRM
chr2	71693389	71693389	cg16626884	5.05849531495901e-06	0.054171566000017	DYSF
chr2	121746027	121746027	cg18519450	6.26329503953086e-06	0.054171566000017	GLI2
chr2	237076307	237076307	cg19052355	1.145901358078e-05	0.054171566000017	AC079135.1,GBX2
chr2	107502679	107502679	cg19412467	9.16040861309272e-06	0.054171566000017	ST6GAL2
chr2	237076816	237076816	cg19761848	1.92793414310891e-05	0.054171566000017	AC079135.1,GBX2
chr2	107502677	107502677	cg20483857	8.18537730174274e-06	0.054171566000017	ST6GAL2
chr2	105321544	105321544	cg22865501	1.55152988407084e-05	0.054171566000017	AC068057.1
chr2	100721845	100721845	cg23118464	2.81486686575072e-06	0.054171566000017	AC092667.2,AFF3
chr2	235005011	235005011	cg27534679	1.33650247134856e-05	0.054171566000017	
chr2	66759368	66759368	cg09170232	2.57087202898094e-05	0.0543206248802127	MEIS1
chr2	100721038	100721038	cg14267725	2.57287020796689e-05	0.0543206248802127	AFF3
chr2	105478805	105478805	cg17912835	2.29874616343367e-05	0.0543206248802127	RP11-13J10.1
chr2	40260498	40260498	cg19655179	2.68705842115793e-05	0.0543206248802127	SLC8A1-AS1
chr2	219738314	219738314	cg00011225	3.38848688072254e-05	0.0543707177967035	WNT6
chr2	100722022	100722022	cg04109781	3.21252640340259e-05	0.0543707177967035	AC092667.2,AFF3
chr2	236300855	236300855	cg07055259	2.88959320393227e-05	0.0543707177967035	
chr2	66689807	66689807	cg14553338	2.96459883440348e-05	0.0543707177967035	MEIS1
chr2	241235135	241235135	cg15983626	3.229636459128e-05	0.0543707177967035	
chr2	17692190	17692190	cg16540183	3.43660580065635e-05	0.0543707177967035	RAD51AP2
chr2	237415900	237415900	cg05363903	3.52609018429334e-05	0.0546494260039678	IQCA1
chr2	66789741	66789741	cg04732596	3.81198454452231e-05	0.0551012872280427	MEIS1
chr2	50574708	50574708	cg17526573	3.86957260849247e-05	0.0551012872280427	NRXN1
chr2	228029452	228029452	cg06002370	4.21338224244462e-05	0.0556883318141202	COL4A3
chr2	135477426	135477426	cg22242207	4.13096249488055e-05	0.0556883318141202	
chr2	210636540	210636540	cg24938830	4.28179907640498e-05	0.0556883318141202	
chr2	236923535	236923535	cg20128773	4.44763212761128e-05	0.0557873309455127	AGAP1
chr2	105472218	105472218	cg20291049	4.60601111238573e-05	0.0566307404953852	POU3F3,RP11-13J10.1
chr2	105480688	105480688	cg02488942	4.65680552546862e-05	0.0566921772828391	RP11-13J10.1
chr2	95692727	95692727	cg03129884	5.05919932793663e-05	0.0574970328465066	MAL
chr2	232531087	232531087	cg06109482	5.17188294760931e-05	0.0575318458703748	
chr2	40590872	40590872	cg27060355	5.1643957980628e-05	0.0575318458703748	SLC8A1
chr2	237416621	237416621	cg03182782	5.21894464552064e-05	0.0575822760789934	
chr2	100618467	100618467	cg03816062	5.35539444976582e-05	0.0578403073828547	AFF3
chr2	14774787	14774787	cg11007759	5.41468147476806e-05	0.0578403073828547	FAM84A
chr2	527787	527787	cg13016619	5.38328617171111e-05	0.0578403073828547	
chr2	40656666	40656666	cg10807560	5.86842418483267e-05	0.0589438365507034	SLC8A1
chr2	237077921	237077921	cg19714279	5.84893630069449e-05	0.0589438365507034	AC079135.1
chr2	237034418	237034418	cg16841676	6.17294048092594e-05	0.0595530723273388	AGAP1
chr2	219739565	219739565	cg23204794	6.28642650677071e-05	0.0595530723273388	
chr2	164592572	164592572	cg19156483	6.60670226302516e-05	0.0599898619160041	
chr2	100481106	100481106	cg02571054	7.00556295957049e-05	0.0615974473485097	AFF3
chr2	234832209	234832209	cg09798467	7.23476903342382e-05	0.0615974473485097	TRPM8
chr2	236619767	236619767	cg14930335	7.16700916787785e-05	0.0615974473485097	AGAP1
chr2	100459154	100459154	cg20698680	7.66662716289302e-05	0.0623792825281725	AFF3
chr2	27665140	27665140	cg12000995	7.90365017647071e-05	0.0627515857459962	
chr2	107503662	107503662	cg08236767	8.21600520071906e-05	0.0636092412284104	
chr2	100618438	100618438	cg18003518	8.50453977314415e-05	0.0640619604008163	AFF3
chr2	233251774	233251774	cg02812891	8.64457162085451e-05	0.0643227194382226	ECEL1P2
chr2	164590273	164590273	cg01620164	8.77230982494841e-05	0.0643983805620442	FIGN
chr2	219738226	219738226	cg22587479	9.17535169118416e-05	0.0654555955907026	WNT6
chr2	121199817	121199817	cg04663790	9.67692450590692e-05	0.0667479235771874	
chr2	242149057	242149057	cg05541867	0.00010518496708	0.0691335851215993	ANO7
chr2	66298217	66298217	cg03819089	0.0001065204484488	0.0692733812010263	AC074391.1
chr2	237076726	237076726	cg16023545	0.0001084925673715	0.0695029677725892	AC079135.1,GBX2
chr2	236867686	236867686	cg02139853	0.0001102130709379	0.069656047044504	AGAP1
chr2	237712268	237712268	cg23575858	0.0001127220397182	0.0703774747441141	
chr2	241896911	241896911	cg06193597	0.000117603991358	0.0716940261229208	AC104809.3,AC104809.4
chr2	233212296	233212296	cg24827562	0.0001176628789195	0.0716940261229208	
chr2	72371255	72371255	cg22856324	0.0001226081369113	0.072282039353711	CYP26B1
chr2	83331519	83331519	cg09505340	0.0001233325676803	0.0723600376393548	
chr2	220417869	220417869	cg22212691	0.0001245076191478	0.0723600376393548	OBSL1
chr2	65528222	65528222	cg07310500	0.0001293433964836	0.0734535081537543	
chr2	27665306	27665306	cg17158414	0.0001329233774934	0.0741600011648336	KRTCAP3
chr2	115442503	115442503	cg03774868	0.0001348401243102	0.0745624368516858	DPP10
chr2	231855524	231855524	cg02577387	0.0001393618716789	0.0755006092987509	SPATA3-AS1
chr2	237416339	237416339	cg17397592	0.000145416988789	0.0764009884230341	
chr2	58029503	58029503	cg20003050	0.0001528692429977	0.0775158511986832	
chr2	84517743	84517743	cg07153098	0.0001609755325879	0.0790098557932766	
chr2	235004843	235004843	cg03259207	0.000161575865065	0.079106423455981	
chr2	110259223	110259223	cg11940804	0.0001629266246178	0.0792382159849158	SH3RF3
chr2	95613041	95613041	cg11360098	0.0001779692451519	0.0826868076749672	AC097374.2
chr2	219734610	219734610	cg05618201	0.0001824281802214	0.083367482836042	WNT6
chr2	236761022	236761022	cg22373519	0.0001892386699855	0.0846733072846647	AGAP1
chr2	219738715	219738715	cg13903421	0.000195380002156	0.0858776184191796	WNT6
chr2	130956200	130956200	cg05308744	0.0001956322531428	0.0859232901351184	
chr2	50574197	50574197	cg14875171	0.0002094345067982	0.0885269410259147	NRXN1
chr2	173061715	173061715	cg20991420	0.0002211921444165	0.0907109310014021	
chr2	100677411	100677411	cg27315109	0.0002252805729828	0.0914301738111425	AFF3
chr2	218843736	218843736	cg05783384	0.0002421241725663	0.0941201668373228	AC010136.2,TNS1
chr2	27665142	27665142	cg12648201	0.0002442813707743	0.0944314233360558	
chr2	242211918	242211918	cg12465154	0.0002497365165072	0.0954361357459738	HDLBP
chr2	82754626	82754626	cg08007304	0.0002595726500132	0.0969768528319327	AC010105.1
chr2	237077265	237077265	cg08767286	0.0002626428424733	0.0974352781851132	AC079135.1
chr2	40672068	40672068	cg19918022	0.0002769824291081	0.0998635821034751	SLC8A1
chr2	75787230	75787230	cg11453343	0.0002788592686314	0.100238589852179	EVA1A
chr2	23913568	23913568	cg23009508	0.0002802296697408	0.100384468323365	KLHL29
chr2	75425833	75425833	cg18668821	0.0002834714019114	0.100866909452023	TACR1
chr2	240530498	240530498	cg27391564	0.0002927935491971	0.10215382658682	
chr2	235949598	235949598	cg00646621	0.00029507427075	0.102408547508747	SH3BP4
chr2	218680227	218680227	cg10174643	0.0003104826157726	0.104748574920556	TNS1
chr2	132233433	132233433	cg02774486	0.0003128194355187	0.10508416801604	MZT2A
chr2	88650618	88650618	cg15581269	0.0003158988058943	0.105368523339912	
chr2	235704849	235704849	cg17841421	0.0003244948084888	0.106816285317425	
chr2	130956201	130956201	cg21493212	0.0003301798817671	0.107794648251441	
chr2	237076812	237076812	cg21426003	0.0003395659161368	0.109208074744167	AC079135.1,GBX2
chr2	219738733	219738733	cg25242471	0.0003481802255319	0.110677590457966	WNT6
chr2	95826087	95826087	cg18793806	0.0003488066292414	0.11075028091825	ZNF514
chr2	177356277	177356277	cg06065019	0.0003572016277139	0.111993270943266	
chr2	132559392	132559392	cg18193950	0.000360617781677	0.112406984608465	
chr2	84517764	84517764	cg22037978	0.0003666382424338	0.112842214977277	
chr2	236839060	236839060	cg12251919	0.0003686825895744	0.113131335177686	AGAP1
chr2	72371839	72371839	cg06049781	0.0003699218954666	0.113402984771944	CYP26B1
chr2	115919830	115919830	cg01718116	0.0003752596977206	0.114098278812469	DPP10
chr2	469790	469790	cg08131059	0.0003801937964106	0.114617110242787	
chr2	236676030	236676030	cg17653955	0.0003841814984489	0.115207051617967	AGAP1
chr2	164592562	164592562	cg15259986	0.000385193388525	0.115252062208399	
chr2	107503728	107503728	cg08528626	0.0004043213720347	0.118069592191108	
chr2	14772731	14772731	cg20720059	0.0004071388695116	0.118339886874226	
chr2	96192527	96192527	cg00592870	0.0004129479890487	0.118953797725373	AC009237.8
chr2	228028741	228028741	cg04324308	0.0004151586868444	0.119014535593508	COL4A4
chr2	20870087	20870087	cg09074113	0.0004155353475749	0.119014535593508	GDF7
chr2	84517739	84517739	cg05068981	0.0004378380083026	0.121433761071653	
chr2	181738271	181738271	cg01124477	0.0004416823457434	0.121725291696194	
chr2	40452796	40452796	cg05256584	0.0004416827360829	0.121725291696194	SLC8A1,SLC8A1-AS1
chr2	66720291	66720291	cg14836490	0.0004430114351874	0.121752801225555	MEIS1
chr2	19553238	19553238	cg16752876	0.000452791147705	0.123146381831981	OSR1
chr2	236812588	236812588	cg22237707	0.0004558133660951	0.123580746349224	AGAP1
chr2	240531605	240531605	cg23902610	0.0004559345397969	0.123580746349224	
chr2	231737753	231737753	cg17009069	0.0004567097197091	0.123710578920977	ITM2C
chr2	97198126	97198126	cg14692854	0.0004647311479051	0.124601015522232	
chr2	95522488	95522488	cg08446121	0.0004687109482087	0.125066880089766	ANKRD20A8P
chr2	233251771	233251771	cg13138089	0.0004698636897897	0.125123337581901	ECEL1P2
chr2	130956272	130956272	cg02368177	0.000470883029538	0.125239124728431	
chr2	779100	779100	cg24335051	0.0004848057019197	0.127191244779044	
chr2	236578247	236578247	cg21357361	0.0004919557165834	0.127629507697257	AGAP1
chr2	5836713	5836713	cg23668184	0.0004934391574952	0.127775403439852	AC010729.1,SOX11
chr2	14772963	14772963	cg02746381	0.000493845322246	0.127802212585485	FAM84A
chr2	130956256	130956256	cg09663323	0.0005017093332606	0.128496529779253	
chr2	19561327	19561327	cg16361302	0.0005077363975756	0.129077840958117	
chr2	636607	636607	cg14515364	0.000515365703442	0.130067404576183	
chr2	748535	748535	cg15558969	0.0005242108873948	0.131189977785087	AC116609.3
chr2	236415674	236415674	cg25846061	0.0005285369886199	0.131964842075678	AGAP1,AGAP1-IT1
chr2	38710172	38710172	cg00008800	0.0005344677523768	0.13241088710189	AC016995.3
chr2	236417265	236417265	cg00428160	0.0005387592217517	0.132684388594234	AGAP1
chr2	220223082	220223082	cg09059267	0.0005392482942594	0.132726577657237	
chr2	3186127	3186127	cg06502997	0.000559901174592	0.135533724666376	
chr2	131674687	131674687	cg07987697	0.0005606039045209	0.135583245519371	ARHGEF4
chr2	241827779	241827779	cg25390334	0.0005645983585093	0.136040031480067	C2orf54
chr2	40165558	40165558	cg13712012	0.0005770470746282	0.137255345390632	SLC8A1-AS1
chr2	240523524	240523524	cg06369108	0.0005802106466842	0.137494037162756	
chr2	72371261	72371261	cg22979783	0.0005825526967359	0.137743950320721	CYP26B1
chr2	66706940	66706940	cg07103068	0.0005992771869498	0.139157533073418	MEIS1
chr2	223168576	223168576	cg14559259	0.0006060110682444	0.140034620578395	CCDC140
chr2	42229026	42229026	cg19376973	0.0006089129799725	0.140322778408709	
chr2	84517783	84517783	cg16851758	0.0006111831915581	0.140535796164232	
chr2	2964911	2964911	cg18760534	0.000622440598336	0.141450133948415	AC019118.2
chr2	85190234	85190234	cg15026799	0.0006226291107947	0.141454493010904	
chr2	107503673	107503673	cg21649258	0.0006299542233907	0.142344435869836	
chr2	240062052	240062052	cg25828346	0.0006393244282496	0.143529966386627	HDAC4
chr2	106184689	106184689	cg15754594	0.0006483501135169	0.144584844561968	
chr2	236840171	236840171	cg22050897	0.0006489021778056	0.144630738495793	AGAP1
chr2	236864889	236864889	cg13192735	0.0006507647950227	0.144781886749523	AGAP1
chr2	220223202	220223202	cg13622261	0.000654589092932	0.145085356571775	
chr2	91937036	91937036	cg24938881	0.0006614306809311	0.145750987510472	AC027612.4
chr2	130886935	130886935	cg22441237	0.0006701677842448	0.146478477916206	
chr2	58029565	58029565	cg26585352	0.0006754194899062	0.147243717493044	
chr2	620992	620992	cg26832552	0.0006929096169871	0.148878260900475	
chr2	236579470	236579470	cg03451670	0.0006954471295375	0.149050774885205	AGAP1
chr2	121412005	121412005	cg13283952	0.0007037970553457	0.149868407166045	
chr2	71823485	71823485	cg12245706	0.0007077234627064	0.15019713149659	DYSF
chr2	240658646	240658646	cg08206156	0.0007144744911414	0.150624678017846	
chr2	162364204	162364204	cg03687084	0.0007203063836943	0.151225801558841	AHCTF1P1,SLC4A10
chr2	83408219	83408219	cg00702835	0.0007690309158351	0.155919517418903	
chr2	309026	309026	cg14473516	0.0007730538594257	0.156207829862838	AC079779.5
chr2	240114406	240114406	cg27074582	0.0007830666184115	0.156946615472393	HDAC4
chr2	250004	250004	cg03299269	0.000792909203716	0.15784463083698	SH3YL1
chr2	228029448	228029448	cg22994281	0.0008117458983605	0.159483324896179	COL4A3
chr2	97198107	97198107	cg26051755	0.0008552465416825	0.164093129300598	
chr2	214172	214172	cg26396721	0.0008622013932855	0.164819365380892	
chr2	85641076	85641076	cg21654383	0.0008716566288363	0.165579006140333	CAPG
chr2	87142071	87142071	cg23070073	0.0008779769662527	0.165861404388604	ANAPC1P1,RGPD1
chr2	71693871	71693871	cg03674127	0.0008920866256855	0.167391278716403	DYSF
chr2	115920764	115920764	cg05667379	0.0008933706497395	0.167504761782696	DPP10
chr2	242887779	242887779	cg16177805	0.0008981008215357	0.167878737008182	AC131097.3
chr2	191744975	191744975	cg17300307	0.0008980735228624	0.167878737008182	
chr2	100634259	100634259	cg22162422	0.0008969090450421	0.167878737008182	AFF3
chr2	51254981	51254981	cg07083023	0.0009013486907413	0.168068049781237	NRXN1
chr2	40588844	40588844	cg03639864	0.0009575105457271	0.173096605632166	SLC8A1
chr2	236283086	236283086	cg06833347	0.0009586176258878	0.17325924721082	
chr2	162364264	162364264	cg24695950	0.0009602994487967	0.173407383122267	SLC4A10
chr2	242895501	242895501	cg16530491	0.000969288865362	0.173796676671587	AC131097.3
chr2	236721803	236721803	cg20911304	0.0009781618430941	0.174564251431959	AGAP1
chr2	65092450	65092450	cg25807044	0.0009781669778482	0.174564251431959	
chr2	31361818	31361818	cg22996440	0.0009846939823555	0.175349275309372	GALNT14
chr2	236588226	236588226	cg02244431	0.0009891121097899	0.175654451446354	AGAP1
chr2	127734416	127734416	cg14431024	0.0010155146006285	0.17823602420156	
chr2	118618054	118618054	cg08569850	0.0010282493355138	0.179281039302299	HTR5BP
chr2	100615072	100615072	cg14013053	0.0010348133202796	0.179689492177972	AFF3
chr2	130512168	130512168	cg11929750	0.0010440443020386	0.180096903689375	
chr2	242211920	242211920	cg19321126	0.001048644573459	0.180509048404855	HDLBP
chr2	104914302	104914302	cg02112608	0.0010535430259797	0.181006575925775	
chr2	105471965	105471965	cg17078686	0.0010827877774186	0.183103796917682	RP11-13J10.1
chr2	315137	315137	cg01144768	0.0010853050443467	0.183142649286323	
chr2	242895306	242895306	cg20158944	0.0010842903000191	0.183142649286323	AC131097.3
chr2	101666895	101666895	cg13814654	0.0010890773094346	0.183488136518381	TBC1D8
chr2	239136349	239136349	cg13314434	0.0010955801363717	0.184037635399432	AC016757.3
chr2	75427089	75427089	cg05403555	0.0010969964074429	0.184164444708852	
chr2	219723705	219723705	cg05985303	0.0010983295515331	0.18427715420414	
chr2	241530157	241530157	cg19456914	0.0010997635008664	0.184402550484802	CAPN10
chr2	228736324	228736324	cg08034379	0.0011074494036723	0.185075442888154	DAW1
chr2	223289278	223289278	cg00043095	0.0011298949919804	0.187273482585509	SGPP2
chr2	154729060	154729060	cg13101087	0.0011288509519401	0.187273482585509	GALNT13
chr2	14773974	14773974	cg16846645	0.0011295276605224	0.187273482585509	FAM84A
chr2	220222765	220222765	cg07434457	0.0011310406679116	0.187394281419286	
chr2	240224285	240224285	cg02047225	0.0011338415638279	0.187560745057661	HDAC4
chr2	95971995	95971995	cg07166291	0.0011356139185172	0.187742398885296	KCNIP3
chr2	228029433	228029433	cg13951042	0.0011364674371088	0.187806362329622	COL4A3
chr2	237077705	237077705	cg23095584	0.0011375970919155	0.187847209539797	AC079135.1
chr2	110260096	110260096	cg17032565	0.0011780293836707	0.191172190073719	SH3RF3
chr2	100680134	100680134	cg06867775	0.0011795528232213	0.191259270214613	AFF3
chr2	51056884	51056884	cg06749295	0.0011920236975134	0.192068958649618	NRXN1
chr2	100799757	100799757	cg22079195	0.0012005755852845	0.192759874876323	
chr2	3185130	3185130	cg13149412	0.0012119083058727	0.19342975220921	
chr2	206981174	206981174	cg19953728	0.001218582336207	0.194047274214002	AC007383.4,GCSHP3,NDUFS1
chr2	228185397	228185397	cg26101890	0.0012241841536301	0.19432000820506	AC097662.2
chr2	206550819	206550819	cg16114434	0.0012598811801815	0.196508991454987	NRP2
chr2	241769498	241769498	cg26322261	0.0012689289338446	0.197435321136438	
chr2	115920222	115920222	cg13777681	0.0012708022669294	0.197519615749367	DPP10
chr2	92261248	92261248	cg12140527	0.0012900059430059	0.19882609310566	
chr2	5831395	5831395	cg08526991	0.0012919261533712	0.19882857745879	AC107057.2
chr2	64836449	64836449	cg09950256	0.001295202195321	0.198929626533203	AC007365.1
chr2	47798397	47798397	cg27320127	0.0013120227515573	0.200005418623983	
chr2	242211663	242211663	cg03924805	0.0013361950592565	0.201936675515179	HDLBP
chr2	240679509	240679509	cg15006971	0.0013459124561574	0.202782765606514	
chr2	241404128	241404128	cg27312391	0.0013458371365231	0.202782765606514	GPC1
chr2	101889754	101889754	cg06352088	0.0013510499546553	0.203014859587784	RNF149
chr2	5833169	5833169	cg20008332	0.0013515381911707	0.203014859587784	SOX11
chr2	228881742	228881742	cg23982427	0.0013518612182255	0.203014859587784	SPHKAP
chr2	240111396	240111396	cg08312371	0.0013666078273896	0.203881332883532	HDAC4
chr2	100298108	100298108	cg26338050	0.0013866759530706	0.205677106671213	AFF3
chr2	128649830	128649830	cg00597225	0.001390973465392	0.205921076806664	
chr2	95846873	95846873	cg21964611	0.0013919948678403	0.205921076806664	ZNF2
chr2	237496941	237496941	cg08323238	0.001402701892513	0.206691597761944	
chr2	95522902	95522902	cg08721908	0.0014101355508452	0.20744595237807	ANKRD20A8P
chr2	225639708	225639708	cg13742400	0.0014169946545619	0.207962166413034	DOCK10
chr2	3291186	3291186	cg21273746	0.0014243287780598	0.208568710455449	TSSC1
chr2	240868184	240868184	cg19093890	0.0014276547786998	0.208829571546424	NDUFA10
chr2	133037058	133037058	cg07556938	0.0014588821760879	0.210959362812405	
chr2	225266304	225266304	cg23013850	0.0014877689798314	0.212827527336724	FAM124B
chr2	127977559	127977559	cg00270778	0.0014923800171957	0.213146771154882	CYP27C1
chr2	1843121	1843121	cg05075473	0.0014956113262751	0.213462295587864	MYT1L
chr2	691862	691862	cg14684798	0.0014981801266776	0.213518834345632	AC092159.2
chr2	911278	911278	cg11170214	0.0015099228995463	0.214042140214766	AC113607.3
chr2	40573036	40573036	cg13754687	0.0015131429787165	0.214131888782105	SLC8A1
chr2	44576358	44576358	cg03700279	0.0015189126019607	0.21450704645482	PREPL
chr2	82756400	82756400	cg19911676	0.0015253629358049	0.214917951953969	AC010105.1
chr2	234308666	234308666	cg00711795	0.0015540041170561	0.216977207969518	DGKD
chr2	95743038	95743038	cg23791325	0.0015605901625617	0.21737727575024	
chr2	135064870	135064870	cg10881937	0.0015749386432427	0.218041563500206	MGAT5
chr2	206551466	206551466	cg17455088	0.001581059153264	0.21835288433666	NRP2
chr2	131676069	131676069	cg20458922	0.0015890760709949	0.218892718608345	ARHGEF4
chr2	42566557	42566557	cg17485141	0.001591074517545	0.219005154723952	COX7A2L
chr2	3750952	3750952	cg11857704	0.0016072912783021	0.219852185150087	AC010907.5
chr2	75067717	75067717	cg27049094	0.0016140852968198	0.220141206652333	HK2
chr2	5847375	5847375	cg20292653	0.0016351749495487	0.220946640977234	AC010729.1
chr2	187868046	187868046	cg09013953	0.0016505356898866	0.221440190953297	AC007319.1,AC018735.1
chr2	102681071	102681071	cg13399261	0.001650385264244	0.221440190953297	IL1R1
chr2	20871174	20871174	cg12334488	0.0016514863735117	0.221489221148585	GDF7
chr2	151343583	151343583	cg02808595	0.0016623925067819	0.222479890733815	RND3
chr2	236961065	236961065	cg18543018	0.0016918331292217	0.224283049344574	AGAP1
chr2	100542813	100542813	cg06868382	0.0017055208963545	0.225220963210767	AFF3
chr2	114509934	114509934	cg05062560	0.001723588063275	0.226782273550212	SLC35F5
chr2	95692525	95692525	cg19762657	0.0017286020331461	0.227012921684867	MAL
chr2	235936597	235936597	cg20477160	0.0017686333907677	0.229367052525799	SH3BP4
chr2	221282600	221282600	cg20002958	0.0018202456391529	0.232920989874759	AC114765.1
chr2	241719655	241719655	cg03554736	0.0018303741864845	0.233543794571911	KIF1A
chr2	233793088	233793088	cg27604702	0.0018321674670413	0.233635332867077	NGEF
chr2	240404783	240404783	cg00007426	0.0018874114505785	0.237170305093348	
chr2	30142586	30142586	cg02165692	0.0019059434673067	0.238128774200967	ALK
chr2	236826311	236826311	cg25889035	0.0019134486687292	0.238613005217419	AGAP1
chr2	220223930	220223930	cg20155920	0.0019174009121528	0.239017416657479	
chr2	106406743	106406743	cg13704531	0.0019314992688905	0.239964942036017	NCK2
chr2	130956220	130956220	cg06900650	0.0019467731681838	0.240765178491519	
chr2	71693166	71693166	cg17880014	0.0019520781836388	0.24105179018169	DYSF
chr2	220222979	220222979	cg12653917	0.0019614055381695	0.241703376610535	
chr2	2799616	2799616	cg22003610	0.0019732025141621	0.242513178912116	
chr2	65861662	65861662	cg16240816	0.0019741041404973	0.242516951803503	AC007389.3,AC074391.1
chr2	135011627	135011627	cg21232161	0.0019874834143793	0.243069245052508	MGAT5
chr2	451876	451876	cg07919936	0.0019904356137332	0.243133369632659	
chr2	239049393	239049393	cg00025626	0.0019915250941883	0.243180633042477	KLHL30
chr2	468989	468989	cg26349358	0.0019914123317747	0.243180633042477	
chr2	107201989	107201989	cg06747770	0.002016125024896	0.245070798593716	
chr2	18766018	18766018	cg20702390	0.002021476188576	0.245406559541447	NT5C1B,NT5C1B-RDH14
chr2	3281331	3281331	cg03661054	0.0020291722992182	0.245783192773624	TSSC1
chr2	139538602	139538602	cg23302570	0.0020395850096405	0.246381868453808	
chr2	121412140	121412140	cg04864807	0.0020406639428905	0.246453318003216	
chr2	218713648	218713648	cg27290103	0.0020466226679016	0.246851770802142	TNS1
chr2	216301063	216301063	cg12748367	0.0020527162214706	0.247179849962884	AC012462.1
chr2	242895660	242895660	cg24551396	0.0020543728896186	0.247179849962884	AC131097.3
chr2	100815133	100815133	cg13463465	0.0020599499486741	0.247522660303568	
chr2	236774071	236774071	cg19761110	0.002062433934865	0.247699031072822	AGAP1
chr2	242923399	242923399	cg21303226	0.0020802146267516	0.248677334517468	AC131097.3
chr2	3224552	3224552	cg14074830	0.0020844265036362	0.248932948582394	TSSC1
chr2	241459503	241459503	cg08276645	0.0020884592449759	0.24912816697309	ANKMY1
chr2	133426298	133426298	cg13016408	0.0020992255652282	0.249450705167418	LYPD1
chr2	100799559	100799559	cg12757676	0.0021296664358663	0.251206574995443	
chr2	68675892	68675892	cg12452813	0.0021333341644283	0.25139397577587	AC127383.1
chr2	236300720	236300720	cg15982130	0.002162884404247	0.253446120958542	
chr2	241579263	241579263	cg00270520	0.0021685118568075	0.253712566092328	
chr2	132202527	132202527	cg18282096	0.0021696678663402	0.253712566092328	
chr2	40370829	40370829	cg09968461	0.0021868957806616	0.254358550080014	SLC8A1,SLC8A1-AS1
chr2	3064103	3064103	cg03184487	0.0021917470716727	0.254661924277499	AC019118.2
chr2	91670734	91670734	cg06335633	0.0021947566966654	0.254761096004006	
chr2	237762238	237762238	cg25438746	0.0022068953572754	0.255114694861809	
chr2	242843822	242843822	cg27404186	0.0022063369269037	0.255114694861809	AC131097.3,AC131097.4
chr2	19561709	19561709	cg01196788	0.0022391973085483	0.257028597457166	
chr2	240119035	240119035	cg09975562	0.0023095240944255	0.261212615875526	HDAC4
chr2	63671845	63671845	cg03578193	0.0023146105881509	0.261369503759752	WDPCP
chr2	220223623	220223623	cg03954411	0.0023263078982805	0.262033959211582	AC053503.2
chr2	111873850	111873850	cg12966876	0.0023402842492733	0.262805836060289	ACOXL
chr2	236924310	236924310	cg26641996	0.0023526123649322	0.263415491416773	AGAP1
chr2	71823518	71823518	cg14196395	0.0023712424228819	0.26439859420349	DYSF
chr2	11885266	11885266	cg02069619	0.0023920580513954	0.265606636891233	AC012456.4,LPIN1
chr2	240026709	240026709	cg18310774	0.0024338254898901	0.267766960989267	HDAC4
chr2	235906251	235906251	cg21431856	0.0024441110533754	0.268176978196943	SH3BP4
chr2	19544304	19544304	cg21825119	0.0024485409211133	0.268466652242303	AC092594.1
chr2	105853201	105853201	cg04850045	0.0024623487093154	0.269252728213042	
chr2	106681937	106681937	cg14535980	0.0024783619585708	0.270196500745318	C2orf40
chr2	196521354	196521354	cg10625666	0.0024825206969996	0.270276716373695	SLC39A10
chr2	7174685	7174685	cg14990413	0.002510548721123	0.271664135668326	RNF144A
chr2	9533755	9533755	cg08841544	0.0025157370851656	0.271839191059354	ASAP2
chr2	168401402	168401402	cg22687547	0.0025305823334958	0.272490678816937	AC074363.1
chr2	239986648	239986648	cg01716122	0.0025323433259585	0.272522088420904	HDAC4
chr2	115419538	115419538	cg19211931	0.0025473223535394	0.273064695231426	DPP10
chr2	218712872	218712872	cg07478107	0.0025491278456164	0.273148169129382	TNS1
chr2	20871196	20871196	cg10553204	0.0025715654901773	0.273819847576988	GDF7
chr2	236577984	236577984	cg14811872	0.0025712152054128	0.273819847576988	AGAP1
chr2	115919007	115919007	cg03753331	0.0025815096647181	0.274442393781025	DPP10
chr2	176987606	176987606	cg02885007	0.0025853177406049	0.274637430903358	HOXD-AS2,HOXD9
chr2	236867836	236867836	cg01604994	0.0026125208012669	0.275942843828242	AGAP1
chr2	692027	692027	cg13650504	0.0027095796306718	0.281323875085899	AC092159.2
chr2	1480944	1480944	cg14793137	0.002717732622387	0.281712764821187	TPO
chr2	129659683	129659683	cg18478731	0.0027217079332761	0.28181255988752	
chr2	241076583	241076583	cg21404933	0.0027395273803409	0.282569446329785	
chr2	242888333	242888333	cg06373804	0.0027548513948815	0.283465776844809	AC131097.3
chr2	219679765	219679765	cg13908635	0.0027626685015286	0.283625591347669	CYP27A1
chr2	132767457	132767457	cg26314806	0.0028061305299775	0.285491229490862	
chr2	100824337	100824337	cg02102456	0.0028101499133617	0.285587125757255	
chr2	106184699	106184699	cg08847856	0.0028253718287879	0.286263452529036	
chr2	749191	749191	cg05417788	0.0028496772927506	0.287345305877377	AC116609.3
chr2	237078733	237078733	cg07014673	0.0028532488697103	0.287414677593806	AC079135.1
chr2	132233561	132233561	cg03287207	0.0028745513283959	0.288378220416406	MZT2A
chr2	241613319	241613319	cg06047195	0.0028827644169549	0.288716753632576	
chr2	100624627	100624627	cg24716042	0.0029026443927951	0.289481340437884	AFF3
chr2	229045020	229045020	cg12001304	0.0029549255441475	0.292148694065531	SPHKAP
chr2	27665151	27665151	cg21248554	0.0029555009056396	0.292148694065531	
chr2	42281793	42281793	cg12078253	0.0029610094795314	0.292571764069354	PKDCC
chr2	160106670	160106670	cg04408104	0.0029767170770706	0.293412631450245	WDSUB1
chr2	42276988	42276988	cg13773247	0.0029795825920047	0.293556531219876	PKDCC
chr2	3111398	3111398	cg25799361	0.002983475076496	0.293766797330596	AC019118.2
chr2	229046407	229046407	cg06092815	0.0030247394027349	0.296040892676384	
chr2	241408022	241408022	cg14630361	0.0030437067089585	0.297071322384568	
chr2	2755386	2755386	cg18589448	0.0030608400514714	0.29783881155013	
chr2	69785993	69785993	cg18992153	0.0030692936862788	0.298344342496861	AAK1
chr2	4184127	4184127	cg22322870	0.003100186874189	0.299955467898869	
chr2	5813650	5813650	cg17213402	0.003109652128539	0.300569814670828	AC107057.2,AC108025.2
chr2	129231479	129231479	cg01765406	0.0031488016174337	0.302174267933615	
chr2	86263895	86263895	cg04915044	0.0031476858286144	0.302174267933615	POLR1A
chr2	31361701	31361701	cg14514751	0.003160504417565	0.30266791568883	GALNT14
chr2	83404216	83404216	cg21604697	0.0031789073157891	0.303667983993139	
chr2	110015249	110015249	cg06129617	0.0031809284608663	0.303756850945101	SH3RF3
chr2	225266784	225266784	cg25313930	0.0031980007619199	0.304338571684709	FAM124B
chr2	242939122	242939122	cg15665941	0.0032735524884906	0.307781726113721	AC131097.3
chr2	129076392	129076392	cg17032602	0.0032895828132544	0.308388785551673	
chr2	107084888	107084888	cg15632825	0.0032928785845634	0.308573876193067	
chr2	235406875	235406875	cg02085794	0.0033039498049127	0.30903972280027	
chr2	82756574	82756574	cg05779458	0.0033153192699679	0.309644184366358	AC010105.1
chr2	5837058	5837058	cg15989068	0.0033520860384951	0.311172966143106	AC010729.1,SOX11
chr2	240323810	240323810	cg08987387	0.0033690908380049	0.311988791675817	AC062017.1
chr2	232283701	232283701	cg09936609	0.0033846954333428	0.312694899904841	
chr2	131966845	131966845	cg19102768	0.0033971586269015	0.312821207294451	PLEKHB2
chr2	232034630	232034630	cg03172765	0.0034050763395679	0.31316386241785	PSMD1
chr2	2754977	2754977	cg18761948	0.0034106051009115	0.313555215489003	
chr2	240405793	240405793	cg14111974	0.0034205743846285	0.313930723362771	
chr2	206421583	206421583	cg21038418	0.0034208766070901	0.313930723362771	PARD3B
chr2	234389141	234389141	cg21640654	0.0034306436148913	0.314286711932209	USP40
chr2	238446518	238446518	cg00745486	0.0034454421528774	0.314709902761261	MLPH
chr2	218841049	218841049	cg09473969	0.0034945248576897	0.316922482002245	TNS1
chr2	157292771	157292771	cg13180038	0.0035205504748334	0.318087839607707	GPD2
chr2	946011	946011	cg14256587	0.0035327208703555	0.318663553002091	
chr2	236964188	236964188	cg01951459	0.003537889343065	0.318706437771416	AGAP1
chr2	100394309	100394309	cg27429106	0.0035385296668753	0.318706437771416	AFF3
chr2	240049338	240049338	cg11785240	0.003542559431674	0.318725044983874	HDAC4
chr2	1286395	1286395	cg00148862	0.0035871967015801	0.320463143769201	SNTG2
chr2	240101505	240101505	cg23598462	0.0035896659490322	0.320546617050439	HDAC4
chr2	242952828	242952828	cg17181966	0.0036284051441685	0.322054952937468	AC131097.3
chr2	219697934	219697934	cg19075252	0.003662501062004	0.323049891638027	
chr2	71685006	71685006	cg24596691	0.0036653609347851	0.32312853544363	DYSF
chr2	237033376	237033376	cg09480515	0.0036836166884427	0.323641117285087	AGAP1
chr2	157292774	157292774	cg14153876	0.003689882036084	0.323758260068728	GPD2
chr2	237035496	237035496	cg02604967	0.0036915316536948	0.323793528315174	AGAP1
chr2	235364441	235364441	cg24549702	0.0037143549268483	0.324849894752183	AC097713.3
chr2	241907644	241907644	cg16138775	0.003726854450755	0.324989571100339	AC104809.3
chr2	100509050	100509050	cg25845203	0.0037232079222047	0.324989571100339	AFF3
chr2	240123850	240123850	cg15933840	0.0037426024987105	0.325742114998733	HDAC4
chr2	47828744	47828744	cg13820434	0.0037433909467683	0.325742861329752	
chr2	100722475	100722475	cg11577355	0.0037501068973616	0.326008683781508	AC092667.2,AFF3
chr2	105051019	105051019	cg17264609	0.003765538083971	0.326818972608754	LINC01102
chr2	217603	217603	cg06762571	0.0038003123624945	0.328399527514252	
chr2	235959557	235959557	cg17432748	0.0038502884520197	0.330351313122168	SH3BP4
chr2	242787324	242787324	cg23899450	0.0038516858141532	0.330352120892136	
chr2	6423498	6423498	cg19719892	0.0038838403071621	0.331303912259294	
chr2	239755703	239755703	cg06738242	0.0039212862065769	0.332755621355738	
chr2	218771427	218771427	cg15160524	0.0039219700970686	0.332755621355738	TNS1
chr2	47270649	47270649	cg15659527	0.0039273378785174	0.332906743067337	TTC7A
chr2	240018408	240018408	cg20216982	0.003940614711057	0.333558321373451	HDAC4
chr2	240212763	240212763	cg27168632	0.0039404409823883	0.333558321373451	HDAC4
chr2	216795948	216795948	cg02177444	0.003969737648705	0.334937442536041	
chr2	219696695	219696695	cg05546878	0.0039755003929332	0.335133679714743	PRKAG3
chr2	84517877	84517877	cg13174084	0.0039886705424658	0.335703301724613	FUNDC2P2
chr2	223288924	223288924	cg03182958	0.003996400818101	0.336021492529749	
chr2	65087288	65087288	cg09296270	0.0040001450782979	0.336021492529749	AC007880.1
chr2	43328267	43328267	cg14706297	0.0040074530479781	0.336259770790053	AC093609.1
chr2	131185333	131185333	cg22864077	0.0040341146822583	0.337100582032295	FAR2P2,KLF2P2
chr2	110098573	110098573	cg01592658	0.0040674425625751	0.338537714489417	SH3RF3
chr2	133426418	133426418	cg17674725	0.0040694205511822	0.33856071342728	LYPD1
chr2	241184106	241184106	cg05019221	0.0040743482627718	0.338680393945728	AC124861.1
chr2	240100522	240100522	cg25424642	0.0040869747559922	0.338695175270233	HDAC4
chr2	239133354	239133354	cg15063150	0.004093243564207	0.338761289353088	AC016757.3
chr2	27665639	27665639	cg20102877	0.0041111311389334	0.339360875894799	KRTCAP3
chr2	163101494	163101494	cg03591467	0.0041170297470607	0.339579345173888	FAP
chr2	135970350	135970350	cg11949175	0.0041490868876012	0.340876946366742	ZRANB3
chr2	99060584	99060584	cg05322822	0.0041541953397309	0.340961561970167	
chr2	149435998	149435998	cg03207246	0.0041601794033013	0.341166489284401	EPC2
chr2	99439534	99439534	cg19043574	0.0041728650489966	0.341822216850414	KIAA1211L
chr2	220379833	220379833	cg20402664	0.004175531536753	0.34186916229552	AC053503.11,ASIC4
chr2	41394688	41394688	cg03325330	0.0041940240161132	0.342346943368827	
chr2	1569214	1569214	cg12573674	0.0042014682085428	0.3426532561987	AC144450.1
chr2	66298198	66298198	cg17612681	0.0042523316100115	0.344656438387619	AC074391.1
chr2	74710619	74710619	cg07654559	0.0042548171289454	0.344816026802062	TTC31
chr2	236847057	236847057	cg04413180	0.0042717767871841	0.345486616498901	AGAP1
chr2	234881299	234881299	cg02527198	0.004284099626177	0.345913922396875	TRPM8
chr2	236586711	236586711	cg18008467	0.0043048145861399	0.34681552513088	AGAP1
chr2	223176684	223176684	cg09643136	0.0043096945647638	0.346974439798092	
chr2	229173194	229173194	cg19240090	0.004333468567373	0.348016436358457	
chr2	95692425	95692425	cg22762844	0.0043674926884812	0.34930491499735	AC103563.8,MAL
chr2	27239739	27239739	cg06350345	0.0043683753026765	0.349311940100813	MAPRE3
chr2	68880715	68880715	cg15983109	0.0043705465760271	0.349334931013316	PROKR1
chr2	242923643	242923643	cg24056418	0.0043764221356589	0.34958138792466	AC131097.3
chr2	218858971	218858971	cg11823034	0.0043934640954739	0.350175143144019	TNS1
chr2	210636534	210636534	cg09438147	0.0043988253286975	0.350502128017495	
chr2	241717598	241717598	cg24924930	0.0044176763064968	0.351300516598144	KIF1A
chr2	87140807	87140807	cg02699432	0.004466615495662	0.352920674656181	ANAPC1P1,RGPD1
chr2	220379635	220379635	cg03904220	0.0044711616374725	0.353006401212092	AC053503.11,ASIC4
chr2	186603639	186603639	cg24766821	0.004478485000955	0.353287754253038	AC007966.1,FSIP2
chr2	100863359	100863359	cg04611493	0.0045061211575841	0.353972160079168	LINC01104
chr2	182547599	182547599	cg04299439	0.0045269969376407	0.354437662343601	
chr2	236656907	236656907	cg13089906	0.004581262734075	0.356669876534503	AGAP1
chr2	107459661	107459661	cg20513447	0.0046104685978755	0.357769516996299	ST6GAL2
chr2	180128491	180128491	cg19524624	0.0046376058031634	0.358365319298952	SESTD1
chr2	238165918	238165918	cg00620628	0.0046483895580256	0.358643732163701	AC112715.2
chr2	239070905	239070905	cg19275757	0.004651093223342	0.358700395894829	FAM132B
chr2	158355908	158355908	cg12311733	0.0046715492102255	0.359155449705578	
chr2	46466	46466	cg14255256	0.0046718293639255	0.359155449705578	FAM110C
chr2	132202532	132202532	cg21673175	0.0046799025979927	0.359458344326556	
chr2	242878672	242878672	cg19506677	0.0046927892300593	0.359959019219549	AC131097.3
chr2	239971555	239971555	cg26641275	0.0046924036985885	0.359959019219549	HDAC4
chr2	106438121	106438121	cg00705730	0.0047034569935171	0.360260735164553	NCK2
chr2	105363537	105363537	cg18703066	0.0047097699228928	0.36034674327243	LINC01114
chr2	66798150	66798150	cg00809338	0.0047166936059864	0.36048033307707	MEIS1
chr2	115919786	115919786	cg04075191	0.0047264083659993	0.360840674679068	DPP10
chr2	164592855	164592855	cg00490655	0.0047302018052775	0.360925747512074	
chr2	27665129	27665129	cg24768116	0.0047486871648342	0.361494315368805	
chr2	3262407	3262407	cg27665397	0.0047562243903339	0.361728531850946	TSSC1
chr2	44327638	44327638	cg02059176	0.0047650407487676	0.362023964798025	
chr2	130971343	130971343	cg26279070	0.004807161416857	0.36361623156877	
chr2	223168862	223168862	cg08506931	0.0048080270572927	0.363648781797998	CCDC140
chr2	3507929	3507929	cg01109252	0.0048143620943384	0.36386515390821	ADI1
chr2	236441769	236441769	cg09726703	0.004821210313578	0.364019680449651	AGAP1
chr2	127821711	127821711	cg05842548	0.0048291221828403	0.364252785206367	BIN1
chr2	466827	466827	cg00270141	0.0048490381567848	0.365067026508783	
chr2	236720980	236720980	cg04920575	0.0048900208578692	0.366170337407825	AGAP1
chr2	106015740	106015740	cg06639320	0.0049215508791126	0.367214687753469	FHL2
chr2	203640234	203640234	cg24512794	0.0049431049244479	0.368099601814565	
chr2	17996994	17996994	cg22762189	0.0049663615853502	0.369139921029808	
chr2	14772734	14772734	cg05446424	0.0049697135236009	0.369159653660376	
chr2	240848062	240848062	cg00490052	0.0049879488934684	0.369622227902568	NDUFA10
chr2	92261660	92261660	cg08377526	0.0050481902717	0.37161851427839	
chr2	132301086	132301086	cg14526688	0.0050916439256138	0.372845981128659	
chr2	681321	681321	cg20966539	0.0051071859628545	0.373265954239465	AC092159.2
chr2	8675599	8675599	cg22489510	0.0051197270537763	0.373765662612012	
chr2	14772565	14772565	cg07622996	0.00512397474525	0.373877371782241	
chr2	121334614	121334614	cg13274077	0.0051310331363576	0.374123389652753	
chr2	131185585	131185585	cg08549661	0.0051402777263333	0.374416701044222	FAR2P2,KLF2P2
chr2	132234135	132234135	cg06694869	0.0051853286494218	0.376171547183524	MZT2A,TUBA3D
chr2	218679706	218679706	cg15827508	0.0052032212132252	0.376527695580114	TNS1
chr2	47133191	47133191	cg17132535	0.0052094727404024	0.376645136440689	AC016722.4,MCFD2
chr2	240112315	240112315	cg20189682	0.0052145693070798	0.376672881134532	HDAC4
chr2	217956681	217956681	cg24530218	0.0052150130480524	0.376672881134532	
chr2	101666942	101666942	cg23807215	0.0052421705107593	0.377580009333947	TBC1D8
chr2	3321998	3321998	cg14166832	0.0052432357496142	0.377591622508472	TSSC1
chr2	77962212	77962212	cg00436996	0.0052598707480172	0.377925598061538	
chr2	232395300	232395300	cg13312387	0.0052678777520219	0.378095034729583	
chr2	15830904	15830904	cg06757994	0.0053514020888636	0.380829339597067	
chr2	239860241	239860241	cg21749951	0.005352954109561	0.380873271535255	
chr2	98354292	98354292	cg20076826	0.0053625016224209	0.381232118704428	ZAP70
chr2	242212477	242212477	cg03818992	0.0053655032486201	0.381334176519723	HDLBP
chr2	91936984	91936984	cg05354971	0.005391483262971	0.382237540466877	AC027612.1,AC027612.4
chr2	240039617	240039617	cg14550559	0.0054062890983411	0.382804259391309	HDAC4
chr2	73053340	73053340	cg04550697	0.005432844024873	0.383639614914143	
chr2	131721099	131721099	cg26820055	0.0054338212152496	0.383654528671537	ARHGEF4
chr2	105471348	105471348	cg18524739	0.0054945036788531	0.385482351837074	RP11-13J10.1
chr2	218741791	218741791	cg20881175	0.0054949326238018	0.385482351837074	TNS1
chr2	38604443	38604443	cg14036868	0.00553345450956	0.38653935788192	
chr2	239925720	239925720	cg00306378	0.0055786698701024	0.387839194745916	
chr2	207139132	207139132	cg20241256	0.0055901315854239	0.388033650168114	
chr2	240280258	240280258	cg15637254	0.005630984968265	0.389146261831345	HDAC4
chr2	92262806	92262806	cg05269440	0.00565450838496	0.389867059060548	
chr2	236674257	236674257	cg22029015	0.0056691942070475	0.390135589595154	AGAP1
chr2	56152003	56152003	cg25412594	0.0056829585427806	0.390733383058426	
chr2	241290896	241290896	cg04003871	0.0057009734954278	0.391195195187203	
chr2	238107402	238107402	cg09326079	0.0057031270391998	0.391195195187203	
chr2	242938683	242938683	cg14033193	0.0057018057558045	0.391195195187203	AC131097.3
chr2	91777483	91777483	cg22509113	0.0057554555649944	0.392725930872936	
chr2	392811	392811	cg20900008	0.0058632509669113	0.395484977457553	AC105393.1
chr2	47100912	47100912	cg17411016	0.0058681131928588	0.395551455690411	
chr2	235914788	235914788	cg01881549	0.0059463956181109	0.397990888111864	SH3BP4
chr2	28971087	28971087	cg15717377	0.005993151864869	0.399396147215721	
chr2	219208895	219208895	cg19516374	0.0060104486797923	0.400109375681956	AC021016.8,PNKD
chr2	242890301	242890301	cg06042588	0.0060511400563539	0.401201125900953	AC131097.3
chr2	225775143	225775143	cg15930703	0.0060934333473068	0.402808877824885	DOCK10
chr2	236760254	236760254	cg00585213	0.0060959014352146	0.402908265332782	AGAP1
chr2	1886105	1886105	cg09927251	0.0061129026620298	0.403343378594812	MYT1L
chr2	217729409	217729409	cg18789177	0.0061221099457798	0.403491240540113	AC007563.5
chr2	84851628	84851628	cg23416937	0.0061286316228595	0.403735193506392	DNAH6
chr2	27327653	27327653	cg15001567	0.0061368904278158	0.404188675837227	CGREF1
chr2	124782885	124782885	cg11344566	0.0061574412438476	0.404628159953049	CNTNAP5
chr2	10865268	10865268	cg16915916	0.0061564220317858	0.404628159953049	ATP6V1C2
chr2	133014805	133014805	cg11552072	0.0061609271269767	0.404661576831684	ANKRD30BL
chr2	92028367	92028367	cg16798844	0.0061673892712995	0.404868155054834	
chr2	7164586	7164586	cg20995753	0.0061736899082916	0.404914928009524	RNF144A
chr2	5831214	5831214	cg07065111	0.0061789511372141	0.405167102023229	AC107057.2,AC108025.2
chr2	108904503	108904503	cg17287107	0.0061953395726122	0.405502280038503	
chr2	217724866	217724866	cg24545125	0.0061941962365416	0.405502280038503	AC007563.5
chr2	218873171	218873171	cg01473038	0.0062090170002798	0.405992609873206	
chr2	115919010	115919010	cg21678377	0.0062295936983496	0.406629208170429	DPP10
chr2	218809255	218809255	cg18752854	0.0062376392970838	0.406900022658294	TNS1
chr2	71754493	71754493	cg14689456	0.0062399819399907	0.406934946981321	DYSF
chr2	109882935	109882935	cg26980529	0.0062687126757437	0.407590253952893	SH3RF3
chr2	241907048	241907048	cg12525096	0.0062741962193655	0.407724651307375	AC104809.3
chr2	225874509	225874509	cg05629278	0.0062989158094633	0.408741351334756	DOCK10
chr2	65086823	65086823	cg14599998	0.0063592731340095	0.410063406796608	AC007880.1
chr2	242988095	242988095	cg05760424	0.0063696458034907	0.410259349169569	AC131097.3
chr2	71693778	71693778	cg18610958	0.006467545013407	0.412807545105332	DYSF
chr2	242904738	242904738	cg18948877	0.0064799120738034	0.413210171489392	AC131097.3
chr2	219254589	219254589	cg00634542	0.0064840624922205	0.413324473130583	SLC11A1
chr2	236760371	236760371	cg07611816	0.0064939366787899	0.413605159456608	AGAP1
chr2	1425205	1425205	cg06972972	0.0065051517650973	0.413879257472691	TPO
chr2	241458886	241458886	cg05371791	0.0065070332431372	0.413891744316539	ANKMY1
chr2	133011850	133011850	cg10552189	0.0065155053355583	0.4140636203971	ANKRD30BL
chr2	27371538	27371538	cg07159587	0.0065242227087201	0.414368909536457	
chr2	2009129	2009129	cg12254179	0.0065290289096873	0.414543343718766	MYT1L
chr2	468330	468330	cg20754261	0.0065541507774316	0.415162811005928	
chr2	95522896	95522896	cg23363202	0.0065613792246173	0.415463170498409	ANKRD20A8P
chr2	240868431	240868431	cg14113035	0.0065749786528401	0.415937422338286	NDUFA10
chr2	14774903	14774903	cg13021841	0.0065856337447463	0.416290525166064	FAM84A
chr2	10972716	10972716	cg10485612	0.0066511717765998	0.418308355678027	PDIA6
chr2	129076335	129076335	cg17977173	0.0066695882480972	0.41873667584866	
chr2	145747877	145747877	cg27635453	0.0066851292727055	0.419228347000535	TEX41
chr2	198029332	198029332	cg07683388	0.006691766100092	0.419384047355917	ANKRD44
chr2	2754830	2754830	cg09761959	0.0067214199476101	0.420014026308983	
chr2	110372875	110372875	cg17866732	0.0067211419096149	0.420014026308983	SOWAHC
chr2	106681945	106681945	cg21838979	0.006715698904908	0.420014026308983	C2orf40
chr2	118593478	118593478	cg02256105	0.0067423221810339	0.420474412125828	AC009404.2
chr2	218723350	218723350	cg09859492	0.0067477989465531	0.420561677909311	TNS1
chr2	240121941	240121941	cg21827163	0.0067754841746158	0.421312378219586	HDAC4
chr2	100290347	100290347	cg10208368	0.0067952881691875	0.421727393147976	AFF3
chr2	60753602	60753602	cg08426369	0.0067987404126255	0.421827909496183	BCL11A
chr2	74647580	74647580	cg13010785	0.0068100821629577	0.422059888393568	C2orf81
chr2	127426516	127426516	cg15575914	0.0068124474300003	0.422114037931249	GYPC
chr2	239023673	239023673	cg06375525	0.0068468927798332	0.422932334819588	ESPNL
chr2	241290876	241290876	cg18542688	0.0068536585059001	0.422980337995279	
chr2	65092614	65092614	cg25518016	0.0068511690044513	0.422980337995279	
chr2	115420215	115420215	cg24723140	0.0068665274333123	0.423111196287956	DPP10
chr2	78182351	78182351	cg15982535	0.0068820127453124	0.423503095035188	
chr2	139538223	139538223	cg00593536	0.0068929266096365	0.423933849248219	
chr2	242212141	242212141	cg21155796	0.0069290772554293	0.424951714764699	HDLBP
chr2	100217961	100217961	cg19542849	0.0069332299684528	0.425026788850541	AFF3
chr2	235962929	235962929	cg05361673	0.0069392516879379	0.425208717051233	SH3BP4
chr2	92031904	92031904	cg27301256	0.0069502621392298	0.425534325412906	
chr2	107084911	107084911	cg07565404	0.0069678505316567	0.426117215961361	
chr2	88649908	88649908	cg06797617	0.0069725123282883	0.426264108744075	
chr2	865075	865075	cg16956133	0.0070367644917644	0.427895351054364	
chr2	95691256	95691256	cg04804539	0.0070766723360465	0.429190364168181	AC103563.8
chr2	240269585	240269585	cg00495035	0.0070811086847225	0.429334742806751	HDAC4
chr2	71693793	71693793	cg15155463	0.0071832451711409	0.432513784892364	DYSF
chr2	776944	776944	cg20268994	0.0072044609303018	0.433107914156504	
chr2	240531508	240531508	cg17249452	0.0072546269706583	0.434600398698041	
chr2	40740063	40740063	cg02870829	0.0072622110779074	0.43465445726903	SLC8A1
chr2	223163033	223163033	cg23546474	0.007259167484181	0.43465445726903	CCDC140,PAX3
chr2	201465663	201465663	cg14707353	0.0072824723320347	0.435194795185724	AOX1
chr2	72360244	72360244	cg15052330	0.0072947647468799	0.435536338578757	CYP26B1
chr2	96065269	96065269	cg10483333	0.0073054249634814	0.435860440262799	
chr2	17998338	17998338	cg03445173	0.0073641307909412	0.437280735414643	MSGN1
chr2	107502802	107502802	cg06906472	0.0073533153458988	0.437280735414643	ST6GAL2
chr2	132202485	132202485	cg22656550	0.0073615476141505	0.437280735414643	
chr2	229046515	229046515	cg10959353	0.0073797986599045	0.437665777080854	
chr2	132233957	132233957	cg16864938	0.0074239827628972	0.438568854859808	MZT2A,TUBA3D
chr2	106509529	106509529	cg02067350	0.0074304258730772	0.43863191458944	NCK2
chr2	86095321	86095321	cg09427374	0.0074473178984764	0.438942712892892	ST3GAL5
chr2	219249919	219249919	cg11378979	0.0074531839436247	0.439113906743885	SLC11A1
chr2	218755486	218755486	cg12731010	0.0074630844362116	0.439325396224075	TNS1
chr2	84686331	84686331	cg06700871	0.0074724319731784	0.439525078746899	SUCLG1
chr2	238446774	238446774	cg24827071	0.0074727902633337	0.439525078746899	MLPH
chr2	131513927	131513927	cg23606718	0.0074832135642302	0.439793714646819	AMER3
chr2	1895909	1895909	cg23338753	0.0075126720572934	0.440660785506912	MYT1L
chr2	239948617	239948617	cg14502659	0.0075537440896219	0.441875748675338	
chr2	108443297	108443297	cg03131159	0.0075789425753391	0.442647229288928	RGPD4-AS1
chr2	172014862	172014862	cg24772525	0.007593718015206	0.442948102629887	TLK1
chr2	105472193	105472193	cg05506365	0.0076089579349064	0.443165699359587	POU3F3,RP11-13J10.1
chr2	10723505	10723505	cg04571418	0.0076298183045341	0.443605238617781	NOL10
chr2	236784056	236784056	cg01092633	0.0076552529569375	0.443959660317637	AGAP1
chr2	26621208	26621208	cg17051628	0.007659533049291	0.444047570416846	
chr2	239509140	239509140	cg10980911	0.0076720989164642	0.44416581882617	
chr2	242945114	242945114	cg05705140	0.0077172806752484	0.445129097402974	AC131097.3
chr2	230656908	230656908	cg04707703	0.0077405059874432	0.445628941874782	TRIP12
chr2	113606338	113606338	cg12599569	0.007759546990995	0.446116758891814	
chr2	157292861	157292861	cg01241758	0.0077652092291155	0.446187118826038	GPD2
chr2	241460664	241460664	cg23831630	0.007778640807325	0.446548666967129	ANKMY1
chr2	32224140	32224140	cg17568131	0.0077906870772822	0.446828120747528	DPY30,MEMO1
chr2	235943659	235943659	cg16701523	0.0078351696186255	0.447728032041424	SH3BP4
chr2	236444021	236444021	cg06715167	0.0078971566134515	0.449086406317595	AGAP1
chr2	132233770	132233770	cg25828381	0.0079333110437343	0.450192363280248	MZT2A,TUBA3D
chr2	236292871	236292871	cg16924818	0.0079413887772053	0.45043656357748	
chr2	242887160	242887160	cg07329968	0.0079606725921331	0.450887443621984	AC131097.3
chr2	95613015	95613015	cg05825722	0.007982118954516	0.451469957998	AC097374.2
chr2	115420260	115420260	cg21887373	0.0079902904798631	0.451593334558794	DPP10
chr2	5836182	5836182	cg26659079	0.0079921673647162	0.451593334558794	SOX11
chr2	100516881	100516881	cg14793844	0.008003031975289	0.451815660598273	AFF3
chr2	217578651	217578651	cg27306680	0.008007623489819	0.451902789746833	AC007563.5
chr2	177053293	177053293	cg05099387	0.0080188584326936	0.451985426359404	HOXD-AS1
chr2	5836231	5836231	cg18897632	0.008024275951799	0.451985426359404	SOX11
chr2	219737393	219737393	cg06795233	0.008036297529767	0.452379650446873	WNT6
chr2	17997780	17997780	cg03299740	0.0080507557574521	0.452743413585223	MSGN1
chr2	1276773	1276773	cg08147523	0.0080525113540089	0.452768920709858	SNTG2
chr2	27342325	27342325	cg05062694	0.0080590856766104	0.452915379173592	
chr2	1595819	1595819	cg05854217	0.0080610298051726	0.452915379173592	AC144450.1
chr2	182303207	182303207	cg18767846	0.0081345773693139	0.454938370175622	
chr2	241900854	241900854	cg20991296	0.0081621694210834	0.45556652087714	AC104809.3,AC104809.4
chr2	121090151	121090151	cg20462191	0.0081815299755938	0.455764031863944	
chr2	239709313	239709313	cg25230902	0.0082455624953997	0.457315703584051	
chr2	3184399	3184399	cg03488097	0.0082753539185367	0.458027927141305	
chr2	105697777	105697777	cg12935350	0.0082938725758266	0.458354426379903	MRPS9
chr2	241612069	241612069	cg23290121	0.0084436555399512	0.461880289042441	
chr2	105462313	105462313	cg21188710	0.008478638433498	0.462779739122204	LINC01158
chr2	71693888	71693888	cg11027058	0.0085060816171956	0.463004975176487	DYSF
chr2	242868250	242868250	cg15120161	0.0085547146999194	0.463856433463184	AC131097.3
chr2	3063211	3063211	cg02115559	0.0085631603776743	0.46415068576115	AC019118.2
chr2	235951454	235951454	cg17358307	0.0086090125729797	0.465487697540661	SH3BP4
chr2	105480255	105480255	cg07214164	0.0086705817698055	0.467160100216145	RP11-13J10.1
chr2	73053331	73053331	cg10453977	0.0086736122249339	0.467167601832435	
chr2	239970153	239970153	cg08781549	0.0086787039121866	0.46733192726196	HDAC4
chr2	8978225	8978225	cg16333269	0.0086934630872842	0.4676901747216	
chr2	240020174	240020174	cg17156828	0.0088365234715782	0.470615010716721	HDAC4
chr2	503745	503745	cg27430369	0.0088581141822763	0.470997280689005	
chr2	25135609	25135609	cg04586622	0.0088742313730974	0.471524116465458	ADCY3
chr2	209225184	209225184	cg26301283	0.0088737783850459	0.471524116465458	PTH2R
chr2	52856918	52856918	cg08031810	0.0089337745227948	0.472973126193372	FTH1P6
chr2	208688775	208688775	cg22329743	0.0089954778896159	0.474279723789931	
chr2	129548448	129548448	cg21247338	0.0090061161194042	0.474418625634826	
chr2	162838364	162838364	cg06581825	0.0090082293911546	0.474431555385	SLC4A10
chr2	219575248	219575248	cg26268842	0.009044210715045	0.47544588717231	
chr2	72079498	72079498	cg25705148	0.0090495623214692	0.475460156202341	
chr2	173061858	173061858	cg16444607	0.0090547180637046	0.475547388776091	
chr2	231822092	231822092	cg01012669	0.0090689073564827	0.475710119654269	GPR55
chr2	220083503	220083503	cg27486695	0.0090773975206491	0.475884140811456	ABCB6,ATG9A
chr2	222021114	222021114	cg02827340	0.0090793910524114	0.475920221092728	
chr2	312160	312160	cg07200122	0.0090859986318691	0.476024272254566	AC079779.5
chr2	27665544	27665544	cg11618577	0.0090915485550795	0.476046338388558	KRTCAP3
chr2	217603485	217603485	cg22971939	0.0090895172878063	0.476046338388558	AC007563.5
chr2	236579781	236579781	cg12436738	0.0091114857803292	0.476377855319505	AGAP1
chr2	27662670	27662670	cg20888435	0.0091153728017455	0.47641867479646	NRBP1
chr2	145147351	145147351	cg00025331	0.0091392989793089	0.476962125666348	ZEB2
chr2	218712738	218712738	cg08564340	0.0091548228298394	0.477354782264173	TNS1
chr2	179275173	179275173	cg19648023	0.0092230514703562	0.479147848196357	
chr2	164592852	164592852	cg10903451	0.0092359021910496	0.479578636143101	
chr2	1886086	1886086	cg01743020	0.0092750527896607	0.480329717325832	MYT1L
chr2	240040090	240040090	cg08042027	0.0093182479035245	0.481128635954254	HDAC4
chr2	242165248	242165248	cg19905504	0.0093658816017693	0.482100805791884	
chr2	1425561	1425561	cg26277787	0.0093646100126738	0.482100805791884	TPO
chr2	43372366	43372366	cg01941027	0.0093827130719149	0.482580627369651	
chr2	236417627	236417627	cg17125141	0.009421420270648	0.483559199875419	AGAP1
chr2	40342248	40342248	cg08245249	0.009463728848712	0.484481047123169	SLC8A1,SLC8A1-AS1
chr2	241451568	241451568	cg17974674	0.009511897603548	0.485545774138501	ANKMY1
chr2	1748132	1748132	cg25181651	0.0095188561430558	0.485554966513748	PXDN
chr2	240080328	240080328	cg27433031	0.009521040941091	0.48559924629849	HDAC4
chr2	10916368	10916368	cg26301562	0.009560625557898	0.486697014917948	ATP6V1C2
chr2	218691530	218691530	cg06466796	0.0095853114406809	0.487174401755315	TNS1
chr2	133343150	133343150	cg08104981	0.0096820116388169	0.489653758975972	GPR39
chr2	129659420	129659420	cg12948059	0.0096782094859727	0.489653758975972	
chr2	134935506	134935506	cg00939727	0.0097763183010791	0.491692214063509	MGAT5
chr2	100588045	100588045	cg12126990	0.0097825454241028	0.491760988152273	AFF3
chr2	107502794	107502794	cg14209299	0.0097966115664525	0.492023963849799	ST6GAL2
chr2	177356020	177356020	cg07484739	0.0098376060677891	0.492797968615499	
chr2	109892198	109892198	cg25887811	0.0098373427784783	0.492797968615499	SH3RF3
chr2	240612343	240612343	cg04466963	0.0098512215952229	0.492937197670595	
chr2	237033583	237033583	cg14903799	0.0099052598796083	0.493905647849117	AGAP1
chr2	3128823	3128823	cg07217341	0.0099196285880931	0.49428251470744	AC019118.2
chr2	218717561	218717561	cg12568756	0.0099381099143693	0.494564899634313	TNS1
chr2	159313876	159313876	cg13896783	0.0099507841201715	0.494799186524057	PKP4
chr2	30142742	30142742	cg10179251	0.0100392853034821	0.496697053387257	ALK
chr2	238395853	238395853	cg24603464	0.0100442767730405	0.496697053387257	MLPH
chr2	110002942	110002942	cg25391948	0.0100778446689591	0.497348551417151	SH3RF3
chr2	121427740	121427740	cg00066919	0.0100921236142985	0.497464684220012	
chr2	236671717	236671717	cg04097388	0.0101192172814954	0.497987099694369	AGAP1
chr2	109747264	109747264	cg08390901	0.0101824468049999	0.499067275460214	SH3RF3
chr2	220435003	220435003	cg08201311	0.0102114182850046	0.4994928736165	INHA,OBSL1
chr2	85819615	85819615	cg08755026	0.010221390581485	0.499493055319735	VAMP5
chr2	55450823	55450823	cg11652636	0.0102429051368318	0.499813892364689	CLHC1
chr2	109999384	109999384	cg26202964	0.0102433170941926	0.499813892364689	SH3RF3
chr20	61338260	61338260	cg00238427	1.57611361165465e-05	0.054171566000017	
chr20	62191548	62191548	cg17867823	8.85204029680503e-06	0.054171566000017	HELZ2
chr20	45170495	45170495	cg24550212	1.25519290353996e-05	0.054171566000017	OCSTAMP
chr20	62196641	62196641	cg07269819	2.32785686475662e-05	0.0543206248802127	HELZ2
chr20	54824316	54824316	cg01263854	3.31972730166504e-05	0.0543707177967035	MC3R
chr20	49626162	49626162	cg24276346	2.92522207470108e-05	0.0543707177967035	KCNG1,RP5-955M13.4
chr20	33585189	33585189	cg11092487	5.13175760410492e-05	0.0575318458703748	MYH7B
chr20	62120545	62120545	cg00852921	6.24762508778197e-05	0.0595530723273388	EEF1A2
chr20	33680946	33680946	cg11277126	6.63532855795848e-05	0.0600763523480615	
chr20	50007778	50007778	cg24162051	6.74060667483051e-05	0.0603134549055003	NFATC2
chr20	45169841	45169841	cg00214504	7.61751417662227e-05	0.0622802389290526	OCSTAMP
chr20	62190523	62190523	cg03842063	0.0001006872603137	0.0679820637186055	HELZ2
chr20	59827213	59827213	cg18092028	0.000132921226918	0.0741600011648336	
chr20	62403096	62403096	cg23753201	0.0001434320575656	0.0759603510451277	ZBTB46
chr20	60889184	60889184	cg17048240	0.0001519612626613	0.0774131073614129	LAMA5
chr20	9460935	9460935	cg18870258	0.0001838491226962	0.0834689005561165	PLCB4
chr20	54580071	54580071	cg20779964	0.0002095082710357	0.0885269410259147	CBLN4
chr20	62796178	62796178	cg01555764	0.0002551114672079	0.096300717039019	MYT1
chr20	42697667	42697667	cg16970323	0.000294489381672	0.102348735721469	TOX2
chr20	62398989	62398989	cg24936179	0.000299120946152	0.10325531457472	ZBTB46
chr20	62195106	62195106	cg00734018	0.0003006238084593	0.10360285204948	HELZ2
chr20	50140012	50140012	cg06657217	0.000324145839836	0.106816285317425	NFATC2
chr20	61314643	61314643	cg02988117	0.000356449273967	0.111943028492825	SLCO4A1
chr20	60905923	60905923	cg01847620	0.00036329539476	0.112683720266135	LAMA5
chr20	60555591	60555591	cg07342845	0.0003641333433859	0.112683720266135	TAF4
chr20	49620680	49620680	cg19478343	0.0003657818299482	0.112842214977277	KCNG1,RP5-955M13.4
chr20	62195616	62195616	cg08533242	0.0003912256990015	0.115868999726369	HELZ2
chr20	49626862	49626862	cg02600973	0.0004202876561764	0.119375206562574	KCNG1
chr20	58478713	58478713	cg09841666	0.000437561252229	0.121433761071653	SYCP2
chr20	61314827	61314827	cg10264692	0.0004390336323059	0.12167306115978	SLCO4A1
chr20	58151914	58151914	cg00197728	0.0004731984170511	0.125417702603386	
chr20	50385761	50385761	cg22048683	0.0004896012913624	0.127374708555166	
chr20	60889059	60889059	cg15344716	0.0005008338475258	0.128496529779253	LAMA5
chr20	59827196	59827196	cg08290240	0.0005163682753477	0.130241736609413	
chr20	58154488	58154488	cg18494188	0.00056694556614	0.136369589798067	PHACTR3
chr20	42788303	42788303	cg09753064	0.0006195148067553	0.141297440809317	JPH2
chr20	61468123	61468123	cg08021508	0.0006214431326505	0.14141580917864	COL9A3
chr20	58294866	58294866	cg26132363	0.0006578762560213	0.145408628540625	PHACTR3
chr20	62675267	62675267	cg00632560	0.0006589119391242	0.145433527437746	ZNF512B
chr20	62401365	62401365	cg11017923	0.0006883122072564	0.148578799574217	ZBTB46
chr20	45282877	45282877	cg16131972	0.0007359563198452	0.152820973088335	SLC13A3
chr20	19738590	19738590	cg06118126	0.000748071676501	0.154175237088736	AL121761.2,RP1-122P22.2
chr20	62119493	62119493	cg26186239	0.000779187120193	0.156680356214681	EEF1A2
chr20	49621299	49621299	cg04524933	0.0007847789501837	0.1570706377264	KCNG1,RP5-955M13.4
chr20	61697217	61697217	cg26190686	0.0008274491413131	0.161351423663714	RP11-305P22.9
chr20	61426880	61426880	cg06060853	0.0008455408671689	0.163068277668652	
chr20	62197219	62197219	cg00599914	0.0008704410457495	0.165410331699723	HELZ2
chr20	57331561	57331561	cg20396299	0.0009480550084229	0.171990166603686	PIEZO1P2,RP4-806M20.5
chr20	58295997	58295997	cg00589161	0.001006210952146	0.177408709991145	PHACTR3
chr20	62406429	62406429	cg14251267	0.0010353272339682	0.179689492177972	ZBTB46
chr20	39995650	39995650	cg08463758	0.0010437478594372	0.180096903689375	
chr20	62328427	62328427	cg16702083	0.0010640669666952	0.18192670451005	RTEL1-TNFRSF6B,TNFRSF6B
chr20	50156843	50156843	cg25840780	0.0011088648427124	0.185152280454935	NFATC2
chr20	62196388	62196388	cg07957088	0.0011217131191409	0.186477607002834	HELZ2
chr20	57267681	57267681	cg27274542	0.0011589643139361	0.189699810493615	NPEPL1,STX16-NPEPL1
chr20	47834056	47834056	cg00183639	0.0012342240724746	0.194682534048237	
chr20	6514845	6514845	cg02480675	0.0012609791710364	0.196564510920962	
chr20	22401404	22401404	cg01315919	0.0012959916160696	0.198977706355923	
chr20	49640589	49640589	cg21313071	0.0013653983726745	0.203881332883532	
chr20	50110834	50110834	cg18740175	0.0013956147305719	0.20620096567683	NFATC2
chr20	50385285	50385285	cg05264764	0.0014904772994968	0.212911419902508	
chr20	43744673	43744673	cg09659400	0.0015188752546863	0.21450704645482	
chr20	50140612	50140612	cg22037687	0.001620341229668	0.220454549575355	NFATC2
chr20	62198014	62198014	cg13648651	0.0016506475770926	0.221440190953297	HELZ2
chr20	55964460	55964460	cg24751928	0.0016496079452516	0.221440190953297	RP4-800J21.3
chr20	61472148	61472148	cg06598544	0.0017190076469603	0.226367599539925	COL9A3
chr20	56805152	56805152	cg08111737	0.0018643860853442	0.235443637438909	
chr20	50140423	50140423	cg04288049	0.0018659167194321	0.235565711588169	NFATC2
chr20	44515975	44515975	cg18422795	0.0019036479353845	0.238059744009026	SPATA25
chr20	61426716	61426716	cg26635845	0.0020823985337893	0.248760477010987	
chr20	30176106	30176106	cg08340755	0.0021760178838618	0.253952048576865	
chr20	60348408	60348408	cg01822460	0.0022072927145006	0.255114694861809	CDH4
chr20	61467587	61467587	cg21722418	0.0023127940669057	0.261303947884525	COL9A3
chr20	62200850	62200850	cg23957118	0.0025021507761477	0.271228821931268	HELZ2
chr20	30262899	30262899	cg15488794	0.0025533225984207	0.273362569753607	BCL2L1
chr20	60954839	60954839	cg09663133	0.0026008735349796	0.275248455469926	
chr20	16556980	16556980	cg23576941	0.0028638905785633	0.287854416414463	
chr20	50108579	50108579	cg24351262	0.002885597382272	0.288853409293388	NFATC2
chr20	259926	259926	cg06524264	0.002897498818656	0.289325266332292	C20orf96
chr20	58304601	58304601	cg23600944	0.0029268282548785	0.290967062548005	PHACTR3
chr20	45192184	45192184	cg12760968	0.00301737639141	0.295880767501962	SLC13A3
chr20	60975158	60975158	cg11087660	0.0030221719160616	0.295945432034218	CABLES2
chr20	58184279	58184279	cg11969493	0.0030206691258527	0.295945432034218	PHACTR3
chr20	58149140	58149140	cg26281310	0.0030596828223629	0.297795581736995	
chr20	56247302	56247302	cg26681770	0.003104474113498	0.300300713071947	PMEPA1
chr20	61713598	61713598	cg02969038	0.0033359971286796	0.310518785611056	RP11-305P22.9
chr20	58179244	58179244	cg16124719	0.0034780097068895	0.316073103870299	PHACTR3
chr20	56286441	56286441	cg08082355	0.003496198777222	0.316974364911474	PMEPA1
chr20	58179246	58179246	cg00938743	0.0035307323664853	0.318582387182462	PHACTR3
chr20	62126254	62126254	cg26806791	0.0036035651854395	0.321236874741736	EEF1A2
chr20	61447181	61447181	cg10760339	0.0036706125043368	0.323350653822407	
chr20	36756962	36756962	cg15626003	0.0037153622635391	0.324860481007094	TGM2
chr20	47013687	47013687	cg07019386	0.0037429935907914	0.325742215638485	
chr20	62398411	62398411	cg01839742	0.0038396864797972	0.329932572160836	ZBTB46
chr20	60521292	60521292	cg13770153	0.003913809237575	0.332536053501831	
chr20	44838777	44838777	cg00200803	0.0039546256286279	0.334255615521163	CDH22
chr20	61315444	61315444	cg18424841	0.0040905911797634	0.338761289353088	SLCO4A1
chr20	45523295	45523295	cg12041848	0.0041798481403229	0.341950815912839	EYA2
chr20	61315831	61315831	cg00991659	0.0042120447750832	0.342973956219597	SLCO4A1
chr20	62131189	62131189	cg23851167	0.0042456464849449	0.344381316340935	
chr20	17660839	17660839	cg05955436	0.0044539571549596	0.352708313998227	RRBP1
chr20	49626842	49626842	cg10187707	0.0046312378054942	0.358365319298952	KCNG1
chr20	46323482	46323482	cg13551706	0.0046466351261678	0.358643732163701	SULF2
chr20	44516350	44516350	cg15741930	0.0050467285202058	0.371543649496646	
chr20	29551622	29551622	cg00157199	0.0050624448937023	0.372012213285691	
chr20	61919186	61919186	cg13690179	0.0050905176962388	0.372828873398022	ARFGAP1
chr20	61193998	61193998	cg22749859	0.0051141532848136	0.373577359754102	
chr20	25448861	25448861	cg26101502	0.00513216388406	0.374173177909123	NINL
chr20	52210476	52210476	cg03668558	0.0052207669392248	0.376778417404994	ZNF217
chr20	50419193	50419193	cg18900591	0.005308513072861	0.37949861137923	
chr20	58508076	58508076	cg21950459	0.0054216277568344	0.383236129184697	SYCP2
chr20	57426384	57426384	cg14482474	0.0054923998309067	0.385466522418207	GNAS
chr20	3450491	3450491	cg02693745	0.0056172922442631	0.388883372489309	
chr20	62421950	62421950	cg02582912	0.0057175053015682	0.391560524167263	ZBTB46
chr20	60540551	60540551	cg05222794	0.0057271519292932	0.391707369885494	TAF4
chr20	49636734	49636734	cg16313393	0.0058209650267535	0.394496760794171	KCNG1
chr20	44650068	44650068	cg04539957	0.0058732204403039	0.395672230007943	RP11-465L10.10
chr20	62203972	62203972	cg16989086	0.0059189777664608	0.397249146997624	HELZ2
chr20	22558298	22558298	cg00960305	0.0059237487517475	0.397411105823271	LINC00261
chr20	62422128	62422128	cg14028829	0.0062401231913259	0.406934946981321	ZBTB46
chr20	61660811	61660811	cg08564027	0.0063851271843221	0.410652801330043	RP11-305P22.9
chr20	61992494	61992494	cg01743841	0.0066151145127397	0.417347229889395	CHRNA4,RP11-261N11.8
chr20	43935529	43935529	cg16757724	0.0066614645953751	0.418501490930053	MATN4,RBPJL
chr20	44657839	44657839	cg10439765	0.0066908078672162	0.419375313257038	SLC12A5
chr20	19739423	19739423	cg23687149	0.0066928166282527	0.419398769635437	RP1-122P22.2
chr20	49638563	49638563	cg24499516	0.0067105082586529	0.420014026308983	KCNG1
chr20	57765316	57765316	cg25381563	0.0067960659630165	0.421727393147976	
chr20	62124546	62124546	cg09500392	0.0068256150854783	0.422522517704066	EEF1A2
chr20	42984321	42984321	cg06126829	0.0068389846825165	0.42278188077036	
chr20	44838981	44838981	cg07296387	0.006925985456833	0.424826243842178	CDH22
chr20	43029998	43029998	cg21058973	0.0072549183062225	0.434600398698041	HNF4A
chr20	50385371	50385371	cg01900832	0.0073118797756213	0.435993856194402	
chr20	3140552	3140552	cg03183872	0.0073569441165642	0.437280735414643	UBOX5
chr20	51589198	51589198	cg17809895	0.0075437485345471	0.441553488529906	TSHZ2
chr20	50113292	50113292	cg06877224	0.0075709218841782	0.442490649580688	NFATC2
chr20	45867728	45867728	cg12557740	0.0075771546993297	0.44264042166419	ZMYND8
chr20	48184640	48184640	cg05932408	0.0075913749993453	0.442948102629887	PTGIS
chr20	55841150	55841150	cg20340302	0.0076281684256709	0.443605238617781	BMP7
chr20	62204141	62204141	cg09587826	0.0078790235020151	0.448657507126937	HELZ2
chr20	35917416	35917416	cg24570912	0.00807150229688	0.453231374588553	
chr20	45280276	45280276	cg13551814	0.0081813196793749	0.455764031863944	SLC13A3
chr20	45180444	45180444	cg07850488	0.0082859387375824	0.458302084583855	
chr20	43973323	43973323	cg18866597	0.0083006045574209	0.458508401047221	SDC4
chr20	3214926	3214926	cg21907993	0.0083334450881122	0.459065778278344	SLC4A11
chr20	60953667	60953667	cg04146405	0.0083416330965498	0.459201542431449	
chr20	55964999	55964999	cg05995220	0.0086195640108538	0.465844579543443	RP4-800J21.3
chr20	44658942	44658942	cg02655630	0.0086244558647788	0.465988370324283	SLC12A5
chr20	57582122	57582122	cg16179125	0.0087492360337868	0.468728551432607	CTSZ
chr20	62394902	62394902	cg10664768	0.0089261262405958	0.472797607431253	ZBTB46
chr20	2852508	2852508	cg01608477	0.009029747506564	0.475013620500532	PTPRA
chr20	30450060	30450060	cg05199362	0.0090898286032483	0.476046338388558	DUSP15
chr20	43975752	43975752	cg00249032	0.0091374341645079	0.476944130490744	SDC4
chr20	23033805	23033805	cg01619825	0.0091529416771815	0.477346079450234	
chr20	36147198	36147198	cg22849953	0.0091578472479782	0.477452879419121	BLCAP
chr20	6760770	6760770	cg06879302	0.0092725161125528	0.480305193294351	BMP2
chr20	49619637	49619637	cg00106923	0.0094172831525571	0.48346567700862	RP5-955M13.4
chr20	60948875	60948875	cg15506446	0.0094188520761012	0.483516507971549	
chr20	43726545	43726545	cg03816707	0.0094306803622867	0.483766974330053	KCNS1
chr20	61827015	61827015	cg25041371	0.0097292740015091	0.490825686317814	YTHDF1
chr20	49626065	49626065	cg09344281	0.0097898840683563	0.49193374576082	KCNG1,RP5-955M13.4
chr20	62026464	62026464	cg17835926	0.0098180951411354	0.492632319542131	
chr20	52823178	52823178	cg22154859	0.009900609216069	0.493905647849117	
chr20	48184421	48184421	cg10772290	0.0099618668628058	0.494892098366139	PTGIS
chr20	60972874	60972874	cg17905132	0.0099994971269077	0.495745988895753	CABLES2
chr20	33680989	33680989	cg01154966	0.0101178693177113	0.497987099694369	
chr20	43029995	43029995	cg07064544	0.010118966432012	0.497987099694369	HNF4A
chr21	15095904	15095904	cg02498120	2.16315741916819e-05	0.054171566000017	
chr21	46046043	46046043	cg13066546	1.44057031652824e-05	0.054171566000017	TSPEAR
chr21	26934683	26934683	cg14315558	9.63424286678403e-06	0.054171566000017	MIR155HG
chr21	46019570	46019570	cg03535049	2.62981229755347e-05	0.0543206248802127	TSPEAR
chr21	26934885	26934885	cg03872783	2.27266496659751e-05	0.0543206248802127	MIR155HG
chr21	26934577	26934577	cg12749863	2.45421597188064e-05	0.0543206248802127	MIR155HG
chr21	35320596	35320596	cg08309687	3.71060565447279e-05	0.0550731515654561	LINC00649
chr21	45770299	45770299	cg05306070	3.95330693947689e-05	0.055490462612005	TRPM2
chr21	47287206	47287206	cg08037985	4.27541967543257e-05	0.0556883318141202	PCBP3
chr21	45770391	45770391	cg02477557	5.80951765640025e-05	0.0589438365507034	TRPM2
chr21	41518624	41518624	cg21040814	6.0690049180259e-05	0.0594180508837887	DSCAM
chr21	42796537	42796537	cg21930140	6.36303705159125e-05	0.0595600203487808	MX1
chr21	43817087	43817087	cg04204002	8.04630455491287e-05	0.0630436879575555	
chr21	45769982	45769982	cg09838568	0.0001002610917482	0.0679820637186055	
chr21	40984777	40984777	cg17900854	0.0001013709238759	0.0681824751706656	B3GALT5
chr21	26934198	26934198	cg19769982	0.0001044226626487	0.0689177068484337	
chr21	44106356	44106356	cg00791920	0.0001109396880012	0.0698388326483196	PDE9A
chr21	40984780	40984780	cg08448665	0.0001156264760373	0.0710807324055405	B3GALT5
chr21	45769978	45769978	cg11150585	0.0001158054677353	0.0710807324055405	
chr21	45845496	45845496	cg14374401	0.0001208623300341	0.0720326998113761	TRPM2
chr21	26934456	26934456	cg23433889	0.0001385858503598	0.0754098173963142	MIR155HG
chr21	45773997	45773997	cg23312431	0.0001685939601789	0.0807404135429724	TRPM2
chr21	47581406	47581406	cg11766577	0.0001881671477551	0.0844766043537877	SPATC1L
chr21	47581558	47581558	cg13126279	0.000189647030417	0.0847465720063498	SPATC1L
chr21	46720183	46720183	cg07521889	0.0002440343027855	0.0944233032214688	LINC00315
chr21	47582352	47582352	cg25726756	0.0003128390392571	0.10508416801604	SPATC1L
chr21	47717954	47717954	cg00815214	0.0003812389731737	0.114849306157974	
chr21	47166625	47166625	cg06743060	0.0004692426726128	0.12507757766155	PCBP3
chr21	42797489	42797489	cg07999508	0.0005202296500886	0.130723594045515	MX1
chr21	47532333	47532333	cg15087129	0.0005624788159285	0.135708118191101	COL6A2
chr21	26934425	26934425	cg17297071	0.0005625710320117	0.135708118191101	MIR155HG
chr21	47010461	47010461	cg02983163	0.0005975900032435	0.139155987453827	
chr21	45845342	45845342	cg21231689	0.0006507935185251	0.144781886749523	TRPM2
chr21	38936160	38936160	cg09962400	0.0006717238477097	0.146703434655341	
chr21	45971840	45971840	cg22613969	0.0006716651932615	0.146703434655341	TSPEAR
chr21	15095608	15095608	cg04576213	0.0008293507563596	0.161571375639738	
chr21	15436261	15436261	cg25507885	0.0008448766884152	0.163037195358796	AP001347.6
chr21	38593285	38593285	cg15318396	0.0008519261805236	0.163716811853866	DSCR9
chr21	47423639	47423639	cg08919443	0.0008818726764432	0.166389109622677	COL6A1
chr21	42218964	42218964	cg21173447	0.0008998748183638	0.167984810394602	DSCAM
chr21	46550644	46550644	cg22635096	0.0009391159847795	0.171206078760729	ADARB1
chr21	44473962	44473962	cg19312314	0.0010355482411301	0.179689492177972	CBS
chr21	14982080	14982080	cg09698634	0.0010394237964167	0.179852456375984	
chr21	46057079	46057079	cg07083366	0.0010624595423418	0.181763481000262	TSPEAR
chr21	40984763	40984763	cg23057648	0.0010702710447888	0.182523514513745	B3GALT5
chr21	44101491	44101491	cg25491402	0.0011387700372717	0.187929451030394	PDE9A
chr21	42676391	42676391	cg19968619	0.0011407722104222	0.18818551431857	FAM3B
chr21	46717496	46717496	cg01210084	0.0012092465270087	0.193371575086786	
chr21	47580410	47580410	cg01016465	0.0012212909521108	0.194281794649344	
chr21	46056848	46056848	cg17585066	0.0012241413552202	0.19432000820506	TSPEAR
chr21	43225345	43225345	cg24448167	0.0013132951769181	0.2001458348639	PRDM15
chr21	48081620	48081620	cg21461082	0.00133531199028	0.201936675515179	PRMT2
chr21	47010819	47010819	cg02119792	0.0015095187542602	0.214042140214766	
chr21	42688675	42688675	cg22221870	0.0015184962183588	0.21450704645482	FAM3B
chr21	47575547	47575547	cg25322086	0.0015699662575516	0.217822453485456	
chr21	47580738	47580738	cg10351617	0.0015789657611692	0.21830965636726	
chr21	43242428	43242428	cg19408149	0.0016663772228155	0.222692082248008	PRDM15
chr21	15051848	15051848	cg10105244	0.0016767744649767	0.223511728473123	AL050303.1
chr21	44480699	44480699	cg10838844	0.0017606595673935	0.229070233407916	CBS
chr21	45845365	45845365	cg07629165	0.0017800911609116	0.229998167419879	TRPM2
chr21	46640873	46640873	cg14194835	0.0018128771343862	0.232333160243089	ADARB1
chr21	42791360	42791360	cg02017634	0.0018455767223422	0.234379265559426	
chr21	47453890	47453890	cg04658707	0.0019684436157141	0.242142043444788	
chr21	15436420	15436420	cg11516613	0.0020599324452378	0.247522660303568	AP001347.6
chr21	40194735	40194735	cg20434300	0.0021785999379653	0.254111385727152	ETS2
chr21	47585851	47585851	cg06096030	0.0022295698254495	0.256404827005102	SPATC1L
chr21	47582050	47582050	cg14789911	0.0024727611649241	0.269882464774938	SPATC1L
chr21	10884970	10884970	cg23347501	0.0025026296717951	0.271228821931268	
chr21	46058354	46058354	cg04968875	0.0025208102047221	0.27192444877577	KRTAP10-10,TSPEAR
chr21	47552344	47552344	cg14075645	0.0025479413448011	0.273092629326655	COL6A2
chr21	37546468	37546468	cg13114315	0.0027240375780269	0.28181255988752	DOPEY2
chr21	42780441	42780441	cg09908001	0.0027422937768734	0.282779259137304	MX2
chr21	45811549	45811549	cg05754719	0.0027961879477928	0.285153231159479	TRPM2
chr21	46019376	46019376	cg11698180	0.0030153071920474	0.295880767501962	TSPEAR
chr21	32624306	32624306	cg03760035	0.0030554500680709	0.297522268931657	TIAM1
chr21	10991412	10991412	cg25691239	0.0031015481140524	0.300052420871852	TPTE
chr21	40032331	40032331	cg06032349	0.0033625650250488	0.311668632062877	ERG
chr21	46724844	46724844	cg10719920	0.0036071391401824	0.321316938802599	LINC00315
chr21	38642597	38642597	cg14897025	0.003632463452285	0.322078659176931	
chr21	44477613	44477613	cg05299847	0.0036372898511268	0.322250225060474	CBS
chr21	45774294	45774294	cg24548817	0.003758838751379	0.326427950466268	TRPM2
chr21	43162018	43162018	cg05060843	0.0039739392181844	0.335133679714743	RIPK4
chr21	47053073	47053073	cg14149623	0.0040283592255869	0.336944061954855	
chr21	42799142	42799142	cg21549285	0.0040922017969106	0.338761289353088	MX1
chr21	42218551	42218551	cg10644072	0.0041032809082419	0.33922412307183	DSCAM
chr21	47581042	47581042	cg05200811	0.0041852220157577	0.342007089709785	
chr21	34774628	34774628	cg17356733	0.0042381468220526	0.344202256132245	
chr21	39493375	39493375	cg07064066	0.0042649153426593	0.34526595498195	DSCR4
chr21	44480711	44480711	cg06118533	0.0043910453682553	0.350135502508087	CBS
chr21	45979130	45979130	cg03418563	0.0044091863011402	0.350923391646692	TSPEAR
chr21	15069876	15069876	cg07910736	0.004460748502643	0.352804788000763	
chr21	44106234	44106234	cg18975948	0.0045090151542551	0.353972160079168	PDE9A
chr21	46893155	46893155	cg16219954	0.0045366150884787	0.354798347915026	COL18A1
chr21	48081067	48081067	cg11373980	0.0045625042879663	0.355872778436563	PRMT2
chr21	46021989	46021989	cg18667511	0.0045859218842458	0.356799842426187	KRTAP10-7,TSPEAR
chr21	43327881	43327881	cg25858655	0.004798712766815	0.363398931622488	C2CD2
chr21	42219300	42219300	cg15372721	0.0050848859183573	0.372775909535923	
chr21	15077096	15077096	cg08597025	0.0051629629871587	0.37527234337725	
chr21	42219202	42219202	cg12201779	0.0052465263630666	0.377698355224098	
chr21	42797588	42797588	cg22862003	0.0053457269159142	0.380689416559855	MX1
chr21	45752597	45752597	cg11706540	0.0056572747132086	0.389961234942812	AP001062.7,C21orf2
chr21	47170467	47170467	cg15239190	0.0056637967856374	0.390024612645707	PCBP3
chr21	47453657	47453657	cg21894728	0.0058375021411677	0.394842683917609	
chr21	38936403	38936403	cg17383940	0.0058512965097446	0.395183197552868	
chr21	11098970	11098970	cg26287988	0.005960301805135	0.398467475793664	BAGE2
chr21	34401635	34401635	cg14730102	0.0060357757620146	0.400741546766587	AP000282.2
chr21	45971850	45971850	cg02632108	0.006261637679799	0.407510853468716	TSPEAR
chr21	42217001	42217001	cg02475236	0.0064048854339606	0.411127638762229	DSCAM
chr21	47165788	47165788	cg07703190	0.006404597312322	0.411127638762229	PCBP3
chr21	47054398	47054398	cg17114692	0.0066073720970656	0.417001917337745	
chr21	38593043	38593043	cg18496653	0.0066323101814439	0.417960977614201	DSCR9
chr21	15588830	15588830	cg16612379	0.0067690299276332	0.421143140588903	RBM11
chr21	38627731	38627731	cg23737637	0.0067768142486318	0.421312378219586	DSCR3
chr21	46726268	46726268	cg18466173	0.0067966155206544	0.421727393147976	
chr21	47343717	47343717	cg00682050	0.0068321932425136	0.422651468023425	PCBP3
chr21	42218932	42218932	cg09880551	0.0069528016375125	0.425554508079481	DSCAM
chr21	35201907	35201907	cg19190487	0.0070157587445278	0.427320520045167	AP000304.12,ITSN1
chr21	47421177	47421177	cg14058699	0.0070464414075551	0.42819757693292	COL6A1
chr21	31312334	31312334	cg07950000	0.0070696352629259	0.428920696219648	GRIK1
chr21	47551988	47551988	cg13902069	0.0072950376452559	0.435536338578757	COL6A2
chr21	43817069	43817069	cg23250540	0.0073258784243328	0.436278079584687	
chr21	47717576	47717576	cg20399509	0.0073699624688011	0.437404182096393	YBEY
chr21	43176893	43176893	cg05341904	0.0074543851216237	0.439122735814918	RIPK4
chr21	44483604	44483604	cg00717080	0.0075291925996289	0.441134222101449	CBS
chr21	45992415	45992415	cg05168609	0.0076253743456382	0.443545315067424	TSPEAR
chr21	47865350	47865350	cg18677716	0.0076616163821015	0.444047570416846	PCNT
chr21	30392837	30392837	cg10822339	0.0077842242490336	0.446630442336054	
chr21	46376801	46376801	cg04713483	0.0078188281850003	0.447228382072579	FAM207A
chr21	43329506	43329506	cg19012258	0.0078499383357948	0.448262655501149	C2CD2
chr21	44473497	44473497	cg07211972	0.0082056165150384	0.456161877154318	CBS
chr21	43300024	43300024	cg21241823	0.0082189118371998	0.456506998476661	
chr21	34350585	34350585	cg05183668	0.0082519572736221	0.457481391705077	AP000282.2
chr21	46075673	46075673	cg01706544	0.0082688789217991	0.457912261214386	TSPEAR
chr21	47602702	47602702	cg10057853	0.0082894678327893	0.458302084583855	SPATC1L
chr21	42801063	42801063	cg16751754	0.008560640557984	0.464071158045772	MX1
chr21	38593754	38593754	cg11316868	0.0086010169959584	0.465320749627526	AP001432.14,DSCR9
chr21	43817238	43817238	cg05521473	0.0087390372276498	0.468512673919313	
chr21	10991190	10991190	cg13273672	0.0087883814147369	0.469690102059457	TPTE
chr21	43274748	43274748	cg20558328	0.0089643875695673	0.473515313352829	PRDM15
chr21	44108498	44108498	cg18220632	0.0089665592941208	0.473529932191185	PDE9A
chr21	46439237	46439237	cg00740547	0.0092792936633895	0.480395565341626	
chr21	35320668	35320668	cg27037013	0.0096477843342297	0.488662353145141	LINC00649
chr21	45773783	45773783	cg06812844	0.0098273817066257	0.492770176662114	TRPM2
chr21	15069191	15069191	cg04767174	0.0098455708826913	0.492937197670595	
chr21	46919531	46919531	cg06311906	0.0099269597441806	0.49428251470744	COL18A1,SLC19A1
chr21	44480624	44480624	cg21006325	0.0101297943010481	0.498302130752783	CBS
chr21	46644307	46644307	cg16358576	0.0101456368139762	0.498517656196043	ADARB1
chr21	43242467	43242467	cg02286662	0.010180440320788	0.499053060877746	PRDM15
chr21	45561490	45561490	cg21937462	0.0102381390687108	0.49978886860845	C21orf33
chr22	46327040	46327040	cg26305042	2.44792661043341e-05	0.0543206248802127	WNT7B
chr22	45704675	45704675	cg01404067	3.35165239129281e-05	0.0543707177967035	
chr22	50725606	50725606	cg23041250	3.63960854988707e-05	0.0550731515654561	PLXNB2
chr22	48884945	48884945	cg14894848	4.07935219541906e-05	0.0556883318141202	
chr22	50018877	50018877	cg07656641	4.66228608902246e-05	0.0566921772828391	C22orf34
chr22	21333818	21333818	cg19990744	5.02813249322253e-05	0.0574970328465066	AIFM3,LZTR1
chr22	50528333	50528333	cg10828284	5.45119592050601e-05	0.0578403073828547	MOV10L1
chr22	46262436	46262436	cg21146184	5.34896466759947e-05	0.0578403073828547	
chr22	50725610	50725610	cg12944146	5.86989289630155e-05	0.0589438365507034	PLXNB2
chr22	50528565	50528565	cg12971867	6.07428714022169e-05	0.0594180508837887	MOV10L1
chr22	50528642	50528642	cg13895323	6.31572628109071e-05	0.0595530723273388	MOV10L1
chr22	50616150	50616150	cg06357843	7.07861633529564e-05	0.0615974473485097	PANX2
chr22	19709548	19709548	cg04533276	7.91743235679827e-05	0.0627515857459962	SEPT5
chr22	44892950	44892950	cg00794963	8.06748862505019e-05	0.0630436879575555	LDOC1L
chr22	50018392	50018392	cg15149938	8.36667026867857e-05	0.0636548161113578	C22orf34
chr22	48884961	48884961	cg04304705	8.73953945618519e-05	0.0643983805620442	
chr22	50009422	50009422	cg05847755	8.78817797067306e-05	0.0643983805620442	C22orf34
chr22	31318181	31318181	cg15425811	9.19126813736502e-05	0.0655038290536519	
chr22	50528746	50528746	cg24430642	9.42885419979329e-05	0.0661947137266608	MOV10L1
chr22	50713946	50713946	cg13758724	0.0001197989763832	0.0719121235722565	PLXNB2
chr22	44892395	44892395	cg26276947	0.0001252820812115	0.0723600376393548	LDOC1L
chr22	50022270	50022270	cg05685741	0.000162633062094	0.0792183274715533	C22orf34
chr22	50584184	50584184	cg07331098	0.0001656156891246	0.0800642596567278	MOV10L1
chr22	24890794	24890794	cg03364108	0.0001677190776551	0.0804756787921041	ADORA2A-AS1,UPB1
chr22	50528180	50528180	cg18638931	0.000177068491378	0.0825015141930855	
chr22	50013649	50013649	cg06355422	0.0002099823306187	0.0885480966473021	C22orf34
chr22	50705949	50705949	cg15036874	0.000294952308019	0.102408547508747	MAPK11
chr22	50025916	50025916	cg03814063	0.0003015412388707	0.103656784506576	C22orf34
chr22	50010192	50010192	cg14455590	0.0003267121477898	0.107114141973224	C22orf34
chr22	31318349	31318349	cg16210088	0.0003357426236801	0.108793893915512	MORC2-AS1
chr22	19552122	19552122	cg04940829	0.0003584496800641	0.112107653700456	
chr22	50986962	50986962	cg03957481	0.0003605104544612	0.112406984608465	KLHDC7B
chr22	50528587	50528587	cg08074528	0.0003761561618131	0.114098278812469	MOV10L1
chr22	19554367	19554367	cg03400811	0.0003834985963021	0.115197682987177	
chr22	50165512	50165512	cg18232772	0.0004016779432075	0.117681989624137	
chr22	21319245	21319245	cg16590005	0.0004043663116864	0.118069592191108	
chr22	46364407	46364407	cg21447167	0.0004126286258071	0.118943832179087	WNT7B
chr22	48972928	48972928	cg19122206	0.0004183644977003	0.119117526892275	FAM19A5
chr22	19709697	19709697	cg20193802	0.0004474037581939	0.122500644738607	SEPT5
chr22	44892324	44892324	cg04888874	0.0004495245396219	0.122750912190293	LDOC1L
chr22	19772241	19772241	cg22499215	0.0005233592063783	0.131055357814471	GNB1L
chr22	22877746	22877746	cg06911679	0.0005290691999103	0.131964842075678	
chr22	43599561	43599561	cg26629730	0.0005615406384454	0.135653689702062	SCUBE1
chr22	38221095	38221095	cg01961447	0.0005985884928625	0.139157533073418	GALR3
chr22	41631801	41631801	cg00460457	0.0006456674252391	0.144217588152873	CHADL
chr22	29706705	29706705	cg24844449	0.0006589454559896	0.145433527437746	GAS2L1
chr22	20779482	20779482	cg12895179	0.0007013084398185	0.149667533053566	SCARF2
chr22	19770634	19770634	cg16154071	0.0007264721473153	0.15197389728333	TBX1
chr22	37319042	37319042	cg21209356	0.0007480710670736	0.154175237088736	CSF2RB
chr22	50009157	50009157	cg02476339	0.0007593333637025	0.155055736607853	C22orf34,RP1-29C18.8
chr22	50025087	50025087	cg25081912	0.0007852309588997	0.1570706377264	C22orf34
chr22	46262204	46262204	cg11085282	0.0007860904874799	0.157100371982797	
chr22	47370133	47370133	cg07734358	0.0007939714891497	0.15784463083698	TBC1D22A
chr22	24890811	24890811	cg03503516	0.0008042300124993	0.158889333734255	ADORA2A-AS1,UPB1
chr22	24890809	24890809	cg15552843	0.0008444288265439	0.16301322384258	ADORA2A-AS1,UPB1
chr22	29708647	29708647	cg12343881	0.0008457189665599	0.163068277668652	GAS2L1
chr22	36013445	36013445	cg23095812	0.0009117081165854	0.169060434225188	MB
chr22	51117157	51117157	cg05282459	0.0010405773383416	0.179898852119171	SHANK3
chr22	22016144	22016144	cg20360996	0.0010544530558146	0.181006575925775	PPIL2
chr22	31093556	31093556	cg15256322	0.0010579798433838	0.181276671902751	OSBP2
chr22	50026188	50026188	cg07959070	0.0010601150866575	0.18151108432086	C22orf34
chr22	43506021	43506021	cg26453588	0.0010863687027758	0.183264169772351	
chr22	38379218	38379218	cg23109891	0.0011071729018444	0.185075442888154	POLR2F,SOX10
chr22	43606073	43606073	cg03007121	0.0011300873928486	0.187273482585509	SCUBE1
chr22	29707783	29707783	cg03167954	0.0011869204760773	0.191598551842051	GAS2L1
chr22	44392384	44392384	cg18576206	0.0012236998040449	0.19432000820506	SAMM50
chr22	45663540	45663540	cg10269561	0.0012783545737536	0.197906629669172	
chr22	50006993	50006993	cg22076203	0.0012841464781899	0.198508989650533	C22orf34,RP1-29C18.8
chr22	50749598	50749598	cg06639496	0.0013022747755357	0.199217341673392	DENND6B
chr22	19554560	19554560	cg18733794	0.0013089858912243	0.199761194719699	
chr22	38215065	38215065	cg20893579	0.0013096126685635	0.199820342171436	
chr22	42086191	42086191	cg14856679	0.0013605586818911	0.203577887932317	C22orf46,NHP2L1
chr22	50714562	50714562	cg00106609	0.0013614800193396	0.203642794928532	PLXNB2
chr22	24890814	24890814	cg12492885	0.001372132454485	0.204429600192444	ADORA2A-AS1,UPB1
chr22	49935090	49935090	cg14370079	0.001400369003772	0.206574581698229	C22orf34
chr22	19758168	19758168	cg22251784	0.0014806686023857	0.212406062724277	TBX1
chr22	38071592	38071592	cg21737444	0.0015081433285791	0.214016589686106	
chr22	50008842	50008842	cg02161203	0.0015475180449081	0.216528961429662	C22orf34,RP1-29C18.8
chr22	43740004	43740004	cg07697597	0.0015727652706977	0.217945225288298	
chr22	51043692	51043692	cg06761421	0.001580824729952	0.21835288433666	MAPK8IP2
chr22	51005163	51005163	cg04235052	0.0015920088191965	0.219097656561366	
chr22	29708028	29708028	cg05684145	0.0016226417142257	0.220587908768045	GAS2L1
chr22	50006785	50006785	cg24725931	0.0016520397514985	0.221520233606469	C22orf34,RP1-29C18.8
chr22	50987453	50987453	cg17174023	0.0016634413352145	0.222540687611415	KLHDC7B
chr22	24891221	24891221	cg08036764	0.0016696897542891	0.222920794118509	UPB1
chr22	37912254	37912254	cg00265788	0.001708109640501	0.225396380514595	CARD10
chr22	46263661	46263661	cg26831149	0.0017390886306528	0.227521957679476	
chr22	19716779	19716779	cg03231953	0.0017570259405206	0.229007254170438	
chr22	16156925	16156925	cg26186732	0.0017698136850489	0.229367052525799	AP000525.9
chr22	50615586	50615586	cg07103675	0.0019026427384567	0.238045132566641	PANX2
chr22	50724224	50724224	cg06794209	0.0019431813442436	0.240757966185475	PLXNB2
chr22	48892995	48892995	cg05992904	0.0019825257205676	0.242944175046724	FAM19A5
chr22	23196862	23196862	cg14692151	0.0020274681116813	0.245747844795077	
chr22	50528214	50528214	cg05064106	0.0020483128239851	0.246984306729757	
chr22	51042356	51042356	cg09877744	0.0020942673828898	0.249263391676971	MAPK8IP2
chr22	37420730	37420730	cg06230247	0.0021385672612279	0.251726572816828	MPST
chr22	50515985	50515985	cg05338724	0.0021624583863241	0.253431749721819	MLC1
chr22	46667084	46667084	cg00273220	0.002205318707642	0.255114694861809	TTC38
chr22	50515323	50515323	cg18152535	0.002209452833897	0.255268861328943	MLC1
chr22	42394591	42394591	cg09667013	0.0022257511050664	0.25618402123456	
chr22	41637468	41637468	cg07746282	0.0022347605204389	0.256719036716331	
chr22	46263207	46263207	cg04689080	0.0022743552449588	0.259265016875994	
chr22	50900278	50900278	cg15226135	0.0022927039983532	0.260357390014929	SBF1
chr22	46508604	46508604	cg22121941	0.0023134595984001	0.261303947884525	FLJ27365
chr22	38220612	38220612	cg03975235	0.0023305221675863	0.26218596282211	GALR3
chr22	18260411	18260411	cg27122441	0.0024382697338026	0.267832628613501	LINC00528
chr22	50616420	50616420	cg07895657	0.0024604370541538	0.26917039597652	PANX2
chr22	46507615	46507615	cg08695558	0.0024793850946102	0.270210276532271	FLJ27365
chr22	19766966	19766966	cg04143347	0.0025430444001848	0.273064695231426	TBX1
chr22	36806443	36806443	cg01619929	0.00257086927311	0.273819847576988	
chr22	36013307	36013307	cg02881369	0.0026291415484327	0.276823354156849	MB
chr22	46319014	46319014	cg07009463	0.0026418551369591	0.277556060823862	WNT7B
chr22	38221187	38221187	cg07879739	0.0026552611491827	0.278101319864268	GALR3
chr22	45122261	45122261	cg14699765	0.002780957217538	0.284309329148545	ARHGAP8,PRR5,PRR5-ARHGAP8
chr22	46328304	46328304	cg03386971	0.0028281604603028	0.286436992873708	WNT7B
chr22	42485812	42485812	cg01529207	0.0028429029575541	0.287139347074007	NDUFA6,RP1-257I20.14
chr22	39884829	39884829	cg04670255	0.0028582426986032	0.287501702119561	MGAT3
chr22	38795061	38795061	cg11769841	0.0029292890722103	0.291073144927873	
chr22	32338241	32338241	cg00907604	0.0031297819892601	0.30159632016336	C22orf24
chr22	44889757	44889757	cg04154583	0.0031392818686298	0.302034131231847	LDOC1L
chr22	49146376	49146376	cg14432153	0.0031904806786933	0.304150648654213	FAM19A5
chr22	39547182	39547182	cg12193277	0.0032673930960433	0.307491011225638	CBX7
chr22	46263834	46263834	cg12003064	0.00339664788899	0.312821207294451	
chr22	48971960	48971960	cg04198308	0.0034287633298961	0.314263695347343	FAM19A5
chr22	42829748	42829748	cg03017264	0.0034431782539899	0.314709195968636	
chr22	29709283	29709283	cg15383276	0.0035025204579338	0.317213469726101	RASL10A
chr22	42896688	42896688	cg12078929	0.0035549837732422	0.319106513478557	SERHL
chr22	49934663	49934663	cg24995014	0.0036332191988705	0.322078659176931	C22orf34
chr22	26934516	26934516	cg15796173	0.0037610041715652	0.326493307577378	TPST2
chr22	50017429	50017429	cg09277566	0.003826699681831	0.329525349964944	C22orf34
chr22	47231861	47231861	cg19938922	0.0038624849165244	0.330542407501857	TBC1D22A
chr22	19776050	19776050	cg15402626	0.0038819139976525	0.331241064747194	GNB1L
chr22	51063680	51063680	cg02405329	0.0039037835088471	0.332053769201777	ARSA
chr22	17001516	17001516	cg14992964	0.0039403384732318	0.333558321373451	
chr22	41814253	41814253	cg08190175	0.0039892631039752	0.335703301724613	
chr22	50615719	50615719	cg16926050	0.0040018935580691	0.336021492529749	PANX2
chr22	43506034	43506034	cg04042468	0.0040083521844831	0.336259770790053	
chr22	48900333	48900333	cg16909646	0.0040074776632409	0.336259770790053	FAM19A5
chr22	43606236	43606236	cg14721708	0.0040154213606853	0.336416268112355	SCUBE1
chr22	50007441	50007441	cg17476320	0.0040776980595448	0.338695175270233	C22orf34,RP1-29C18.8
chr22	43609332	43609332	cg04352088	0.0040963638435171	0.338882356423145	SCUBE1,Z82214.3
chr22	45125219	45125219	cg16326073	0.0041387182529831	0.340393582934682	ARHGAP8,PRR5,PRR5-ARHGAP8
chr22	50528752	50528752	cg05070690	0.0041920832430298	0.342255409212551	MOV10L1
chr22	39378425	39378425	cg01089751	0.0042402933599759	0.344202256132245	APOBEC3B
chr22	45123972	45123972	cg00868187	0.004290471871928	0.34619420936347	ARHGAP8,PRR5,PRR5-ARHGAP8
chr22	42079293	42079293	cg12841860	0.004298000831398	0.346501138366408	NHP2L1
chr22	19751776	19751776	cg10047755	0.0043418968289154	0.348298644947402	TBX1
chr22	38071455	38071455	cg07219769	0.0044596490277912	0.352804788000763	
chr22	42296819	42296819	cg17473398	0.0044667781055429	0.352920674656181	SREBF2
chr22	46263019	46263019	cg14423417	0.004487180328229	0.353599896102555	
chr22	45704989	45704989	cg12262698	0.0045113988884199	0.35406852076427	FAM118A
chr22	38452867	38452867	cg16760049	0.0045151772643898	0.354231939525016	PICK1
chr22	19710164	19710164	cg12899065	0.0045964644174517	0.357182817118249	SEPT5
chr22	45996347	45996347	cg02163215	0.0046358721942875	0.358365319298952	FBLN1
chr22	27026467	27026467	cg06727761	0.0046793595159788	0.359449680579431	CRYBA4
chr22	39186607	39186607	cg05628436	0.0046841728050898	0.359660672224944	DNAL4,SUN2
chr22	17624373	17624373	cg17607759	0.0046901388749788	0.359880598194782	CECR5
chr22	37765272	37765272	cg14378259	0.0047757636259371	0.36243037127231	ELFN2,RP1-63G5.5
chr22	47097600	47097600	cg05349952	0.0049466728808657	0.368233996718978	CERK
chr22	50726149	50726149	cg07600549	0.0050178450625667	0.370632798479218	PLXNB2
chr22	48972332	48972332	cg22989103	0.005023757449498	0.370813185348581	FAM19A5
chr22	43623455	43623455	cg05855065	0.0050833683734841	0.372775909535923	SCUBE1
chr22	39883967	39883967	cg02301718	0.0051915086709826	0.376200290585568	MGAT3
chr22	42376431	42376431	cg14416575	0.0052095470883187	0.376645136440689	SEPT3
chr22	43817385	43817385	cg21023520	0.0052132203274676	0.376672881134532	MPPED1
chr22	24105088	24105088	cg07048516	0.0053870081743365	0.38204996745294	
chr22	50158207	50158207	cg01609836	0.0054153536338981	0.383019695755147	
chr22	46727741	46727741	cg14854758	0.0054466395760087	0.384182845217832	TRMU
chr22	44897329	44897329	cg27552198	0.0055036579053882	0.385705765021459	
chr22	50629862	50629862	cg26551865	0.0055651720357649	0.38745932982169	TRABD
chr22	20640332	20640332	cg14977059	0.0055834358904518	0.387900914747857	AC011718.2
chr22	46287028	46287028	cg22343728	0.0056024922993779	0.388321144237402	
chr22	20780509	20780509	cg22091609	0.005613540429929	0.388742909981893	SCARF2
chr22	24311635	24311635	cg24846343	0.0057123367122329	0.391302793656817	DDTL,KB-226F1.2
chr22	50986511	50986511	cg07833467	0.0058085772298659	0.39427434751134	KLHDC7B
chr22	37252476	37252476	cg23563104	0.005846959901867	0.39501805750605	CTA-833B7.2
chr22	39852666	39852666	cg21461856	0.0059032590385999	0.396720471763211	
chr22	32021249	32021249	cg00958311	0.0059342815207928	0.397614498567202	PISD
chr22	49798683	49798683	cg08235551	0.0060347986820898	0.400740374741823	
chr22	50728272	50728272	cg01796641	0.006100945752835	0.402960783464337	PLXNB2
chr22	46932649	46932649	cg00884093	0.0062311695023749	0.406668514990388	CELSR1
chr22	45125395	45125395	cg26995244	0.0063084260446848	0.408889834310006	ARHGAP8,PRR5,PRR5-ARHGAP8
chr22	51016605	51016605	cg10490842	0.0063278352244682	0.409415173010329	CHKB-CPT1B,CPT1B
chr22	16868045	16868045	cg03389890	0.0063326225933556	0.409471206291849	
chr22	44323678	44323678	cg15029138	0.0064560069621336	0.412546026236401	PNPLA3
chr22	19939062	19939062	cg03724721	0.0064802908118789	0.413210171489392	COMT
chr22	45705042	45705042	cg22160612	0.0065814361499079	0.416196869212203	FAM118A
chr22	50985797	50985797	cg22249529	0.0066323475703742	0.417960977614201	CTA-384D8.31
chr22	46658961	46658961	cg11377136	0.0067673098160304	0.421143140588903	PKDREJ
chr22	32015385	32015385	cg12500632	0.0067964215693837	0.421727393147976	PISD
chr22	45125480	45125480	cg06706550	0.0068528385957889	0.422980337995279	ARHGAP8,PRR5,PRR5-ARHGAP8
chr22	36903033	36903033	cg10790723	0.0069079881949858	0.424320127235156	FOXRED2
chr22	40743859	40743859	cg25636159	0.0069350731415533	0.425046206203376	ADSL
chr22	39784982	39784982	cg11247378	0.0069462660710622	0.425385717919235	
chr22	37912044	37912044	cg11923724	0.0069557624935338	0.425632016506513	CARD10
chr22	50716088	50716088	cg23883747	0.0069650294096533	0.426038257161875	PLXNB2
chr22	43481955	43481955	cg03457302	0.0069810671882341	0.426550762236973	TTLL1
chr22	19709755	19709755	cg05726109	0.0069844376686591	0.426623315214123	SEPT5
chr22	50025307	50025307	cg19790884	0.0071067590806921	0.430140686876839	C22orf34
chr22	42475136	42475136	cg18034295	0.0071302597343213	0.430751634025091	FAM109B
chr22	46263479	46263479	cg03597976	0.0072519984879004	0.434600398698041	
chr22	50157941	50157941	cg04498921	0.0073846258022379	0.437688087206421	
chr22	17565455	17565455	cg01731685	0.0075156038428835	0.440770854018886	
chr22	36806580	36806580	cg03023089	0.00765252663893	0.443959660317637	
chr22	46684772	46684772	cg04431254	0.0076695760858223	0.44416581882617	TTC38
chr22	50481515	50481515	cg12646067	0.0076704770956889	0.44416581882617	TTLL8
chr22	29712045	29712045	cg16612562	0.0077923826775707	0.446869903679068	RASL10A
chr22	42308024	42308024	cg27051886	0.0078758626668919	0.448547238852753	SHISA8
chr22	37910994	37910994	cg08404546	0.0079558134336334	0.450770118382276	CARD10
chr22	50657729	50657729	cg26674402	0.0081942125700204	0.455991458397137	TUBGCP6
chr22	39777685	39777685	cg22263548	0.0083146974960384	0.458595147633407	SYNGR1
chr22	19960526	19960526	cg22906524	0.0083563079689705	0.459317788861066	ARVCF
chr22	47081904	47081904	cg18614510	0.0086573327314343	0.466858864707847	CERK
chr22	31043074	31043074	cg08622548	0.008670747897171	0.467160100216145	SLC35E4
chr22	45783055	45783055	cg07932983	0.0086778562346938	0.46733192726196	SMC1B
chr22	20343300	20343300	cg13838861	0.0087941615532813	0.469892327292989	XXbac-B33L19.3
chr22	24890831	24890831	cg02469909	0.008881304329615	0.471722194465222	ADORA2A-AS1,UPB1
chr22	31688301	31688301	cg04445214	0.0090360010598464	0.475184956713034	PIK3IP1
chr22	51016501	51016501	cg08260245	0.009064515173276	0.475699980427189	CHKB-CPT1B,CPT1B
chr22	17083483	17083483	cg00816224	0.0090737333460647	0.475769578222164	TPTEP1
chr22	51158720	51158720	cg13213810	0.0090771112058579	0.475884140811456	SHANK3
chr22	39770435	39770435	cg22628235	0.0092891791579923	0.480610600144226	SYNGR1
chr22	38221485	38221485	cg07416664	0.0092960990151507	0.480697660708269	GALR3
chr22	24224738	24224738	cg01854588	0.0093225485315573	0.481234298770385	AP000350.10,SLC2A11
chr22	16867837	16867837	cg10218524	0.0094879499931882	0.484957270935022	
chr22	36806185	36806185	cg18465694	0.0094894103026367	0.484957270935022	
chr22	42685959	42685959	cg05150697	0.0095841285657928	0.487174401755315	TCF20
chr22	47606154	47606154	cg05047205	0.0097512349908603	0.49130564080339	
chr22	42337657	42337657	cg21151899	0.0098583450151487	0.492937197670595	CENPM
chr22	38071535	38071535	cg21064451	0.0099038851978022	0.493905647849117	
chr22	50727524	50727524	cg01556979	0.0099545576162754	0.494861096044139	PLXNB2
chr22	42893039	42893039	cg10702394	0.0099627550557104	0.49489365177553	
chr22	49798592	49798592	cg16576575	0.0100078689027999	0.495968329150152	
chr22	39760158	39760158	cg09995596	0.0100678569818657	0.49727582086969	SYNGR1
chr22	50655833	50655833	cg03442372	0.0101356962132101	0.498387020331637	SELO
chr22	19746985	19746985	cg24753662	0.0101351920928247	0.498387020331637	TBX1
chr22	50529699	50529699	cg01603733	0.0101967295084006	0.499293248789803	MOV10L1
chr22	40815903	40815903	cg00818229	0.0102123308774271	0.4994928736165	MKL1
chr3	9989157	9989157	cg05851542	1.49499062956101e-05	0.054171566000017	PRRT3,PRRT3-AS1
chr3	23504895	23504895	cg05939647	7.29922468818087e-06	0.054171566000017	UBE2E2
chr3	24536077	24536077	cg09805010	1.21194039952244e-05	0.054171566000017	THRB,THRB-AS1
chr3	23522396	23522396	cg13266188	1.0412190493559e-05	0.054171566000017	UBE2E2
chr3	23631338	23631338	cg13334304	2.8322469795152e-06	0.054171566000017	UBE2E2
chr3	13245693	13245693	cg13526469	4.4539899429636e-06	0.054171566000017	
chr3	128212269	128212269	cg22122410	1.12350003767221e-05	0.054171566000017	RP11-475N22.4
chr3	62356223	62356223	cg10542584	2.76662766454631e-05	0.0543206248802127	FEZF2
chr3	74663796	74663796	cg00735667	2.90326509341311e-05	0.0543707177967035	
chr3	39188656	39188656	cg23654821	3.59444944248707e-05	0.0550731515654561	CSRNP1
chr3	128211540	128211540	cg02436004	4.0270826431351e-05	0.0556883318141202	GATA2,RP11-475N22.4
chr3	135684161	135684161	cg04907151	4.36457007041215e-05	0.0556883318141202	
chr3	39188743	39188743	cg16643088	4.41538792190245e-05	0.0556883318141202	CSRNP1
chr3	23548051	23548051	cg22954438	4.61626675109745e-05	0.0566307404953852	UBE2E2
chr3	135684163	135684163	cg07038400	5.51017415486177e-05	0.0579730003078526	
chr3	123005576	123005576	cg10699496	6.37399035543481e-05	0.0595600203487808	ADCY5
chr3	64142958	64142958	cg07259418	6.79463575377317e-05	0.0604479451349575	PRICKLE2
chr3	126009689	126009689	cg20181325	7.28679195154972e-05	0.0617657911216746	RP11-71E19.1,RP11-71E19.2
chr3	48507509	48507509	cg08477641	7.59049965880494e-05	0.0622354563449658	TREX1
chr3	128211687	128211687	cg16674492	8.44687183308701e-05	0.0640317342168169	GATA2,RP11-475N22.4
chr3	23448023	23448023	cg15288845	8.5477666604076e-05	0.0640992769774896	UBE2E2
chr3	73674170	73674170	cg14473924	9.35572025396203e-05	0.0659990865795516	PDZRN3-AS1
chr3	51746780	51746780	cg15287403	9.47705789467787e-05	0.0661947137266608	GRM2
chr3	51741135	51741135	cg12934382	9.93259482007723e-05	0.0677834745890456	GRM2
chr3	62363923	62363923	cg07791011	0.0001025181961247	0.0684186937300488	
chr3	23031969	23031969	cg21881756	0.0001098972934253	0.069656047044504	SALL4P5
chr3	12413888	12413888	cg16197186	0.0001194696824904	0.0718706907925928	PPARG
chr3	124604450	124604450	cg14112569	0.0001195884563614	0.0718712857154528	ITGB5
chr3	69143890	69143890	cg18156592	0.0001277942773245	0.0731706762342281	ARL6IP5
chr3	167742701	167742701	cg18098839	0.000134628610566	0.0745624368516858	GOLIM4
chr3	128212002	128212002	cg06490988	0.0001456588635287	0.0764022946398898	GATA2,RP11-475N22.4
chr3	9746060	9746060	cg20051033	0.0001497511430309	0.0770719028179603	CPNE9
chr3	181918981	181918981	cg02957997	0.0001522482456054	0.0774946767457551	
chr3	23305946	23305946	cg07208565	0.00015605830768	0.0779241199760572	UBE2E2
chr3	10857720	10857720	cg21123160	0.0001626161966733	0.0792183274715533	
chr3	51749782	51749782	cg15144016	0.0001690177800437	0.0807404135429724	GRM2
chr3	128211127	128211127	cg25772723	0.0001802743966336	0.083000634890553	GATA2,RP11-475N22.4
chr3	65342546	65342546	cg06271087	0.0001921341578613	0.0851870303647866	MAGI1
chr3	49757134	49757134	cg15865150	0.0002154373936145	0.0895446221153057	AMIGO3,GMPPB,RNF123
chr3	126062649	126062649	cg20955328	0.0002235322939655	0.0912227975276714	KLF15
chr3	126911764	126911764	cg22219795	0.0002250462873739	0.0913973049590972	
chr3	11135721	11135721	cg14227821	0.0002369757132984	0.0932923614849576	
chr3	48507610	48507610	cg26029997	0.0002414376427911	0.0939844964627334	TREX1
chr3	48507597	48507597	cg09692335	0.0002670319006596	0.0981396863095769	TREX1
chr3	23632111	23632111	cg01231125	0.00028983075189	0.101750858828288	UBE2E2
chr3	47520811	47520811	cg15565104	0.000312540197205	0.10508416801604	
chr3	24870667	24870667	cg16542478	0.0003133190135082	0.105115886582497	AC133680.1
chr3	126007421	126007421	cg03670452	0.000325241272499	0.10692566028045	RP11-71E19.1
chr3	126007326	126007326	cg03438417	0.0003284767235164	0.107439668923587	RP11-71E19.1
chr3	126007564	126007564	cg13708016	0.0003426374416388	0.109395304283977	RP11-71E19.1
chr3	170303540	170303540	cg05937737	0.0003462516855361	0.110190344972607	CLDN11,SLC7A14
chr3	53032818	53032818	cg15956490	0.0003687649192922	0.113131335177686	RP11-894J14.5,SFMBT1
chr3	147141589	147141589	cg17448336	0.0003884900771455	0.115492708080212	ZIC1
chr3	49756737	49756737	cg17321883	0.0004166124082692	0.119100498385153	AMIGO3,GMPPB,RNF123
chr3	26663593	26663593	cg04954680	0.0004435462485868	0.121803748805713	AC099754.1
chr3	32748005	32748005	cg27416337	0.0004616006092242	0.124189741491171	CNOT10
chr3	32860178	32860178	cg12338417	0.0005170156948867	0.130286493527784	TRIM71
chr3	73674166	73674166	cg24353443	0.0005205694970356	0.130748714075964	PDZRN3-AS1
chr3	55697983	55697983	cg20441035	0.0005500553800777	0.134161157102783	ERC2
chr3	128212273	128212273	cg19638477	0.0005722886688866	0.136866891503687	RP11-475N22.4
chr3	181445514	181445514	cg25382400	0.000598453643155	0.139157533073418	SOX2-OT
chr3	53528857	53528857	cg27335600	0.0005980451215341	0.139157533073418	CACNA1D
chr3	9594265	9594265	cg11084334	0.0006651835619346	0.146209429318306	LHFPL4
chr3	51740875	51740875	cg00664406	0.0006901079327787	0.148615813137289	
chr3	127871445	127871445	cg02508656	0.0007115295629072	0.15047931571749	RUVBL1
chr3	66002927	66002927	cg00779602	0.0007292758991553	0.152081109155572	MAGI1
chr3	192289246	192289246	cg17611045	0.0007281044165985	0.152081109155572	FGF12
chr3	9988590	9988590	cg01142302	0.0007371910282661	0.152997436169693	PRRT3
chr3	64085079	64085079	cg08804517	0.000762368370922	0.155332369631872	PRICKLE2,PRICKLE2-AS1,RP11-129B22.1
chr3	85008786	85008786	cg22380921	0.000767192580843	0.155821233899629	CADM2
chr3	12046421	12046421	cg10245988	0.0007782434391438	0.1566187267481	SYN2
chr3	147108917	147108917	cg15105326	0.0007856931338091	0.1570706377264	ZIC4
chr3	9908764	9908764	cg23030903	0.0007885670059033	0.157472871753344	CIDEC
chr3	49466586	49466586	cg19836345	0.0007950556714757	0.158022564002716	NICN1
chr3	239507	239507	cg19505136	0.000806656905619	0.159067210566645	CHL1
chr3	196690647	196690647	cg18471736	0.0008416689944409	0.162756572815304	PIGZ
chr3	10413861	10413861	cg02488870	0.0008634436954914	0.164874032024265	ATP2B2
chr3	147998651	147998651	cg24614951	0.0008703651969773	0.165410331699723	
chr3	147112081	147112081	cg02653559	0.0008739562728847	0.165579006140333	ZIC1,ZIC4
chr3	128210542	128210542	cg03839949	0.000885170259861	0.166518531111157	GATA2,RP11-475N22.4
chr3	48507618	48507618	cg19091784	0.0008856970166011	0.166530462115448	TREX1
chr3	62358234	62358234	cg03986829	0.0009719771314982	0.173963023802298	FEZF2
chr3	170303046	170303046	cg07766263	0.0010169642462348	0.178390805576567	CLDN11,SLC7A14
chr3	52529393	52529393	cg13421412	0.0010351580602345	0.179689492177972	STAB1
chr3	21448049	21448049	cg05061132	0.0010440522071921	0.180096903689375	VENTXP7
chr3	10857718	10857718	cg22331862	0.0011333600319961	0.187560745057661	
chr3	42624573	42624573	cg22638542	0.0011718721802153	0.190715480007958	SEC22C,SS18L2
chr3	69710710	69710710	cg12109221	0.0011807322003848	0.191301070431012	
chr3	125567196	125567196	cg19549465	0.0012008590770301	0.192768341778439	ENPP7P4,RP11-379B18.5
chr3	72492400	72492400	cg21448870	0.0012769621501969	0.197906629669172	RYBP
chr3	62354489	62354489	cg22618215	0.0012772332827614	0.197906629669172	PTPRG-AS1
chr3	6902846	6902846	cg18863595	0.0012981176010454	0.199217341673392	GRM7
chr3	147125925	147125925	cg12965599	0.0013027504005016	0.199246395655197	ZIC1
chr3	10363474	10363474	cg01433520	0.0013466212167859	0.202782765606514	
chr3	147072643	147072643	cg18252903	0.0013798901031698	0.205192670768072	RP11-649A16.1
chr3	57015102	57015102	cg11229273	0.0013832221180844	0.205419386743397	ARHGEF3
chr3	140401543	140401543	cg20677019	0.0013915650440681	0.205921076806664	TRIM42
chr3	73674160	73674160	cg05502701	0.0014404718421639	0.209895818014275	PDZRN3-AS1
chr3	187456175	187456175	cg17298181	0.0014681573654918	0.211458039533549	BCL6
chr3	147123475	147123475	cg19516404	0.0014764487258967	0.212153033035196	ZIC1,ZIC4
chr3	105377640	105377640	cg02696971	0.0014989285738469	0.213534440390313	CBLB
chr3	42705828	42705828	cg23202468	0.0015260543830915	0.214942868693433	ZBTB47
chr3	118753094	118753094	cg09465834	0.0015385853058488	0.215943239463735	IGSF11
chr3	3841131	3841131	cg10507275	0.0015384296559701	0.215943239463735	LRRN1,SUMF1
chr3	26664116	26664116	cg13787438	0.0015645006961709	0.21749762099569	AC099754.1
chr3	8811758	8811758	cg14483142	0.001572433191142	0.217945225288298	CAV3
chr3	147125759	147125759	cg08070771	0.0015747141381633	0.218041563500206	ZIC1
chr3	169781623	169781623	cg03657064	0.0016301455321803	0.220826105691967	GPR160
chr3	126261298	126261298	cg04527018	0.0016310024876515	0.220826105691967	C3orf22,CHST13
chr3	69230154	69230154	cg12122302	0.0016308043645525	0.220826105691967	FRMD4B
chr3	3842718	3842718	cg17199247	0.0016453335362335	0.221213516790188	LRRN1,SUMF1
chr3	68057322	68057322	cg21186449	0.001677547784884	0.223511728473123	FAM19A1
chr3	62861056	62861056	cg15957055	0.0017081983459359	0.225396380514595	
chr3	64201741	64201741	cg23021076	0.0017279625330886	0.227000310287211	PRICKLE2
chr3	10005828	10005828	cg07045054	0.0017400098646746	0.227545241185466	EMC3
chr3	17229223	17229223	cg05769535	0.0017439644911893	0.227919679734476	TBC1D5
chr3	62357177	62357177	cg18525486	0.00182673476068	0.233273585873478	FEZF2
chr3	51741281	51741281	cg00303541	0.0018304277925337	0.233543794571911	GRM2
chr3	116745422	116745422	cg01370599	0.0018513546246009	0.234720521804735	LSAMP
chr3	192127458	192127458	cg08002883	0.0018506471773924	0.234720521804735	FGF12
chr3	69812434	69812434	cg15023858	0.0019026536020362	0.238045132566641	MITF
chr3	62358380	62358380	cg26136365	0.0019813791057889	0.242910564883969	FEZF2
chr3	10182212	10182212	cg22730772	0.0020328050775231	0.246002101815266	
chr3	51740851	51740851	cg21899500	0.0020506793853304	0.247072167437259	
chr3	112395854	112395854	cg09621958	0.0020888275175551	0.249136521794708	
chr3	350892	350892	cg00907008	0.0021439478501526	0.252146739599242	CHL1,RPS8P6
chr3	49757239	49757239	cg25755107	0.0021607323047146	0.253344734951069	AMIGO3,GMPPB,RNF123
chr3	13921227	13921227	cg00625653	0.0022284830813422	0.256340907646482	WNT7A
chr3	197439242	197439242	cg05143530	0.0022323862962414	0.256587433934558	KIAA0226
chr3	125677281	125677281	cg25789277	0.0022332782657551	0.25665464272623	
chr3	56501353	56501353	cg25005894	0.0022460229194543	0.257383867618743	ERC2
chr3	148966943	148966943	cg15451075	0.0022517002172017	0.257688314731656	CPHL1P
chr3	165636576	165636576	cg04397547	0.0023383454067672	0.262623414336221	
chr3	64547311	64547311	cg22118297	0.0023545087963328	0.263495275651316	ADAMTS9,ADAMTS9-AS1
chr3	26663552	26663552	cg18404374	0.0024283787818699	0.267590620831798	AC099754.1
chr3	16974160	16974160	cg20271057	0.0024357606462778	0.267832628613501	PLCL2
chr3	10417183	10417183	cg22617878	0.0025350521620983	0.272655679781217	ATP2B2
chr3	73674068	73674068	cg11148130	0.002545755915598	0.273064695231426	PDZRN3,PDZRN3-AS1
chr3	124578368	124578368	cg25351572	0.0026015707421741	0.275273534790755	ITGB5
chr3	126062602	126062602	cg06491573	0.0026809541497164	0.279565521391236	KLF15
chr3	9960499	9960499	cg16366604	0.0026990524237414	0.280729791208673	IL17RC
chr3	122863126	122863126	cg03981286	0.0027585739388852	0.283483790364321	PDIA5
chr3	62364811	62364811	cg09891125	0.0027576471824861	0.283483790364321	
chr3	93747528	93747528	cg19847038	0.0027688563890291	0.283740115619848	ARL13B
chr3	123166882	123166882	cg04908625	0.0028009791139997	0.285405918171836	ADCY5
chr3	26666061	26666061	cg26263234	0.0028034419978438	0.285442319338788	LRRC3B
chr3	47168872	47168872	cg07757460	0.0028408296674677	0.287139347074007	SETD2
chr3	128210151	128210151	cg07841173	0.0028493092781954	0.287345305877377	GATA2,RP11-475N22.4
chr3	28616942	28616942	cg03553587	0.0029623894379687	0.292592549352516	LINC00693
chr3	196315220	196315220	cg20107840	0.0029730209449209	0.293186683843987	FBXO45
chr3	6903154	6903154	cg02332525	0.0031419872891263	0.302034131231847	GRM7
chr3	42727843	42727843	cg02900978	0.00326828946412	0.307529178058101	KLHL40
chr3	51740742	51740742	cg25693132	0.0032795997806443	0.30803070886492	
chr3	42695581	42695581	cg07905673	0.0032975462050315	0.308717288297883	RP4-613B23.1,ZBTB47
chr3	153839954	153839954	cg17338501	0.0033573695361495	0.311455771115094	ARHGEF26
chr3	181328114	181328114	cg04240809	0.0034665254156327	0.315510403376688	SOX2-OT
chr3	40529908	40529908	cg04203628	0.0034973791695408	0.317016018486977	ZNF619
chr3	62362660	62362660	cg17886399	0.0036308450427773	0.322054952937468	
chr3	121714109	121714109	cg11854227	0.0037786012030291	0.327546071376329	ILDR1
chr3	126062822	126062822	cg21532564	0.0037818138395701	0.327686853481701	KLF15
chr3	52529285	52529285	cg13267324	0.0037997239575475	0.328387192355921	
chr3	51740896	51740896	cg04453050	0.0038206990803385	0.329388682430048	
chr3	62304554	62304554	cg01384143	0.0038540375887432	0.330497124650418	PTPRG-AS1
chr3	70008488	70008488	cg12441997	0.003859753725426	0.330542407501857	MITF
chr3	47887957	47887957	cg14915620	0.003975538019738	0.335133679714743	DHX30
chr3	96533700	96533700	cg05827732	0.0040235390296734	0.336789568474389	EPHA6
chr3	27754050	27754050	cg26066512	0.0040968152199102	0.338882356423145	
chr3	11632974	11632974	cg00691123	0.004136348318319	0.340356543201028	VGLL4
chr3	49756572	49756572	cg15078681	0.0041540709152094	0.340961561970167	AMIGO3,GMPPB,RNF123
chr3	62353708	62353708	cg21148362	0.0041572334601232	0.341043380586956	PTPRG-AS1
chr3	195989297	195989297	cg05065603	0.0042052761080749	0.342796479655251	PCYT1A,RP11-447L10.1
chr3	21792434	21792434	cg18267381	0.0042313438303982	0.343914635237895	ZNF385D
chr3	122740578	122740578	cg24394643	0.0042778227953209	0.34567439928598	SEMA5B
chr3	192289253	192289253	cg14463292	0.0043568431920338	0.348920863263552	FGF12
chr3	49460057	49460057	cg14184400	0.0044131166857743	0.35107160634816	AMT
chr3	147127013	147127013	cg01227537	0.0044208602144438	0.351419895402115	ZIC1
chr3	12851576	12851576	cg10601972	0.004452384702522	0.352617218286369	CAND2
chr3	52528714	52528714	cg01966117	0.004460605627996	0.352804788000763	
chr3	42705925	42705925	cg06181470	0.0044663002022108	0.352920674656181	ZBTB47
chr3	9745370	9745370	cg16191009	0.0045822063786089	0.356676860913534	
chr3	42113624	42113624	cg05628049	0.0045847266138603	0.356773303244244	TRAK1
chr3	195488922	195488922	cg27353899	0.0046325596397302	0.358365319298952	MUC4
chr3	3840361	3840361	cg12136608	0.004706123331259	0.360260735164553	SUMF1
chr3	23641715	23641715	cg07379779	0.0047167787745695	0.36048033307707	
chr3	23590053	23590053	cg04580068	0.0047384503337923	0.36118838165293	UBE2E2
chr3	3841458	3841458	cg14784497	0.0047400069248359	0.36118838165293	LRRN1,SUMF1
chr3	88195824	88195824	cg12384231	0.0049773202502468	0.369297799691776	CGGBP1
chr3	62356775	62356775	cg15422685	0.0050068989178076	0.370257316184724	FEZF2
chr3	73159080	73159080	cg24042275	0.0051404342776722	0.374416701044222	
chr3	147108844	147108844	cg16768018	0.005189672503814	0.376200290585568	ZIC4
chr3	239734	239734	cg03940684	0.0052593089438001	0.377925598061538	CHL1
chr3	30700056	30700056	cg09417692	0.0053218409361114	0.379944239822509	TGFBR2
chr3	42201315	42201315	cg01855070	0.00534119708662	0.380578059965725	TRAK1
chr3	124592581	124592581	cg12253414	0.0054235064267589	0.383239406001295	ITGB5
chr3	69928180	69928180	cg00130817	0.0054293663659856	0.383491290996778	MITF
chr3	9594386	9594386	cg04061117	0.0056234971487619	0.388954849314439	LHFPL4
chr3	124491658	124491658	cg18770216	0.0056270327078361	0.389036710679073	ITGB5
chr3	33140160	33140160	cg05120113	0.0057105753915059	0.391281449984002	
chr3	63922543	63922543	cg07139503	0.0057716112489005	0.393299125168366	ATXN7
chr3	136062741	136062741	cg25498969	0.0057772182675669	0.39341746454179	STAG1
chr3	195769452	195769452	cg09834771	0.005907452741385	0.396794438078462	TFRC
chr3	52351964	52351964	cg22084642	0.006024044664418	0.400498237031969	DNAH1
chr3	11610339	11610339	cg15736553	0.0061209889550124	0.403491240540113	VGLL4
chr3	188623991	188623991	cg27225068	0.0062306952110397	0.406668514990388	
chr3	127450622	127450622	cg03025089	0.0062728835386734	0.407702778591444	MGLL
chr3	42706066	42706066	cg03540622	0.0063353843204626	0.409471206291849	ZBTB47
chr3	9746637	9746637	cg23681664	0.0063814797787191	0.410610726035054	CPNE9
chr3	10976964	10976964	cg04746240	0.0064124189331668	0.411145393891407	SLC6A11
chr3	128216123	128216123	cg18746336	0.0064205159408909	0.411440018687161	RP11-475N22.4
chr3	147110368	147110368	cg08812189	0.0065852323948376	0.416290525166064	ZIC4
chr3	64211156	64211156	cg25818214	0.0065853217427742	0.416290525166064	PRICKLE2
chr3	67754378	67754378	cg12680150	0.006622270802675	0.417609485129753	RP11-81N13.1
chr3	47397853	47397853	cg25606780	0.006718215958476	0.420014026308983	
chr3	74663689	74663689	cg24346629	0.0068474238226649	0.422932334819588	
chr3	2526630	2526630	cg23163386	0.006857626963864	0.423111196287956	CNTN4
chr3	49466298	49466298	cg14652230	0.0069302203985262	0.424951714764699	NICN1
chr3	65342217	65342217	cg01172682	0.0069733141204975	0.426264108744075	MAGI1
chr3	52162694	52162694	cg13504933	0.0070987020703279	0.429933382389482	POC1A
chr3	62304780	62304780	cg01832005	0.0071865436046683	0.43258766949173	C3orf14,PTPRG-AS1
chr3	52182592	52182592	cg14958373	0.0072664520529607	0.434703889808799	POC1A
chr3	126260261	126260261	cg00180447	0.0072815248342058	0.435194795185724	C3orf22,CHST13
chr3	73159954	73159954	cg07867325	0.0073996023632784	0.438026886665348	
chr3	9745610	9745610	cg02741521	0.007418394802046	0.438424771090511	CPNE9
chr3	42201375	42201375	cg08804892	0.0074278810071415	0.43863191458944	TRAK1
chr3	172167644	172167644	cg06737494	0.0075719424302838	0.442490649580688	
chr3	142735186	142735186	cg02351425	0.0076781806347266	0.44416581882617	U2SURP
chr3	51740202	51740202	cg13139998	0.0076765880858954	0.44416581882617	
chr3	11597868	11597868	cg02131130	0.0077435372901889	0.445628941874782	ATG7,VGLL4
chr3	49570215	49570215	cg02782331	0.0077521080320023	0.445999276523824	DAG1
chr3	184043401	184043401	cg03374317	0.0077813730503575	0.446575757802239	EIF2B5,EIF4G1
chr3	238615	238615	cg07746943	0.0077947217495825	0.446908035893771	CHL1,CHL1-AS2
chr3	64253535	64253535	cg15310857	0.0078018311790293	0.447036975528397	PRICKLE2
chr3	48507386	48507386	cg27340749	0.0078617381380293	0.448445997631826	TREX1
chr3	64788295	64788295	cg13519595	0.0078844754273466	0.448699839551262	ADAMTS9-AS2
chr3	61548172	61548172	cg20522387	0.0078961570221976	0.449068877657073	PTPRG
chr3	11519637	11519637	cg19927020	0.0080490450935279	0.452743413585223	ATG7
chr3	63264250	63264250	cg15056773	0.0080971819226478	0.453901375728118	SYNPR
chr3	147126764	147126764	cg26014538	0.008116594238335	0.454419395164863	ZIC1
chr3	183959551	183959551	cg16625004	0.0081319790880907	0.454884418021611	EIF2B5,VWA5B2
chr3	26664405	26664405	cg03496122	0.0081835146887711	0.455783412201981	LRRC3B
chr3	62355444	62355444	cg12378187	0.0081986203896764	0.456080349324945	FEZF2
chr3	123031943	123031943	cg12370175	0.0084182795079804	0.461323263297013	ADCY5
chr3	8715644	8715644	cg03328265	0.0084831262930647	0.462787162805317	SSUH2
chr3	11034312	11034312	cg15445554	0.0085045329681078	0.463004975176487	
chr3	125462890	125462890	cg21116334	0.0085007175453172	0.463004975176487	
chr3	66306234	66306234	cg23247879	0.0085473582661858	0.463621898854407	SLC25A26
chr3	52529085	52529085	cg10061138	0.0086015162259637	0.465320749627526	
chr3	62364077	62364077	cg05344949	0.0086626304942511	0.466917649746455	
chr3	12851901	12851901	cg00213967	0.008697815552516	0.467763487743267	CAND2
chr3	44379104	44379104	cg17038857	0.008699277874798	0.467763487743267	
chr3	9745461	9745461	cg16452224	0.0087187988717589	0.468042318124639	
chr3	13611751	13611751	cg04513540	0.0087290897381681	0.468249830535701	FBLN2
chr3	124859347	124859347	cg24984735	0.0087528322850863	0.468852809370331	SLC12A8
chr3	121949110	121949110	cg03198317	0.0088897895302242	0.471870570531298	CASR
chr3	69435510	69435510	cg05795931	0.0088951837033786	0.472032224203782	FRMD4B
chr3	73674087	73674087	cg08141424	0.0091250160038587	0.47675283752627	PDZRN3,PDZRN3-AS1
chr3	54155978	54155978	cg07449069	0.0091917925698834	0.478496212308025	
chr3	45188140	45188140	cg13722619	0.0092502137765461	0.479933476403653	
chr3	49459909	49459909	cg21926782	0.0092891687614988	0.480610600144226	AMT
chr3	53528163	53528163	cg07883600	0.0093772678435488	0.482422692941106	
chr3	48617083	48617083	cg09150212	0.0097333759629636	0.490914038017556	COL7A1
chr3	45209040	45209040	cg07891533	0.0099882643421602	0.495449388721206	
chr3	49716137	49716137	cg16908913	0.010190893946082	0.499198064848842	APEH
chr4	1192054	1192054	cg15986469	1.46720650853564e-05	0.054171566000017	SPON2
chr4	7940580	7940580	cg22079161	7.79936884321984e-06	0.054171566000017	AFAP1
chr4	9783197	9783197	cg23847712	1.60275930664908e-05	0.054171566000017	SLC2A9
chr4	4864321	4864321	cg27038439	1.96092113845844e-05	0.054171566000017	MSX1
chr4	4864293	4864293	cg15848031	2.59457254092873e-05	0.0543206248802127	MSX1
chr4	6201431	6201431	cg17470837	2.5747140918383e-05	0.0543206248802127	JAKMIP1
chr4	183721184	183721184	cg22051345	2.59611901198806e-05	0.0543206248802127	TENM3
chr4	961658	961658	cg22718636	2.54672528637979e-05	0.0543206248802127	DGKQ
chr4	9783199	9783199	cg03045635	3.03877134224446e-05	0.0543707177967035	SLC2A9
chr4	5894691	5894691	cg03544320	2.88884303513681e-05	0.0543707177967035	CRMP1
chr4	962124	962124	cg20456258	3.50693156279593e-05	0.0544535213260053	DGKQ
chr4	184021302	184021302	cg19930288	4.25476146580074e-05	0.0556883318141202	WWC2
chr4	998216	998216	cg22768891	5.72386942338326e-05	0.0588139199961791	IDUA
chr4	156297616	156297616	cg17780956	5.73600673708426e-05	0.0588662271742632	AC097467.2,MAP9
chr4	183721716	183721716	cg16690577	5.89490470169044e-05	0.0589438365507034	TENM3
chr4	1623883	1623883	cg13929734	6.06936603484953e-05	0.0594180508837887	FAM53A
chr4	1192501	1192501	cg14594485	6.11862964255952e-05	0.0595530723273388	SPON2
chr4	147560127	147560127	cg24199834	6.40623809096303e-05	0.0596618614493153	POU4F2
chr4	5890424	5890424	cg09562045	6.69184404517701e-05	0.0601743006178223	CRMP1
chr4	1172078	1172078	cg23892392	7.54149594308113e-05	0.0621912105819887	SPON2
chr4	182287027	182287027	cg21181756	8.31685899102117e-05	0.0636548161113578	
chr4	5053496	5053496	cg23300732	8.97701641023516e-05	0.0649841083768092	STK32B
chr4	3365415	3365415	cg15230030	9.08650340880478e-05	0.0652244226631007	RGS12
chr4	4022851	4022851	cg03779499	9.99666671219673e-05	0.0679110935812665	
chr4	8582301	8582301	cg10189695	0.0001027260147076	0.0684646152701841	GPR78
chr4	5053504	5053504	cg08323075	0.0001051519202998	0.0691335851215993	STK32B
chr4	5713101	5713101	cg16418810	0.0001078187896657	0.0692733812010263	EVC
chr4	189718344	189718344	cg17124565	0.0001063901009819	0.0692733812010263	
chr4	1396593	1396593	cg27655158	0.0001170849469543	0.0715358826728839	
chr4	1675573	1675573	cg12387859	0.0001204506798397	0.0720326998113761	FAM53A
chr4	46911333	46911333	cg27299949	0.0001220624331596	0.0722663239108987	
chr4	5830277	5830277	cg10827676	0.0001316559680556	0.0741557685238139	CRMP1,EVC
chr4	1657193	1657193	cg17584303	0.0001344612805559	0.0745358047665402	FAM53A
chr4	982827	982827	cg02776128	0.0001375534486763	0.0752242586824492	IDUA,SLC26A1
chr4	1198278	1198278	cg21380181	0.0001429676716277	0.0759487815647982	SPON2
chr4	119947252	119947252	cg13541713	0.0001475689927728	0.0767881047387209	SYNPO2
chr4	4412189	4412189	cg05031993	0.0001538161700453	0.0776868375063034	NSG1
chr4	3435449	3435449	cg06919392	0.0001658534300491	0.0800864990022344	RGS12
chr4	1569919	1569919	cg13260474	0.0001668940161205	0.0803243332322553	
chr4	189580331	189580331	cg04130455	0.0001718901702745	0.0813422624098292	LINC01060
chr4	1671864	1671864	cg14525379	0.0001738839304178	0.0816929965086444	FAM53A
chr4	189718094	189718094	cg03720854	0.0001803217098659	0.083000634890553	
chr4	21950155	21950155	cg07204550	0.0002078602642253	0.0881661040991566	KCNIP4
chr4	20256841	20256841	cg03260566	0.000218360671578	0.0900612647947006	SLIT2
chr4	156298333	156298333	cg24512097	0.0002223530576804	0.09096374300036	AC097467.2
chr4	11401662	11401662	cg23399441	0.0002242921957217	0.0913334328410184	HS3ST1
chr4	184922434	184922434	cg08715725	0.0002355906466718	0.0930086488056967	STOX2
chr4	41983716	41983716	cg16000989	0.0002357498506963	0.0930275369747829	DCAF4L1
chr4	158141571	158141571	cg00699993	0.0002401586534581	0.0936555782661701	GRIA2
chr4	49519998	49519998	cg04747827	0.0002513026169984	0.0956203098715149	
chr4	184907161	184907161	cg12432155	0.0002515503733733	0.0956203098715149	STOX2
chr4	7666053	7666053	cg24579377	0.0002577337153641	0.0966842770297367	SORCS2
chr4	1166840	1166840	cg05318361	0.0002582198370235	0.096742884000804	SPON2
chr4	4868442	4868442	cg22879667	0.000265444602947	0.0979008917184392	
chr4	8221472	8221472	cg04332454	0.0002670092109702	0.0981396863095769	SH3TC1
chr4	1201589	1201589	cg20756245	0.0002669308902154	0.0981396863095769	SPON2
chr4	189580508	189580508	cg13298070	0.0002684273246724	0.0985658056795194	LINC01060
chr4	81124121	81124121	cg20817902	0.0002754847384537	0.0996677297102878	PRDM8
chr4	3392103	3392103	cg18898336	0.0002774171579948	0.0999340581900618	RGS12
chr4	158144021	158144021	cg00463631	0.0002793907746223	0.10025592309252	GRIA2
chr4	11401665	11401665	cg07478111	0.0002796446622618	0.100264040106902	HS3ST1
chr4	81123614	81123614	cg22054918	0.0002933443541322	0.102275561973666	PRDM8
chr4	190861959	190861959	cg11759477	0.0002956984491444	0.102546452481712	FRG1
chr4	8230054	8230054	cg20277282	0.0003061135016885	0.104389196116323	SH3TC1
chr4	1657305	1657305	cg07288049	0.0003098554047931	0.104748574920556	FAM53A
chr4	4860061	4860061	cg15092343	0.0003159272091256	0.105368523339912	
chr4	184922647	184922647	cg19147428	0.000319174041072	0.106100157336447	STOX2
chr4	184938292	184938292	cg15031753	0.0003239320473773	0.106789427839707	STOX2
chr4	9783207	9783207	cg04597433	0.0003263106179265	0.107066538153878	SLC2A9
chr4	115519593	115519593	cg17187287	0.0003305305136601	0.107858045827483	
chr4	90759204	90759204	cg12030690	0.000333723700593	0.108483992142937	RP11-67M1.1,SNCA
chr4	49520011	49520011	cg25730666	0.0003575319915662	0.112002097570825	
chr4	1198308	1198308	cg18406106	0.000381718341256	0.114929351151243	SPON2
chr4	5053153	5053153	cg19764048	0.0003888744246316	0.115565842619095	
chr4	184256627	184256627	cg09435170	0.0004064358710488	0.118301727993586	
chr4	84031408	84031408	cg01189092	0.0004087399237726	0.118468543702778	PLAC8
chr4	166794971	166794971	cg19898128	0.0004177386593655	0.119117526892275	TLL1
chr4	1671970	1671970	cg02980670	0.0004188469473376	0.119133077897586	FAM53A
chr4	5928128	5928128	cg05549970	0.0004397306025886	0.121725291696194	
chr4	184922407	184922407	cg24802835	0.0004503783865938	0.122858554640456	STOX2
chr4	1201316	1201316	cg27660248	0.0004507778155999	0.122865631705296	SPON2
chr4	3425911	3425911	cg15111822	0.0004530065232982	0.123146381831981	RGS12
chr4	3433109	3433109	cg01557907	0.0004537954213859	0.12325794040345	RGS12
chr4	116035217	116035217	cg14204430	0.0004632175783697	0.124464432715685	
chr4	3435525	3435525	cg17066954	0.0004717622150523	0.125309344558717	RGS12
chr4	24801111	24801111	cg10766585	0.0004724169361675	0.125403503537977	SOD3
chr4	12611356	12611356	cg13576505	0.0005022822742298	0.128496529779253	
chr4	3338141	3338141	cg14632469	0.0005111688054334	0.129506654836625	RGS12
chr4	79472644	79472644	cg06964816	0.0005126607796577	0.129658942217932	
chr4	9937675	9937675	cg04077085	0.0005219330400196	0.130938775318265	SLC2A9
chr4	41747896	41747896	cg10192893	0.0005282506245646	0.131963767118743	PHOX2B
chr4	1164682	1164682	cg20212775	0.0005384811655974	0.132655017761668	SPON2
chr4	169550454	169550454	cg16527693	0.0005451912665336	0.13355970941035	PALLD
chr4	1398383	1398383	cg08160091	0.0005543595423994	0.134890546625679	NKX1-1
chr4	3617256	3617256	cg08629836	0.0005633537042797	0.135835596047374	
chr4	4379651	4379651	cg12000932	0.0005658157244548	0.136176244598319	NSG1
chr4	81124484	81124484	cg23874561	0.0005699997982739	0.136632141028209	PRDM8
chr4	7638050	7638050	cg03084652	0.0005782464237311	0.137361691869434	SORCS2
chr4	1671500	1671500	cg04955210	0.0005833846031155	0.13780550100958	FAM53A
chr4	1386429	1386429	cg06166639	0.0006110639584416	0.140535796164232	CRIPAK
chr4	1189038	1189038	cg04480280	0.0006175974656422	0.141160682226244	SPON2
chr4	1600073	1600073	cg12456280	0.0006209478478488	0.14138012740499	
chr4	3315430	3315430	cg12030215	0.0006359868465553	0.143026553809444	RGS12
chr4	974821	974821	cg18168751	0.0006569755908519	0.145408628540625	DGKQ,SLC26A1
chr4	8347674	8347674	cg14802680	0.0006656392820111	0.146209429318306	
chr4	3289826	3289826	cg17453359	0.000669184171661	0.146416529557373	
chr4	984132	984132	cg03402994	0.0006915017364754	0.148728777447595	IDUA,SLC26A1
chr4	1408936	1408936	cg26675664	0.0006998353596457	0.149534546414027	
chr4	187646055	187646055	cg23271556	0.0007020909724668	0.149667533053566	FAT1
chr4	3426364	3426364	cg23714660	0.00071213812186	0.150493719051542	RGS12
chr4	21950173	21950173	cg06482428	0.0007182092115294	0.150936679716273	KCNIP4
chr4	1016081	1016081	cg27309282	0.0007414769937967	0.153508455775508	FGFRL1
chr4	9783193	9783193	cg26296488	0.0007578639202504	0.154928256536253	SLC2A9
chr4	184930888	184930888	cg14949231	0.000768145280126	0.155866402941488	STOX2
chr4	7941792	7941792	cg26888530	0.0007780787655284	0.1566187267481	AC097381.1
chr4	7646087	7646087	cg01497434	0.0008006060091337	0.158636228414884	SORCS2
chr4	78978538	78978538	cg14502728	0.0008011990197127	0.158639684734182	
chr4	115519436	115519436	cg12217987	0.0008094199075737	0.159303767471377	
chr4	1684739	1684739	cg08833010	0.000820904135095	0.16066011196878	FAM53A
chr4	156298326	156298326	cg03251918	0.0008310634522229	0.161754147329292	AC097467.2
chr4	81124600	81124600	cg18235100	0.0008373953315757	0.162424723838393	PRDM8
chr4	190018035	190018035	cg22552619	0.0008485226755875	0.163476425644895	
chr4	1198479	1198479	cg21987921	0.0008516877235231	0.163716811853866	SPON2
chr4	3425257	3425257	cg04641962	0.0008661679452537	0.165057578620618	RGS12
chr4	1202696	1202696	cg16721321	0.0008697195406814	0.165410331699723	SPON2
chr4	645257	645257	cg27357918	0.0008926545308238	0.167460225922408	PDE6B
chr4	3409018	3409018	cg24599270	0.0008978583641573	0.167878737008182	RGS12
chr4	5892072	5892072	cg04575395	0.000899096990156	0.167952202382523	CRMP1
chr4	1362393	1362393	cg10441983	0.0009171328132214	0.169257422925253	UVSSA
chr4	1595727	1595727	cg03799405	0.0009217936146424	0.169650235522868	
chr4	9922462	9922462	cg11158629	0.0009855804107632	0.175416339836572	SLC2A9
chr4	21470138	21470138	cg21891490	0.0009943265153635	0.176340032184741	KCNIP4
chr4	81123380	81123380	cg14326413	0.0009961330994139	0.176451164501659	PRDM8
chr4	1372466	1372466	cg25919687	0.000998804313441	0.176811857286824	UVSSA
chr4	3568237	3568237	cg14542004	0.0010530657498598	0.181006575925775	
chr4	38859770	38859770	cg14578677	0.0010544495507676	0.181006575925775	
chr4	184930960	184930960	cg05539370	0.0011006391203637	0.184402550484802	STOX2
chr4	3316915	3316915	cg05434900	0.0011091352844904	0.185160427487201	RGS12
chr4	985237	985237	cg05208196	0.0011242893190625	0.186794364682283	IDUA,SLC26A1
chr4	4864532	4864532	cg09748975	0.0011294599353347	0.187273482585509	MSX1
chr4	3378207	3378207	cg22847870	0.0011555012396162	0.189492676196149	RGS12
chr4	184930579	184930579	cg25916662	0.0011596880394956	0.189769488012852	STOX2
chr4	166795261	166795261	cg12836011	0.0011706708371083	0.190633134479249	TLL1
chr4	62066212	62066212	cg02936451	0.0011782601641375	0.191172190073719	
chr4	1582182	1582182	cg19704288	0.0011763427713544	0.191172190073719	
chr4	1202509	1202509	cg09865015	0.001181394741852	0.19133510102364	SPON2
chr4	84031143	84031143	cg23704733	0.001193439416084	0.192068958649618	PLAC8
chr4	84031131	84031131	cg27284088	0.0011947393951746	0.192068958649618	PLAC8
chr4	2322053	2322053	cg01161042	0.0012061459001124	0.193079365776009	ZFYVE28
chr4	8583363	8583363	cg15657936	0.0012132449238637	0.193462085802482	GPR78
chr4	1189213	1189213	cg22873748	0.0012143357940623	0.19351860923865	SPON2
chr4	171964547	171964547	cg22364126	0.0012235816686782	0.19432000820506	RP11-344G13.1
chr4	3315423	3315423	cg18130069	0.0012283918859352	0.194331425804344	RGS12
chr4	1203001	1203001	cg27173148	0.0012294570387078	0.194331425804344	
chr4	4857441	4857441	cg03196097	0.0012444741431679	0.195304277940798	
chr4	189027935	189027935	cg05833104	0.0012715987013003	0.197519615749367	RP11-713C19.1,TRIML2
chr4	16085077	16085077	cg12839172	0.0012786209628563	0.197911192926655	PROM1
chr4	141017399	141017399	cg03652336	0.0013004779351511	0.199217341673392	MAML3
chr4	2795456	2795456	cg04862097	0.0013170368819655	0.200448762600012	SH3BP2
chr4	38140213	38140213	cg17185267	0.0013339901231961	0.201936675515179	TBC1D1
chr4	11370467	11370467	cg11636702	0.0013376953760411	0.202111762898349	MIR572
chr4	147558239	147558239	cg02650266	0.0013489217083086	0.202967042649349	
chr4	186942886	186942886	cg06812822	0.0013506206248542	0.202999883747209	
chr4	968604	968604	cg17256253	0.0013521784000297	0.203014859587784	DGKQ
chr4	184937962	184937962	cg01104377	0.0013723687807846	0.204429600192444	STOX2
chr4	1015600	1015600	cg02014217	0.0013807768771276	0.205206551434264	FGFRL1
chr4	3292387	3292387	cg01369033	0.0014049002713925	0.206877694220747	
chr4	10462903	10462903	cg07171111	0.0014242581137225	0.208568710455449	
chr4	8603072	8603072	cg05384957	0.0014444514041793	0.210067059817551	CPZ,GPR78
chr4	184930220	184930220	cg22054328	0.0014465264925554	0.210154890816005	STOX2
chr4	124814442	124814442	cg01723706	0.0014523474920178	0.210460787061016	LINC01091
chr4	3433527	3433527	cg01085866	0.0014561229458487	0.210736394971888	RGS12
chr4	997351	997351	cg08332990	0.0014726363330391	0.21181165703792	IDUA
chr4	81123369	81123369	cg05974274	0.0014813457462545	0.212406062724277	PRDM8
chr4	147558435	147558435	cg05991454	0.0014900264214172	0.212911419902508	
chr4	651114	651114	cg05139709	0.0014983078321016	0.213518834345632	PDE6B
chr4	190567324	190567324	cg27577760	0.0015136319819126	0.214131888782105	
chr4	1615272	1615272	cg00010108	0.00152013555008	0.21450704645482	
chr4	82136116	82136116	cg01508023	0.0015384931442293	0.215943239463735	PRKG2
chr4	976565	976565	cg16868776	0.0015519948537123	0.216781330213531	DGKQ,SLC26A1
chr4	184930940	184930940	cg27457427	0.0015865178718923	0.21863891343344	STOX2
chr4	13626623	13626623	cg17123569	0.0016035904509847	0.219714247892558	BOD1L1
chr4	1202657	1202657	cg04228083	0.0016065598374353	0.219852185150087	SPON2
chr4	10830667	10830667	cg12286403	0.0016073346530099	0.219852185150087	
chr4	84031513	84031513	cg23765701	0.0016297549372391	0.220826105691967	PLAC8
chr4	147561203	147561203	cg06083330	0.0016421053610841	0.221213516790188	POU4F2
chr4	1322082	1322082	cg19318889	0.0016819425716912	0.223669034127382	MAEA
chr4	757312	757312	cg08462372	0.0017244990543382	0.226866405199809	PCGF3,RP11-440L14.1
chr4	62066539	62066539	cg05491001	0.0017813695416023	0.230059735462924	
chr4	3516638	3516638	cg04857395	0.0017984331587534	0.2313109009331	LRPAP1
chr4	1803444	1803444	cg00525145	0.0018069086794014	0.232008074261647	FGFR3
chr4	1806163	1806163	cg14399850	0.0018200520694121	0.232920989874759	FGFR3
chr4	25033126	25033126	cg27177983	0.0018306109202068	0.233543794571911	
chr4	3318072	3318072	cg16987761	0.0018511852284913	0.234720521804735	RGS12
chr4	174429649	174429649	cg07409418	0.0018581155232554	0.235133303550314	
chr4	8242746	8242746	cg11111226	0.0018618684572954	0.235339158820509	SH3TC1
chr4	38662991	38662991	cg00753676	0.0018771994746552	0.236177932398127	AC021860.1,RP11-617D20.1
chr4	6010164	6010164	cg25970575	0.0019607757645689	0.241661418346266	
chr4	184929013	184929013	cg26342502	0.0019640040733216	0.241938178253574	STOX2
chr4	188534874	188534874	cg16478154	0.0019672304484131	0.242064099073896	RP11-565A3.2
chr4	183721730	183721730	cg05673204	0.0019713275223649	0.242389719998246	TENM3
chr4	3671199	3671199	cg10380931	0.0019740900743431	0.242516951803503	
chr4	3424692	3424692	cg08869674	0.0019785353680319	0.242803674217984	RGS12
chr4	1805090	1805090	cg05311119	0.0019945212211757	0.243417431261745	FGFR3
chr4	3376008	3376008	cg12283584	0.0019986429875805	0.243774914163688	RGS12
chr4	1601242	1601242	cg22785170	0.0019995586449139	0.243813551056119	
chr4	3331334	3331334	cg03117600	0.002024846205539	0.24551690054447	RGS12
chr4	640503	640503	cg11229771	0.0020695876004564	0.248001615511813	PDE6B
chr4	184941495	184941495	cg17061156	0.0020805906329612	0.248686696153864	STOX2
chr4	6669562	6669562	cg05942760	0.0020863243756784	0.248996538180881	
chr4	41983612	41983612	cg01135648	0.0020961391226079	0.249263391676971	
chr4	188140292	188140292	cg12992686	0.0021132135192558	0.250134967495462	
chr4	62065809	62065809	cg18500436	0.0021207497984153	0.250566137062206	
chr4	189717968	189717968	cg13243661	0.0021234882932838	0.250750632233907	
chr4	113738958	113738958	cg16028169	0.0021571329164494	0.253245768662102	
chr4	3576274	3576274	cg22630605	0.0021709759761725	0.253753499274033	
chr4	160304826	160304826	cg09246878	0.0021740656249285	0.253830593621112	
chr4	6303693	6303693	cg17086759	0.0021917007387577	0.254661924277499	WFS1
chr4	750851	750851	cg01969796	0.0022277427981689	0.256300566351406	PCGF3,RP11-440L14.4
chr4	68586568	68586568	cg06982834	0.0022450658457336	0.257336667921771	RP11-453E17.3,UBA6-AS1
chr4	171011502	171011502	cg00150882	0.0022906730504525	0.260278660071917	AADAT
chr4	160188728	160188728	cg13096701	0.0022926093619721	0.260357390014929	RAPGEF2
chr4	84031146	84031146	cg07767534	0.0022952154047132	0.260546714702665	PLAC8
chr4	8216813	8216813	cg07089232	0.002326559041593	0.262033959211582	SH3TC1
chr4	110223967	110223967	cg11979589	0.0023569075324847	0.263495275651316	
chr4	84031117	84031117	cg14878065	0.0023552629606421	0.263495275651316	PLAC8
chr4	1192459	1192459	cg05208416	0.00236254917197	0.263746111450663	SPON2
chr4	984769	984769	cg06120755	0.002391981333442	0.265606636891233	IDUA,SLC26A1
chr4	649846	649846	cg18138842	0.0023922510587708	0.265606636891233	PDE6B
chr4	5889332	5889332	cg14006320	0.0024270100547707	0.2675456713505	CRMP1
chr4	41646294	41646294	cg04609245	0.0024281663342562	0.267590620831798	LIMCH1
chr4	1017759	1017759	cg02163322	0.002434938830226	0.267832628613501	FGFRL1
chr4	751048	751048	cg06275417	0.0024515674055825	0.268657440623263	PCGF3,RP11-440L14.4
chr4	983613	983613	cg27620356	0.0024829370228504	0.270286816852578	IDUA,SLC26A1
chr4	15704681	15704681	cg00731785	0.0025005672088921	0.271216415419512	BST1,FAM200B
chr4	184320034	184320034	cg06983586	0.0025180025584202	0.271839191059354	
chr4	1807505	1807505	cg04784842	0.0025636580079913	0.273793562358447	FGFR3
chr4	177715041	177715041	cg24194285	0.0025928350368603	0.274921817617728	
chr4	7131479	7131479	cg06763706	0.0026161179888577	0.276135247155854	
chr4	1320300	1320300	cg08229518	0.0026837034317615	0.279747450786672	MAEA
chr4	964011	964011	cg12226453	0.0027168562593328	0.281691830803518	DGKQ
chr4	171960502	171960502	cg19380394	0.0027564064056006	0.283483790364321	
chr4	675264	675264	cg17035899	0.0027760935371468	0.284247751149662	MYL5
chr4	9998017	9998017	cg03725404	0.0027794956452031	0.284309329148545	SLC2A9
chr4	81123307	81123307	cg15556886	0.002782112527647	0.284309329148545	PRDM8
chr4	122791956	122791956	cg05318777	0.0028008232062895	0.285405918171836	RP11-63B13.1
chr4	6202091	6202091	cg01519742	0.0028317680012602	0.286702867808122	JAKMIP1
chr4	3308934	3308934	cg22770294	0.0028370231373472	0.28697996186984	RGS12
chr4	7666260	7666260	cg20263510	0.00287255309021	0.288293111367855	SORCS2
chr4	719069	719069	cg23376390	0.0028909801716955	0.288950666421393	PCGF3
chr4	84031308	84031308	cg25365050	0.003013766231724	0.295877535792714	PLAC8
chr4	3373555	3373555	cg05154546	0.0030343831684918	0.296568099882568	RGS12
chr4	110651776	110651776	cg18274325	0.003071252773813	0.298458568184265	
chr4	183778182	183778182	cg01961956	0.0030877004430857	0.299362543912464	
chr4	3426535	3426535	cg00429513	0.0031147688739826	0.300711384695956	RGS12
chr4	1658929	1658929	cg15977661	0.0031397370095592	0.302034131231847	FAM53A
chr4	184938471	184938471	cg24003866	0.0031379538989804	0.302034131231847	STOX2
chr4	184922383	184922383	cg07596819	0.003198585331751	0.304338571684709	STOX2
chr4	841315	841315	cg10544839	0.0032013782788994	0.304387110840433	
chr4	3409324	3409324	cg03007772	0.0032078206074329	0.30468788312833	RGS12
chr4	3387766	3387766	cg13977280	0.0032118805751494	0.304934824819281	RGS12
chr4	184931987	184931987	cg22648407	0.0032226786302504	0.305370002049322	STOX2
chr4	4139845	4139845	cg00496389	0.003235748667674	0.306070874775314	
chr4	166301076	166301076	cg11043571	0.0032411770297419	0.306393008944622	CPE
chr4	1661123	1661123	cg01250155	0.0032652755724286	0.307453371961452	FAM53A
chr4	1400190	1400190	cg24496475	0.0032669147082283	0.307491011225638	
chr4	1202861	1202861	cg11104416	0.0032816348185161	0.308056231585924	
chr4	1803148	1803148	cg19625524	0.0032820765930852	0.308063084479998	FGFR3
chr4	1256214	1256214	cg01480205	0.0033001545190798	0.308808510519891	CTBP1-AS2
chr4	725337	725337	cg08923624	0.0033001477840516	0.308808510519891	PCGF3
chr4	152594952	152594952	cg21442876	0.0033540899272328	0.311289803229887	PET112
chr4	3431837	3431837	cg05275153	0.0034292062589089	0.314263695347343	RGS12
chr4	9981203	9981203	cg03841832	0.0034440519689926	0.314709195968636	SLC2A9
chr4	48988125	48988125	cg24534566	0.003454835335121	0.315074193585304	
chr4	9382765	9382765	cg14490819	0.0034558247579238	0.315095628828406	
chr4	3435498	3435498	cg14163494	0.0035112367403091	0.317686112931771	RGS12
chr4	3325030	3325030	cg16416165	0.0035139903980493	0.317797576570323	RGS12
chr4	1016669	1016669	cg09218398	0.0035247830394109	0.318249027304632	FGFRL1
chr4	1538836	1538836	cg26411080	0.0035394342752763	0.318708891992336	
chr4	172734431	172734431	cg22153181	0.003557364041549	0.319154679817933	GALNTL6
chr4	332199	332199	cg19142319	0.0036246121533598	0.321878043265745	RP11-478C6.2,ZNF141
chr4	712253	712253	cg06636526	0.0036538679268261	0.32288827474497	PCGF3
chr4	46391393	46391393	cg25145765	0.0036610491758262	0.323049891638027	GABRA2
chr4	3415930	3415930	cg00559635	0.0036771092051789	0.323599036998435	RGS12
chr4	183245254	183245254	cg21659014	0.0036841635058714	0.323641117285087	TENM3
chr4	713549	713549	cg01737906	0.0037111700173337	0.324833921003785	PCGF3
chr4	8373554	8373554	cg12026479	0.0037127764949578	0.324838390416726	ACOX3
chr4	3309070	3309070	cg16371080	0.0037548148800155	0.326255660809168	RGS12
chr4	1019144	1019144	cg22873167	0.0037898823532453	0.327958433587767	FGFRL1
chr4	41984085	41984085	cg22428762	0.0038725714099547	0.330883243225889	DCAF4L1
chr4	1202694	1202694	cg17227257	0.0039229040885286	0.332767270516908	SPON2
chr4	14860862	14860862	cg18497811	0.0039294624946985	0.333003644492878	LINC00504
chr4	113300768	113300768	cg14369455	0.0039664518393458	0.334829298589498	ALPK1
chr4	1334814	1334814	cg08713626	0.0039680868967718	0.334865806980896	
chr4	46391930	46391930	cg23160016	0.00400624058148	0.336259770790053	GABRA2
chr4	1625182	1625182	cg24119469	0.0040420952931398	0.337463653149248	FAM53A
chr4	719012	719012	cg23077453	0.0040506969414069	0.337938606811192	PCGF3
chr4	160173025	160173025	cg02655681	0.0040867837483739	0.338695175270233	RAPGEF2
chr4	54424764	54424764	cg14724298	0.0040803654997225	0.338695175270233	FIP1L1,LNX1
chr4	184930913	184930913	cg15127832	0.0040787321729105	0.338695175270233	STOX2
chr4	184908255	184908255	cg23573638	0.0040798516940568	0.338695175270233	STOX2
chr4	3375918	3375918	cg24039732	0.0040806939430468	0.338695175270233	RGS12
chr4	8233126	8233126	cg24275379	0.0041054182143484	0.339319622483383	SH3TC1
chr4	1334139	1334139	cg03786424	0.00411625234425	0.339575312656525	
chr4	963969	963969	cg18973586	0.0042402592698573	0.344202256132245	DGKQ
chr4	3418565	3418565	cg24031446	0.0042365869372451	0.344202256132245	RGS12
chr4	119915712	119915712	cg01719390	0.0042750902336132	0.345545973746332	SYNPO2
chr4	90758797	90758797	cg20776829	0.0043229987658143	0.347576590085989	RP11-67M1.1,SNCA
chr4	648651	648651	cg16735290	0.0044035484822834	0.350711212683672	PDE6B,RP11-1191J2.2
chr4	133045158	133045158	cg22542120	0.0044147990267139	0.351105133486493	RP11-789C2.1
chr4	1653553	1653553	cg25941209	0.0045018769289965	0.353849104299926	FAM53A
chr4	15704795	15704795	cg13528854	0.0045053440834928	0.353972160079168	BST1,FAM200B
chr4	76857252	76857252	cg07747559	0.0045886195613483	0.356817478042808	NAAA
chr4	1844724	1844724	cg17104738	0.0045968302423085	0.357182817118249	LETM1
chr4	184931728	184931728	cg19125577	0.0046032444447424	0.357481707240151	STOX2
chr4	8221133	8221133	cg22512256	0.00466659660031	0.359155449705578	SH3TC1
chr4	4860157	4860157	cg24469464	0.0046981033970586	0.360114107041737	
chr4	190862158	190862158	cg14036097	0.0047518219629956	0.361568094940754	FRG1
chr4	1594280	1594280	cg03872804	0.0047812529664763	0.362619864379155	
chr4	183193118	183193118	cg24896608	0.0047995034710092	0.363398931622488	TENM3
chr4	171011497	171011497	cg06339629	0.0048670748863511	0.365545356609134	AADAT
chr4	982824	982824	cg11629380	0.0048920377996176	0.366255707547751	IDUA,SLC26A1
chr4	6202558	6202558	cg04865110	0.0049535149199775	0.368483022361193	RP11-586D19.1
chr4	1376262	1376262	cg21790461	0.0050385566537423	0.371301978304811	UVSSA
chr4	93225086	93225086	cg09111223	0.0050448590818359	0.371543649496646	RP11-9B6.1
chr4	188924717	188924717	cg18065397	0.0050451726956846	0.371543649496646	ZFP42
chr4	1660920	1660920	cg21230284	0.0050605685800116	0.371987980096098	FAM53A
chr4	754411	754411	cg15645804	0.0051771911801831	0.375881357983164	PCGF3
chr4	187476326	187476326	cg10063179	0.0051871520048695	0.37617874271312	MTNR1A,RP11-215A19.2
chr4	3478210	3478210	cg07398960	0.0052483875203986	0.377734683937752	DOK7
chr4	1684825	1684825	cg07202012	0.0052614831792425	0.377925598061538	FAM53A
chr4	1021108	1021108	cg26275662	0.0052633022653373	0.377961477400832	
chr4	3324941	3324941	cg23577562	0.0053922915844047	0.382262405807068	RGS12
chr4	956377	956377	cg26088599	0.0054038500422926	0.382786458258598	DGKQ
chr4	6202553	6202553	cg08377398	0.0054099020386937	0.382893459770542	RP11-586D19.1
chr4	5890402	5890402	cg03911502	0.0054139097780751	0.382949997201502	CRMP1
chr4	1256273	1256273	cg13104844	0.0054715211281249	0.384834865391338	CTBP1-AS2
chr4	2795439	2795439	cg26493054	0.0055150181047187	0.385951285822833	SH3BP2
chr4	8239304	8239304	cg26405979	0.0055548304927766	0.38724870767097	SH3TC1
chr4	1594996	1594996	cg21969792	0.0055591278452144	0.3873186709398	
chr4	155662516	155662516	cg11663667	0.0056119303577156	0.388695855289472	LRAT
chr4	15704845	15704845	cg17924813	0.005627562758532	0.389036710679073	BST1,FAM200B
chr4	1808376	1808376	cg21782511	0.005709811464602	0.391281449984002	FGFR3
chr4	1656956	1656956	cg14847236	0.0057238398862037	0.391688373461742	FAM53A
chr4	1642635	1642635	cg21231739	0.0057315965380186	0.391947177992041	FAM53A
chr4	111507452	111507452	cg08428545	0.0057785727584894	0.393420492220891	
chr4	184930230	184930230	cg21111795	0.0057913596287593	0.393969972191794	STOX2
chr4	841760	841760	cg01385415	0.0058444230477189	0.394942489812745	
chr4	3365343	3365343	cg17758673	0.0059039954847329	0.396720471763211	RGS12
chr4	46992927	46992927	cg18328702	0.0059280524739599	0.397541375869234	GABRA4
chr4	6201537	6201537	cg05382097	0.0060321924109303	0.400694712395714	JAKMIP1
chr4	1367596	1367596	cg10773799	0.0060670051957851	0.401856834635568	UVSSA
chr4	3417895	3417895	cg20412217	0.0060796895725347	0.402282344314188	RGS12
chr4	1256183	1256183	cg06232075	0.0061218813697609	0.403491240540113	CTBP1-AS2
chr4	1232740	1232740	cg04653469	0.0061586297953443	0.404628159953049	CTBP1
chr4	113197103	113197103	cg17227144	0.0062091489365722	0.405992609873206	TIFA
chr4	3413683	3413683	cg19396363	0.0062468867502902	0.407126325966187	RGS12
chr4	7940390	7940390	cg14692106	0.0062612358197621	0.407510853468716	AFAP1
chr4	184319704	184319704	cg12036292	0.0062710953510387	0.407648694359043	
chr4	41883890	41883890	cg10454246	0.0062991380592209	0.408741351334756	LINC00682
chr4	3324882	3324882	cg06844452	0.0063661867223343	0.410224226086339	RGS12
chr4	1675595	1675595	cg01142353	0.0064261454085332	0.411611316861528	FAM53A
chr4	48656002	48656002	cg10374564	0.006443785249347	0.412203894546906	FRYL
chr4	749158	749158	cg17055721	0.0064528818098057	0.412546026236401	PCGF3
chr4	74128032	74128032	cg04155747	0.0064945298814548	0.413605159456608	RP11-692D12.1
chr4	9508976	9508976	cg01406647	0.006509807138569	0.413891744316539	
chr4	1805671	1805671	cg02137691	0.0065366367006057	0.414587832900448	FGFR3
chr4	3364899	3364899	cg23859252	0.0065579530874524	0.415277706373367	RGS12
chr4	529442	529442	cg03609847	0.0065855486177074	0.416290525166064	PIGG
chr4	3257687	3257687	cg06436626	0.0065980862790863	0.416619027007218	MSANTD1
chr4	4380019	4380019	cg17069541	0.0066343691282817	0.417983484336049	NSG1
chr4	3318001	3318001	cg00764545	0.006651928104747	0.418308355678027	RGS12
chr4	175302153	175302153	cg26481739	0.0066514298848416	0.418308355678027	
chr4	75585179	75585179	cg03303585	0.0067183689907358	0.420014026308983	
chr4	1044486	1044486	cg04016957	0.0068319131875915	0.422651468023425	
chr4	1638211	1638211	cg11391431	0.0068364302297756	0.422690849438869	FAM53A
chr4	11373799	11373799	cg19216890	0.0068358901730556	0.422690849438869	RNPS1P1
chr4	184930977	184930977	cg06914725	0.0070450917960198	0.42819757693292	STOX2
chr4	16214868	16214868	cg00555420	0.0070542222250951	0.428419762782018	TAPT1
chr4	858648	858648	cg24862189	0.0071045153830861	0.430067205335523	GAK
chr4	4859997	4859997	cg13882284	0.0071338305369673	0.430873873977914	
chr4	1017904	1017904	cg01443390	0.007242587920902	0.43431575444923	FGFRL1
chr4	3392318	3392318	cg18720726	0.0072622697152068	0.43465445726903	RGS12
chr4	3308885	3308885	cg00667841	0.0072987509910134	0.435700072200006	RGS12
chr4	1199038	1199038	cg18763629	0.0073132983816071	0.435993856194402	SPON2
chr4	174430142	174430142	cg16329589	0.0073224300440281	0.436271854760713	
chr4	1202781	1202781	cg14505741	0.0073654231057962	0.437280735414643	
chr4	5892628	5892628	cg26514578	0.0073690822824596	0.437398020649951	CRMP1
chr4	1656603	1656603	cg16833566	0.0073813702692157	0.437688087206421	FAM53A
chr4	1163620	1163620	cg02065148	0.0074140241007176	0.43841241866301	SPON2
chr4	56376021	56376021	cg05960024	0.0074165558549664	0.438423909674217	CLOCK
chr4	157893541	157893541	cg07537734	0.0074222002764587	0.438535518568285	
chr4	3664240	3664240	cg22214854	0.0074291931346216	0.43863191458944	
chr4	830130	830130	cg05036750	0.0074612572082043	0.439325396224075	
chr4	492375	492375	cg12170048	0.0074701402527854	0.439512814374894	ZNF721
chr4	1535673	1535673	cg08954277	0.0076499071911347	0.443941199714273	
chr4	1357524	1357524	cg04173688	0.0076639710015058	0.444078664868695	UVSSA
chr4	744493	744493	cg00920839	0.0076715979021482	0.44416581882617	PCGF3
chr4	872652	872652	cg10904061	0.0076755090533916	0.44416581882617	GAK
chr4	1684792	1684792	cg00972950	0.0077182923081044	0.445129097402974	FAM53A
chr4	1367849	1367849	cg01953429	0.0077427131242851	0.445628941874782	UVSSA
chr4	628650	628650	cg07486474	0.0078011591215335	0.447036975528397	PDE6B
chr4	126238929	126238929	cg04373334	0.0078165237446229	0.447228382072579	FAT4
chr4	997540	997540	cg27494429	0.0078297829439806	0.44754850025898	IDUA
chr4	1389047	1389047	cg19928185	0.0078578538780717	0.448400718028971	CRIPAK
chr4	8126659	8126659	cg20716915	0.0078709860461216	0.448547238852753	ABLIM2
chr4	156297854	156297854	cg03405515	0.0079600734460747	0.450887443621984	AC097467.2,MAP9
chr4	3322833	3322833	cg03971808	0.0080204113701848	0.451985426359404	RGS12
chr4	103997452	103997452	cg22848779	0.0080212371649821	0.451985426359404	SLC9B2
chr4	188916725	188916725	cg14817655	0.0081557628412684	0.455395430912245	
chr4	9500175	9500175	cg18299634	0.0081558332458013	0.455395430912245	
chr4	1990073	1990073	cg14224789	0.0081761857239538	0.455764031863944	NELFA
chr4	839647	839647	cg21304234	0.008325699093971	0.458868678163684	
chr4	3418071	3418071	cg20679011	0.008345850331848	0.459228284461402	RGS12
chr4	8375268	8375268	cg03791579	0.00840028596613	0.460661110681986	ACOX3
chr4	183713541	183713541	cg13322601	0.0085708049323747	0.464501595924331	TENM3
chr4	1202600	1202600	cg05436939	0.0085772696896429	0.464716293869224	SPON2
chr4	4162694	4162694	cg11186593	0.0086178696310149	0.465819187432015	
chr4	133045178	133045178	cg14561596	0.0086724094085657	0.467167601832435	RP11-789C2.1
chr4	1245565	1245565	cg21793579	0.008710549727929	0.46796002093639	CTBP1-AS2
chr4	8097699	8097699	cg01936091	0.0087886764662516	0.469690102059457	ABLIM2
chr4	1188421	1188421	cg14466863	0.0088017982949328	0.470003281186015	SPON2
chr4	824416	824416	cg24793722	0.0088268426555617	0.470615010716721	
chr4	1380020	1380020	cg24460625	0.0088429742677651	0.470731586437269	UVSSA
chr4	645782	645782	cg01132407	0.0089962783632935	0.474279723789931	PDE6B
chr4	1638158	1638158	cg20700863	0.0090085713770411	0.474431555385	FAM53A
chr4	184930527	184930527	cg12150566	0.0090615125973084	0.475636319476216	STOX2
chr4	1645585	1645585	cg11834694	0.0090952488261488	0.476150554170287	FAM53A
chr4	1202966	1202966	cg21082272	0.0091710686174691	0.47790345277114	
chr4	709090	709090	cg08449090	0.0091857006992663	0.478400066201707	PCGF3
chr4	6690702	6690702	cg02853152	0.0092268463551363	0.479255583353584	RP11-539L10.2
chr4	1804816	1804816	cg11777917	0.0092263747779453	0.479255583353584	FGFR3
chr4	145566904	145566904	cg26621699	0.0092385879348382	0.479641657800158	HHIP-AS1
chr4	3341800	3341800	cg13169527	0.0092511725701768	0.479952119900568	RGS12
chr4	185377667	185377667	cg15774137	0.009296191207859	0.480697660708269	IRF2
chr4	903474	903474	cg14517359	0.0093183185871554	0.481128635954254	GAK
chr4	1894583	1894583	cg03033721	0.0093648177573079	0.482100805791884	WHSC1
chr4	62067190	62067190	cg21585438	0.0094523589512564	0.484256807240865	LPHN3
chr4	1531410	1531410	cg09278789	0.0094913541168962	0.484973162075883	
chr4	170912661	170912661	cg14879690	0.0095308793294606	0.485952684873589	MFAP3L,RP11-6E9.4
chr4	1643074	1643074	cg16885470	0.0095405873405662	0.486294044399456	FAM53A
chr4	1388830	1388830	cg01733459	0.0095744039898368	0.487012613932042	CRIPAK
chr4	188924753	188924753	cg14725631	0.0095800477913363	0.487121726437387	ZFP42
chr4	42154841	42154841	cg10172669	0.0096527372092293	0.488765043849116	BEND4
chr4	8602595	8602595	cg17492965	0.009779914838832	0.491720551262907	CPZ,GPR78
chr4	183778263	183778263	cg18108669	0.0097957379304254	0.492023963849799	
chr4	106817016	106817016	cg01852585	0.0097986511065521	0.492067229905916	INTS12,NPNT
chr4	183794592	183794592	cg20119759	0.0098065907462654	0.492258799307222	
chr4	5894924	5894924	cg07963234	0.009847819408048	0.492937197670595	
chr4	9783398	9783398	cg00939495	0.009872976227191	0.493306736434322	DRD5,SLC2A9
chr4	4173498	4173498	cg12464148	0.009878390624207	0.493387083107892	
chr4	1364171	1364171	cg27240402	0.0098786799111087	0.493387083107892	UVSSA
chr4	190767169	190767169	cg04392133	0.0099263335220571	0.49428251470744	AF146191.4
chr4	1198353	1198353	cg05821186	0.0100028569630849	0.495824282482647	SPON2
chr4	166300014	166300014	cg11722183	0.0100107024818911	0.495968329150152	CPE
chr4	830646	830646	cg13809270	0.0100768555719957	0.497348551417151	RP11-440L14.3
chr4	190731710	190731710	cg24090399	0.0101055289231224	0.497841370444327	AF146191.4
chr4	144480562	144480562	cg13487949	0.0101147933249667	0.497987099694369	
chr4	1893308	1893308	cg01305547	0.0101252115793095	0.498162453507548	WHSC1
chr4	8399409	8399409	cg19642231	0.0101309377771689	0.498329035780761	ACOX3
chr4	1357073	1357073	cg27274322	0.0101397381571837	0.498468406009485	UVSSA
chr5	405987	405987	cg00401753	1.61929806151779e-05	0.054171566000017	AHRR
chr5	1930802	1930802	cg01072076	1.72519899809338e-05	0.054171566000017	
chr5	1729256	1729256	cg10880177	5.97908224124217e-06	0.054171566000017	
chr5	176296659	176296659	cg11130778	5.42225725249372e-06	0.054171566000017	UNC5A
chr5	159738916	159738916	cg11444704	1.87979019189681e-05	0.054171566000017	CCNJL
chr5	3606562	3606562	cg13729210	6.04098865228974e-06	0.054171566000017	
chr5	1882885	1882885	cg14507560	1.93106954593336e-05	0.054171566000017	IRX4
chr5	1876337	1876337	cg14564616	2.84022494048748e-06	0.054171566000017	
chr5	178552098	178552098	cg16097069	1.45882909666762e-05	0.054171566000017	ADAMTS2
chr5	407315	407315	cg19405895	2.08629614180584e-05	0.054171566000017	AHRR
chr5	16180077	16180077	cg21901718	4.13159737245048e-06	0.054171566000017	MARCH11
chr5	1169633	1169633	cg27376392	2.16616090127877e-05	0.054171566000017	
chr5	956343	956343	cg00101287	2.72422549994982e-05	0.0543206248802127	RP11-661C8.2
chr5	134827513	134827513	cg07458308	2.58279442159403e-05	0.0543206248802127	
chr5	42950785	42950785	cg02413594	3.4739940885158e-05	0.0543707177967035	
chr5	134787465	134787465	cg03541914	3.22843958208682e-05	0.0543707177967035	CTB-138E5.1,TIFAB
chr5	1876215	1876215	cg07961015	3.43702793797364e-05	0.0543707177967035	
chr5	428068	428068	cg16577724	3.18329656452305e-05	0.0543707177967035	AHRR
chr5	389490	389490	cg05601199	4.15397100784554e-05	0.0556883318141202	AHRR
chr5	375777	375777	cg24130459	4.62254971266251e-05	0.0566307404953852	AHRR
chr5	476498	476498	cg06852942	4.7447752398631e-05	0.0567859866937736	CTD-2228K2.7,SLC9A3
chr5	172024737	172024737	cg05862124	4.84835981332287e-05	0.0570949707730289	
chr5	435613	435613	cg21972741	4.83570798677602e-05	0.0570949707730289	AHRR
chr5	488399	488399	cg06866655	5.05623266947617e-05	0.0574970328465066	SLC9A3
chr5	404678	404678	cg08491376	5.15781380205704e-05	0.0575318458703748	AHRR
chr5	430360	430360	cg18541609	5.47822655579939e-05	0.0578403073828547	AHRR
chr5	170884347	170884347	cg06634903	6.2888500038505e-05	0.0595530723273388	FGF18
chr5	1112355	1112355	cg23091824	6.30980106013691e-05	0.0595530723273388	
chr5	146889265	146889265	cg26636193	6.3181868535082e-05	0.0595530723273388	DPYSL3
chr5	16180063	16180063	cg17030173	6.84815952568946e-05	0.0606715248658468	MARCH11
chr5	59189467	59189467	cg26078977	7.13299754977273e-05	0.0615974473485097	PDE4D
chr5	435040	435040	cg14448919	7.53991371177042e-05	0.0621912105819887	AHRR
chr5	135266135	135266135	cg01283246	7.7828718381217e-05	0.0625216096139766	FBXL21,LECT2
chr5	50696059	50696059	cg15399466	7.91365068452642e-05	0.0627515857459962	
chr5	173739400	173739400	cg10669219	8.36433236004096e-05	0.0636548161113578	
chr5	173416275	173416275	cg22111009	8.46425205635776e-05	0.0640472472584041	C5orf47
chr5	5140647	5140647	cg22784954	8.61993241823466e-05	0.0642361054768096	ADAMTS16
chr5	172901695	172901695	cg05955412	9.09571383839375e-05	0.0652244226631007	CTB-164N12.1
chr5	2112260	2112260	cg07672238	9.28562809489191e-05	0.0658486611557065	
chr5	16180069	16180069	cg17712694	9.54528730055898e-05	0.0663346030698292	MARCH11
chr5	398247	398247	cg12937950	0.0001021473379548	0.0684186937300488	AHRR
chr5	128796697	128796697	cg07781332	0.0001051260717071	0.0691335851215993	ADAMTS19
chr5	178004012	178004012	cg20764887	0.0001141492254326	0.0706481018961496	COL23A1
chr5	150399909	150399909	cg08891071	0.00011879802122	0.0718001696776915	
chr5	146818611	146818611	cg22839587	0.0001233727037027	0.0723600376393548	DPYSL3
chr5	178367827	178367827	cg24843380	0.0001250172978392	0.0723600376393548	
chr5	978322	978322	cg16360831	0.0001260417436987	0.0725463444821803	
chr5	139927180	139927180	cg07124173	0.0001331849739847	0.0741600011648336	ANKHD1,ANKHD1-EIF4EBP3,SRA1
chr5	16180073	16180073	cg16150752	0.0001370562109294	0.0752209188173618	MARCH11
chr5	141276226	141276226	cg13715820	0.0001376467881612	0.0752242586824492	AC005740.3
chr5	1882902	1882902	cg24937747	0.0001472923390693	0.0767881047387209	IRX4
chr5	134783582	134783582	cg13577149	0.0001517382624299	0.0774131073614129	TIFAB
chr5	158524404	158524404	cg04248271	0.0001542005819253	0.0778339316769387	EBF1
chr5	370421	370421	cg20310920	0.0001559067954242	0.0779241199760572	AHRR
chr5	134784605	134784605	cg26353903	0.0001572149091876	0.0781117710536154	TIFAB
chr5	1882871	1882871	cg03963198	0.000161531331891	0.079106423455981	IRX4
chr5	191807	191807	cg19858576	0.0001652656041582	0.0800339645264455	LRRC14B
chr5	398425	398425	cg19442702	0.0001690498311786	0.0807404135429724	AHRR
chr5	346988	346988	cg24980413	0.000186745748954	0.0841437666055692	AHRR,PDCD6
chr5	41968460	41968460	cg15816271	0.0001874901532755	0.0843567167407592	MTHFD2P6
chr5	67730072	67730072	cg06433467	0.0001881402106609	0.0844766043537877	CTC-537E7.3
chr5	134786942	134786942	cg16176675	0.0001914684075526	0.0851189062254897	CTB-138E5.1,TIFAB
chr5	146837147	146837147	cg24722351	0.000197874676826	0.0862281482936083	DPYSL3
chr5	2206205	2206205	cg02563165	0.0002006385490613	0.086792236309169	
chr5	71015162	71015162	cg01187920	0.000201471110926	0.0869337437080137	CARTPT
chr5	370352	370352	cg04202140	0.0002081995249492	0.0881661040991566	AHRR
chr5	139927253	139927253	cg10731022	0.0002137224835482	0.0892012271851563	ANKHD1,ANKHD1-EIF4EBP3,EIF4EBP3,SRA1
chr5	926793	926793	cg04599403	0.0002160334915415	0.0895638133490331	
chr5	405568	405568	cg01141993	0.0002272482124153	0.0916854972061999	AHRR
chr5	139927271	139927271	cg07810961	0.0002355579079277	0.0930086488056967	ANKHD1,ANKHD1-EIF4EBP3,EIF4EBP3,SRA1
chr5	76382885	76382885	cg04735745	0.0002381457842024	0.0934171459982804	ZBED3,ZBED3-AS1
chr5	126626364	126626364	cg23018092	0.0002388964905141	0.0935560371141432	
chr5	124144945	124144945	cg22765025	0.0002430345759927	0.0941935940101239	
chr5	76382975	76382975	cg25523087	0.0002447753322632	0.0944911961248233	ZBED3,ZBED3-AS1
chr5	173000874	173000874	cg26237426	0.0002471555260471	0.0949274944441713	
chr5	20305819	20305819	cg15833158	0.0002622509884552	0.0974352781851132	CDH18,RP11-420O16.1
chr5	195132	195132	cg25522232	0.0002625091581479	0.0974352781851132	LRRC14B
chr5	176296830	176296830	cg19091621	0.0002690135482029	0.0987376642427285	UNC5A
chr5	72599503	72599503	cg26549701	0.0002693781801435	0.0987864704474188	
chr5	133801741	133801741	cg04261952	0.0002745894497207	0.0995163977714728	AC005355.1
chr5	480253	480253	cg10655629	0.0002769579478695	0.0998635821034751	CTD-2228K2.7,SLC9A3
chr5	358741	358741	cg00629928	0.000280766634657	0.100533710527207	AHRR
chr5	42992775	42992775	cg07137955	0.0002830386841481	0.100828638691494	
chr5	346696	346696	cg04135110	0.000292661395745	0.10215382658682	AHRR,PDCD6
chr5	76932016	76932016	cg26365545	0.0002927899905258	0.10215382658682	OTP
chr5	482948	482948	cg12437197	0.0003010299885619	0.103656784506576	SLC9A3
chr5	377358	377358	cg26703534	0.0003225232788189	0.106535216101265	AHRR
chr5	63461804	63461804	cg09839635	0.0003301947361743	0.107794648251441	RNF180
chr5	2755377	2755377	cg23248357	0.0003333077746427	0.108483992142937	C5orf38
chr5	1883214	1883214	cg24876960	0.0003541329153013	0.11176177936794	IRX4
chr5	429560	429560	cg26850624	0.0003572532748437	0.111993270943266	AHRR
chr5	2639405	2639405	cg17404376	0.0003586918569162	0.112141411407009	
chr5	2755541	2755541	cg07851675	0.0003597903274737	0.112337197041435	
chr5	41968442	41968442	cg05226242	0.0003670508102216	0.112842214977277	MTHFD2P6
chr5	180875641	180875641	cg07609108	0.0003792936483406	0.114511041629532	
chr5	430432	430432	cg11610050	0.0003798666833446	0.114577926435299	AHRR
chr5	75740908	75740908	cg24637374	0.0003799266630584	0.114577926435299	IQGAP2
chr5	480412	480412	cg01103582	0.0003819100731345	0.114929351151243	CTD-2228K2.7,SLC9A3
chr5	1468204	1468204	cg04723886	0.0003845522755081	0.115207051617967	LPCAT1
chr5	76383166	76383166	cg25581352	0.0003898646847056	0.115695495957828	ZBED3-AS1
chr5	179740743	179740743	cg23221052	0.0004073602485246	0.118339886874226	GFPT2
chr5	139927192	139927192	cg15923025	0.0004092352901457	0.118497234409094	ANKHD1,ANKHD1-EIF4EBP3,SRA1
chr5	76383032	76383032	cg23396834	0.0004100654317756	0.118614265929404	ZBED3,ZBED3-AS1
chr5	966020	966020	cg06755452	0.000411750097374	0.11892356279329	
chr5	140864550	140864550	cg15949044	0.000413245828768	0.118998559448912	PCDHGA1,PCDHGA10,PCDHGA11,PCDHGA12,PCDHGA2,PCDHGA3,PCDHGA4,PCDHGA5,PCDHGA6,PCDHGA7,PCDHGA8,PCDHGA9,PCDHGB1,PCDHGB2,PCDHGB3,PCDHGB4,PCDHGB6,PCDHGB7,PCDHGC3
chr5	1887301	1887301	cg07565505	0.0004245387320608	0.119854213841377	IRX4
chr5	43065116	43065116	cg22193559	0.0004360170280499	0.121344209724937	CTD-2201E18.3
chr5	71146780	71146780	cg05696584	0.0004449923588675	0.122080475138468	
chr5	37371628	37371628	cg15827031	0.0004583163439704	0.123937037622305	
chr5	175793492	175793492	cg07812887	0.0004658210281456	0.124601015522232	ARL10
chr5	158449761	158449761	cg13383639	0.0004655857202107	0.124601015522232	EBF1
chr5	178415944	178415944	cg08897759	0.0004687533985508	0.125066880089766	GRM6,RP11-281O15.4
chr5	392365	392365	cg18615970	0.000474820345827	0.12568205689953	AHRR
chr5	134785391	134785391	cg16339915	0.0004795248532217	0.126420028516143	TIFAB
chr5	53546	53546	cg05648010	0.0004934153348941	0.127775403439852	
chr5	140683670	140683670	cg25212131	0.0005026810258861	0.128496529779253	
chr5	11082865	11082865	cg22597706	0.0005069920361704	0.129006385995697	CTNND2
chr5	484844	484844	cg18274791	0.0005231614968723	0.131045131120915	SLC9A3
chr5	134784138	134784138	cg24543759	0.0005316162165185	0.132145120183953	TIFAB
chr5	1019449	1019449	cg13715001	0.0005349741080167	0.132415840151231	NKD2
chr5	76383047	76383047	cg19782173	0.0005372360987873	0.132582885904994	ZBED3,ZBED3-AS1
chr5	17146580	17146580	cg08611472	0.0005468699953081	0.133870828544132	AC091878.1,BASP1
chr5	151150341	151150341	cg13373406	0.0005469462189571	0.133870828544132	ATOX1
chr5	17187054	17187054	cg15529703	0.000560549998178	0.135583245519371	AC091878.1,BASP1
chr5	174151634	174151634	cg15123984	0.0005741288689105	0.137073566101915	MSX2
chr5	1876398	1876398	cg14451382	0.0005947996044724	0.139065246231899	
chr5	42993440	42993440	cg21795544	0.0005964801087554	0.139155987453827	
chr5	178368186	178368186	cg16536329	0.0006094618433932	0.140339261002913	
chr5	176935306	176935306	cg19647567	0.000612590037597	0.140665914582041	DOK3
chr5	976375	976375	cg19786013	0.0006170232335619	0.141140516624744	
chr5	76383200	76383200	cg21985356	0.0006279394828019	0.142145867798352	ZBED3-AS1
chr5	427621	427621	cg09584122	0.000631620652088	0.14246029862748	AHRR
chr5	1294576	1294576	cg16051228	0.0006353407614779	0.143019982020707	TERT
chr5	42950995	42950995	cg18787478	0.0006366436164372	0.143081927478526	
chr5	16614633	16614633	cg26419659	0.0006511395701008	0.144820305440203	FAM134B
chr5	191794	191794	cg13787932	0.0006619584821985	0.145828825186751	LRRC14B
chr5	153466024	153466024	cg10932939	0.0006638173873049	0.146033858962618	MFAP3
chr5	71146872	71146872	cg08285730	0.0006667870116296	0.146313772800912	
chr5	72512116	72512116	cg26590003	0.0006789261034596	0.14759338891919	RP11-60A8.1
chr5	3325696	3325696	cg25129000	0.0006868915793191	0.148501906361832	
chr5	93077317	93077317	cg19870438	0.000704989113728	0.149920084234971	FAM172A,POU5F2
chr5	139927165	139927165	cg26911562	0.0007069384849652	0.150129437790078	ANKHD1,ANKHD1-EIF4EBP3,SRA1
chr5	112824921	112824921	cg24539599	0.0007143861738083	0.150624678017846	
chr5	146889275	146889275	cg02010196	0.0007197911949271	0.151193072585139	DPYSL3
chr5	1468074	1468074	cg10546727	0.0007269035518832	0.15197389728333	LPCAT1
chr5	16436376	16436376	cg07696464	0.0007305335953874	0.15218672611301	RP1-167G20.1
chr5	404264	404264	cg19039843	0.0007310559609725	0.152257294464462	AHRR,CTD-2228K2.2
chr5	38557085	38557085	cg18174928	0.0007453396889519	0.153904941021675	LIFR,LIFR-AS1
chr5	128796079	128796079	cg20413471	0.0007488814787071	0.154175237088736	ADAMTS19,ADAMTS19-AS1
chr5	43043361	43043361	cg00741789	0.000749857973442	0.154241124087239	AC025171.1,CTD-2201E18.3
chr5	179630723	179630723	cg06471744	0.0007507969469668	0.154352926268404	RASGEF1C
chr5	76383162	76383162	cg16587974	0.0007576328961195	0.154928256536253	ZBED3-AS1
chr5	126626361	126626361	cg08874609	0.0007652160869864	0.155571093562969	
chr5	158460304	158460304	cg26117521	0.0007657520588787	0.155613463221737	EBF1
chr5	158522428	158522428	cg11898646	0.0007733212191922	0.156207829862838	EBF1
chr5	16904765	16904765	cg20535838	0.0007905557001496	0.157578066680222	MYO10
chr5	178487482	178487482	cg11538128	0.0007967960302309	0.158217895640164	ZNF354C
chr5	927003	927003	cg14571552	0.000802206676707	0.15868875215427	
chr5	140731309	140731309	cg13725516	0.0008067856686596	0.159067210566645	PCDHGA1,PCDHGA2,PCDHGA3,PCDHGB1
chr5	114610319	114610319	cg23403750	0.0008214343738038	0.160666101283546	CCDC112
chr5	139927755	139927755	cg00078221	0.0008432899718444	0.162956862581437	ANKHD1,ANKHD1-EIF4EBP3,EIF4EBP3,SRA1
chr5	1887584	1887584	cg05658487	0.0008703447121671	0.165410331699723	CTD-2194D22.4
chr5	196068	196068	cg02584760	0.0009093272482884	0.168843818784564	CTD-2083E4.7
chr5	10899335	10899335	cg00539624	0.0009174948998019	0.169257422925253	
chr5	178368184	178368184	cg23037403	0.0009317631092156	0.170508362672057	
chr5	1049315	1049315	cg27010688	0.0009534977927239	0.172557899718156	
chr5	36662805	36662805	cg21050001	0.0009859795438767	0.175416339836572	SLC1A3
chr5	139927111	139927111	cg05071974	0.000995649418485	0.176434719599602	ANKHD1,ANKHD1-EIF4EBP3,SRA1
chr5	134786597	134786597	cg09875213	0.00100089308912	0.17696034112978	CTB-138E5.1,TIFAB
chr5	3603228	3603228	cg08466792	0.0010040353524506	0.177249583372385	
chr5	139927472	139927472	cg11639849	0.0010131160066867	0.178174899151562	ANKHD1,ANKHD1-EIF4EBP3,EIF4EBP3,SRA1
chr5	140568535	140568535	cg26991571	0.0010646970594597	0.181997184642752	PCDHB9
chr5	3595971	3595971	cg09232937	0.0010783869596982	0.182858068894464	
chr5	150169782	150169782	cg09501687	0.0011008428790789	0.184402550484802	AC010441.1,SMIM3
chr5	1038282	1038282	cg19103535	0.0011000605010773	0.184402550484802	NKD2
chr5	151304357	151304357	cg00059225	0.001105671666686	0.184888126358335	GLRA1
chr5	173414689	173414689	cg21975337	0.001108762818605	0.185152280454935	C5orf47
chr5	179059668	179059668	cg26135573	0.0011526548062879	0.189211604666532	HNRNPH1
chr5	140176362	140176362	cg16143654	0.0011690130461484	0.190437422857483	PCDHA1,PCDHA2
chr5	140683632	140683632	cg05845376	0.0011803766612268	0.191282648331847	
chr5	422574	422574	cg24891125	0.0012088646754886	0.193347524300525	AHRR
chr5	371026	371026	cg14744022	0.0012447404821154	0.195304277940798	AHRR
chr5	16179135	16179135	cg06782035	0.0012525752636694	0.196011016792741	MARCH11
chr5	480033	480033	cg19980199	0.0012698226302045	0.197519615749367	CTD-2228K2.7,SLC9A3
chr5	435388	435388	cg14807090	0.0013046375624457	0.199352533215761	AHRR
chr5	15500715	15500715	cg06577205	0.0013462081878658	0.202782765606514	FBXL7
chr5	266934	266934	cg22857025	0.0013534805833438	0.203137349771875	
chr5	76382539	76382539	cg09804809	0.0013710172239935	0.204374043982229	ZBED3
chr5	178487827	178487827	cg19025430	0.0013716144867915	0.204426597732209	ZNF354C
chr5	5155797	5155797	cg26892415	0.0014009075346505	0.206593042429219	ADAMTS16,CTD-2297D10.1
chr5	53281667	53281667	cg12401625	0.0014213239542958	0.208451031775976	ARL15
chr5	1172542	1172542	cg05677025	0.0014490298513037	0.210270198493233	
chr5	404766	404766	cg02385153	0.0014652986061533	0.211255720864577	AHRR
chr5	140744368	140744368	cg13307880	0.0015131711088974	0.214131888782105	PCDHGA1,PCDHGA2,PCDHGA3,PCDHGA4,PCDHGA5,PCDHGB1,PCDHGB2
chr5	176543964	176543964	cg23476877	0.0015426321895064	0.216146554627844	
chr5	77806051	77806051	cg04833050	0.0015601228943813	0.21737727575024	LHFPL2
chr5	71403420	71403420	cg07380496	0.0015845293174852	0.21863891343344	MAP1B
chr5	3599687	3599687	cg01294808	0.0016010397168526	0.219508772759903	CTD-2012M11.3,IRX1
chr5	139927243	139927243	cg17416146	0.0016020783861071	0.219579102496452	ANKHD1,ANKHD1-EIF4EBP3,SRA1
chr5	134827137	134827137	cg20722210	0.0016217982527037	0.220587908768045	
chr5	2176048	2176048	cg08846459	0.001624291245583	0.220714636582316	
chr5	33457706	33457706	cg12865252	0.0016281012146566	0.220784235115593	TARS
chr5	1875548	1875548	cg17629929	0.0016440400342987	0.221213516790188	
chr5	1747139	1747139	cg10556472	0.0016565388740438	0.2220030914245	
chr5	176937527	176937527	cg07608052	0.001663679256496	0.222540687611415	DOK3
chr5	71146877	71146877	cg07820786	0.0016855731841903	0.223767970516486	
chr5	178594649	178594649	cg03993109	0.0017306490094873	0.2270765932649	ADAMTS2
chr5	176827083	176827083	cg15123573	0.0017633127488478	0.229125899059959	
chr5	37371555	37371555	cg22433285	0.0017748782858988	0.229695921487909	
chr5	6687293	6687293	cg05660889	0.0017881501744703	0.23050506409541	CTD-2044J15.1
chr5	72416270	72416270	cg23489883	0.0018000343962365	0.231409962099375	TMEM171
chr5	140864594	140864594	cg03640756	0.0018096656778825	0.232211716008762	PCDHGA1,PCDHGA10,PCDHGA11,PCDHGA12,PCDHGA2,PCDHGA3,PCDHGA4,PCDHGA5,PCDHGA6,PCDHGA7,PCDHGA8,PCDHGA9,PCDHGB1,PCDHGB2,PCDHGB3,PCDHGB4,PCDHGB6,PCDHGB7,PCDHGC3
chr5	1091849	1091849	cg24928433	0.0018388962593014	0.233944930414525	SLC12A7
chr5	178004204	178004204	cg06183338	0.0018454287125304	0.234379265559426	COL23A1
chr5	43040590	43040590	cg01313313	0.0018895250184459	0.237255384452015	ANXA2R,CTD-2201E18.3
chr5	435268	435268	cg16336872	0.0018935990100365	0.23751702393547	AHRR
chr5	36607333	36607333	cg13980113	0.0019061949988213	0.238128774200967	SLC1A3
chr5	140261664	140261664	cg02051771	0.0019268328512698	0.239592536430846	PCDHA1,PCDHA10,PCDHA11,PCDHA12,PCDHA2,PCDHA3,PCDHA4,PCDHA5,PCDHA6,PCDHA7,PCDHA8,PCDHA9
chr5	1444395	1444395	cg13723431	0.0019277374612638	0.2396401419592	SLC6A3
chr5	42992128	42992128	cg10191210	0.0019397188603073	0.240577839310741	
chr5	165858560	165858560	cg15199785	0.0019453711852706	0.240765178491519	
chr5	10632397	10632397	cg22953759	0.0019850022357354	0.243069245052508	ANKRD33B
chr5	172196747	172196747	cg17378966	0.0020299272705229	0.245831902534916	DUSP1,RP11-779O18.3
chr5	115783284	115783284	cg07453683	0.0020474567028183	0.246916716567076	CTB-118N6.3,SEMA6A
chr5	156485233	156485233	cg07320595	0.0020618879227021	0.247691625185411	HAVCR1
chr5	140182628	140182628	cg21915910	0.0020662351205917	0.247851128659732	PCDHA1,PCDHA2,PCDHA3
chr5	71403503	71403503	cg02606808	0.0021257102861432	0.250914381884208	MAP1B
chr5	85866302	85866302	cg14513059	0.0021637382712118	0.253469398612477	
chr5	43040621	43040621	cg22055815	0.0021730105414681	0.253778345878427	ANXA2R,CTD-2201E18.3
chr5	678009	678009	cg05458764	0.0022034842548944	0.255090556533838	TPPP
chr5	179335244	179335244	cg10737521	0.0022094389400673	0.255268861328943	
chr5	42993450	42993450	cg01091951	0.0022178819103877	0.255694297958629	
chr5	128796097	128796097	cg09052453	0.0022445840581392	0.257316750786879	ADAMTS19,ADAMTS19-AS1
chr5	1983799	1983799	cg19010166	0.0022469796183339	0.257414749271265	
chr5	2750203	2750203	cg11173941	0.002279899777529	0.259681951034853	IRX2
chr5	140202923	140202923	cg07330212	0.002297081481184	0.26057981135219	PCDHA1,PCDHA2,PCDHA3,PCDHA4,PCDHA5
chr5	600838	600838	cg15334572	0.0024004601599623	0.265977049946541	
chr5	156479557	156479557	cg24526056	0.0024417978193424	0.268043772290489	HAVCR1
chr5	1883012	1883012	cg02641288	0.0024602158977755	0.26917039597652	IRX4
chr5	139927168	139927168	cg26084484	0.0024624788939416	0.269252728213042	ANKHD1,ANKHD1-EIF4EBP3,SRA1
chr5	150399891	150399891	cg13081720	0.0024948696120284	0.271126474213435	
chr5	1088442	1088442	cg00600029	0.002495648744475	0.271140600112773	SLC12A7
chr5	422634	422634	cg16325394	0.002502018137977	0.271228821931268	AHRR
chr5	50678451	50678451	cg21410991	0.002505839793422	0.271347380227222	CTD-2314G24.2
chr5	53155508	53155508	cg11506157	0.0025291411414647	0.272370600993933	ASS1P9
chr5	157078573	157078573	cg12606933	0.0025331089762005	0.272551954905276	SOX30
chr5	141243507	141243507	cg11106252	0.0025418199218896	0.273064695231426	PCDH1
chr5	1089261	1089261	cg25404678	0.0025534049800297	0.273362569753607	SLC12A7
chr5	1380632	1380632	cg24767731	0.0025704225664254	0.273816055033191	
chr5	71079152	71079152	cg19828789	0.0025982476015186	0.275165883857889	
chr5	386884	386884	cg18205372	0.0026115618034564	0.275911322878537	AHRR
chr5	76382381	76382381	cg19657875	0.0027364214249414	0.282511829020241	ZBED3
chr5	1883006	1883006	cg07882671	0.0027616711085259	0.283592899891062	IRX4
chr5	124203008	124203008	cg18286474	0.0027829419929847	0.284309329148545	
chr5	140250433	140250433	cg17482089	0.0027951821684298	0.285141349220897	PCDHA1,PCDHA10,PCDHA11,PCDHA2,PCDHA3,PCDHA4,PCDHA5,PCDHA6,PCDHA7,PCDHA8,PCDHA9
chr5	1460417	1460417	cg11902934	0.0028100520484216	0.285587125757255	LPCAT1
chr5	32461616	32461616	cg07520687	0.0028220922704441	0.28614698273089	
chr5	1286162	1286162	cg16110411	0.002841574620514	0.287139347074007	TERT
chr5	140209491	140209491	cg21887309	0.0028440189287408	0.287139347074007	PCDHA1,PCDHA2,PCDHA3,PCDHA4,PCDHA5,PCDHA6
chr5	127875164	127875164	cg20708842	0.0028457495013961	0.287143996132304	FBN2,SLC27A6
chr5	42994124	42994124	cg14979301	0.0029432508284394	0.29183563413137	
chr5	155108450	155108450	cg26886462	0.0029945808436999	0.294443853310382	
chr5	16180260	16180260	cg18325622	0.003011368125077	0.295711606455637	MARCH11
chr5	154347282	154347282	cg17462962	0.003021954478736	0.295945432034218	MRPL22
chr5	1112346	1112346	cg21985251	0.0030201826832774	0.295945432034218	
chr5	135701241	135701241	cg22770135	0.003025110014663	0.296040892676384	TRPC7
chr5	1883954	1883954	cg23121993	0.0030253131189	0.296040892676384	IRX4
chr5	3962477	3962477	cg13910651	0.0030408984460083	0.296901297152378	
chr5	1100385	1100385	cg09790628	0.0030785677220433	0.298832841300746	SLC12A7
chr5	126626363	126626363	cg04609576	0.0030849293490955	0.299172250995044	
chr5	173002663	173002663	cg14642222	0.0031187071382282	0.300945692143964	CTB-33O18.2
chr5	140810106	140810106	cg21627409	0.0031309878990868	0.301677726091323	PCDHGA1,PCDHGA10,PCDHGA11,PCDHGA2,PCDHGA3,PCDHGA4,PCDHGA5,PCDHGA6,PCDHGA7,PCDHGA8,PCDHGA9,PCDHGB1,PCDHGB2,PCDHGB3,PCDHGB4,PCDHGB6,PCDHGB7
chr5	140740387	140740387	cg14472390	0.0031487367589899	0.302174267933615	PCDHGA1,PCDHGA2,PCDHGA3,PCDHGA4,PCDHGB1,PCDHGB2
chr5	5139334	5139334	cg16068490	0.0031606032010813	0.30266791568883	CTD-2297D10.2
chr5	346239	346239	cg08858540	0.0031699331473552	0.303261536078648	AHRR,PDCD6
chr5	42995124	42995124	cg23942974	0.0032302136449469	0.305841153058357	
chr5	38258853	38258853	cg16126816	0.0032342649514679	0.306062743590485	EGFLAM
chr5	389355	389355	cg17472786	0.0032612803720894	0.307250347305045	AHRR
chr5	167192644	167192644	cg16531386	0.0032743907407003	0.307791255836824	TENM2
chr5	2279099	2279099	cg12924936	0.0033089282528036	0.309332210189977	
chr5	1850661	1850661	cg01891259	0.0033107360222689	0.309338995423675	
chr5	59189121	59189121	cg03323696	0.0033216463549035	0.309896917811172	PDE4D
chr5	176050495	176050495	cg11088968	0.003371596094833	0.312082406218843	SNCB
chr5	126189637	126189637	cg26626449	0.0034207950191254	0.313930723362771	
chr5	176935364	176935364	cg23950714	0.0034223477194119	0.313996738468534	DOK3
chr5	176130382	176130382	cg11504923	0.0034266921674327	0.314222781852579	
chr5	1075540	1075540	cg17788850	0.0034275936756162	0.314236461717979	SLC12A7
chr5	128301489	128301489	cg25555059	0.0034640734742874	0.315510403376688	SLC27A6
chr5	389763	389763	cg04021706	0.0035449011239348	0.318838096164836	AHRR
chr5	132764400	132764400	cg08360457	0.003545906968128	0.318838127748831	FSTL4
chr5	177036767	177036767	cg18036734	0.0035461063486706	0.318838127748831	B4GALT7
chr5	1809531	1809531	cg16495581	0.0035536984465472	0.319106513478557	NDUFS6
chr5	173415965	173415965	cg19954348	0.0035739491160533	0.319724156015631	C5orf47
chr5	176794208	176794208	cg17261708	0.0035984280029999	0.320949137786858	RGS14
chr5	1913983	1913983	cg05257086	0.0036122224834531	0.321438998346895	
chr5	154070145	154070145	cg12405087	0.003611339159428	0.321438998346895	
chr5	2018327	2018327	cg26168224	0.0036325912286323	0.322078659176931	
chr5	174151499	174151499	cg25998402	0.0036468874451782	0.32266466325283	
chr5	3324868	3324868	cg01603456	0.0036549762795145	0.322892571332825	
chr5	1849984	1849984	cg06904356	0.0036568006002951	0.322985424473563	
chr5	151150432	151150432	cg20775840	0.0036635059271131	0.323049891638027	ATOX1
chr5	177892911	177892911	cg08632081	0.0036829889331346	0.323641117285087	COL23A1
chr5	205607	205607	cg16224521	0.0037199509208002	0.324989571100339	CCDC127
chr5	6583395	6583395	cg04204831	0.0037293023423041	0.325058661821789	LINC01018
chr5	5057501	5057501	cg20789483	0.0037412376201533	0.325715759862694	LINC01020
chr5	180525108	180525108	cg17316316	0.0037450872096318	0.325788657988023	
chr5	123285221	123285221	cg08613507	0.0038703835060141	0.330883243225889	
chr5	1468662	1468662	cg12920963	0.0038803819733504	0.331203728448315	LPCAT1
chr5	17062512	17062512	cg22793067	0.0038946129882656	0.331782422033393	
chr5	149676826	149676826	cg25652824	0.0040429622540173	0.337502303386376	ARSI
chr5	169333110	169333110	cg09143964	0.0041188265281122	0.339626946214119	DOCK2,FAM196B
chr5	9545977	9545977	cg11011938	0.0041606795239649	0.341166489284401	SEMA5A
chr5	179740915	179740915	cg13944838	0.0042669748717138	0.345336895061613	GFPT2
chr5	1079057	1079057	cg14981610	0.004292958851918	0.346294535338179	SLC12A7
chr5	140810124	140810124	cg12304520	0.0042984235766148	0.346501138366408	PCDHGA1,PCDHGA10,PCDHGA11,PCDHGA2,PCDHGA3,PCDHGA4,PCDHGA5,PCDHGA6,PCDHGA7,PCDHGA8,PCDHGA9,PCDHGB1,PCDHGB2,PCDHGB3,PCDHGB4,PCDHGB6,PCDHGB7
chr5	15936768	15936768	cg06468166	0.0043291861004737	0.347852497791908	FBXL7
chr5	43040886	43040886	cg00257271	0.0043596723895789	0.349013604482233	ANXA2R,CTD-2201E18.3
chr5	976059	976059	cg18725195	0.0043832631823391	0.349963117431269	
chr5	390197	390197	cg06678548	0.0043947061371059	0.350240721673227	AHRR
chr5	121647631	121647631	cg01116059	0.0044080280787742	0.350900709765383	SNCAIP
chr5	140684151	140684151	cg19215261	0.0044498156528532	0.352514016233914	
chr5	134783187	134783187	cg14722162	0.0044584518261118	0.352804788000763	TIFAB
chr5	176731731	176731731	cg08293303	0.0044933638724234	0.353716486200701	MXD3,PRELID1
chr5	1885950	1885950	cg00626856	0.0045033654151845	0.353903516495236	IRX4
chr5	1750604	1750604	cg13319438	0.0045081506104472	0.353972160079168	
chr5	140261654	140261654	cg19876814	0.0045097473703067	0.353972160079168	PCDHA1,PCDHA10,PCDHA11,PCDHA12,PCDHA2,PCDHA3,PCDHA4,PCDHA5,PCDHA6,PCDHA7,PCDHA8,PCDHA9
chr5	1170385	1170385	cg14576733	0.0045259734562874	0.354437662343601	
chr5	42992556	42992556	cg21889472	0.0045384285734047	0.35485634884682	
chr5	134824532	134824532	cg15028653	0.0045877586927031	0.356809824984472	
chr5	1445354	1445354	cg27348223	0.0046097187453608	0.357769516996299	SLC6A3
chr5	1021832	1021832	cg22158992	0.0046157035916382	0.357842747863515	NKD2
chr5	139081079	139081079	cg13575217	0.0046470146831088	0.358643732163701	CTB-35F21.1
chr5	3225856	3225856	cg24593552	0.0046588689014181	0.35890546825069	
chr5	140789450	140789450	cg06757405	0.004665563356513	0.359155449705578	PCDHGA1,PCDHGA2,PCDHGA3,PCDHGA4,PCDHGA5,PCDHGA6,PCDHGA7,PCDHGA8,PCDHGA9,PCDHGB1,PCDHGB2,PCDHGB3,PCDHGB4,PCDHGB6
chr5	63255046	63255046	cg24813736	0.0047000004754481	0.360143241297735	RP11-158J3.2
chr5	8457819	8457819	cg18394854	0.004723896039537	0.360747776774133	MIR4458HG
chr5	1875886	1875886	cg18856388	0.0048146818611021	0.36386515390821	
chr5	114867570	114867570	cg25619717	0.0048406205284381	0.364740929576765	FEM1C
chr5	237993	237993	cg05669848	0.0048593222042776	0.365213803605596	SDHA
chr5	125967357	125967357	cg19298821	0.0049187553737766	0.367137272302834	
chr5	1073885	1073885	cg04725215	0.0049210133182694	0.367214099429517	SLC12A7
chr5	137798030	137798030	cg06771363	0.0049203554786599	0.367214099429517	
chr5	476843	476843	cg16235679	0.0049211034136966	0.367214099429517	CTD-2228K2.7,SLC9A3
chr5	1463489	1463489	cg11270834	0.0049233143990276	0.367273967730381	LPCAT1
chr5	998978	998978	cg11935708	0.0049249631282087	0.367273967730381	
chr5	353905	353905	cg05655106	0.0049692529359095	0.369158266081145	AHRR,PDCD6
chr5	43040174	43040174	cg08205639	0.004968990788571	0.369158266081145	ANXA2R,CTD-2201E18.3
chr5	43040560	43040560	cg03723510	0.0049811131613851	0.369382372488144	ANXA2R,CTD-2201E18.3
chr5	176074485	176074485	cg01255913	0.0050673305801109	0.372193335865099	TSPAN17
chr5	958837	958837	cg03264526	0.0051820350481795	0.376069615701324	
chr5	176930263	176930263	cg18594389	0.0051965064595227	0.376367815772268	DOK3,RP11-1334A24.6
chr5	121647643	121647643	cg26144658	0.0052120793103215	0.376672881134532	SNCAIP
chr5	487698	487698	cg16264495	0.005217736842428	0.376762183162457	SLC9A3
chr5	140751608	140751608	cg24922090	0.0052770219614926	0.378299542846207	PCDHGA1,PCDHGA2,PCDHGA3,PCDHGA4,PCDHGA5,PCDHGB1,PCDHGB2,PCDHGB3
chr5	92940164	92940164	cg08767182	0.0053066421870032	0.379448084336943	
chr5	93077291	93077291	cg18057723	0.0053326548939693	0.380298449100856	FAM172A,POU5F2
chr5	956522	956522	cg09867268	0.0053398804508153	0.380527837727471	RP11-661C8.2
chr5	122621186	122621186	cg23949389	0.0053432791722766	0.380599484006897	
chr5	178421711	178421711	cg12483476	0.0053723022646815	0.381557696995074	GRM6
chr5	4629593	4629593	cg05974921	0.0054225425341979	0.383236129184697	RP11-445O3.2
chr5	134825896	134825896	cg24792289	0.0054436778417434	0.384079977480454	
chr5	95769071	95769071	cg17803175	0.0054510868004393	0.384310590330845	CTD-2337A12.1,PCSK1
chr5	172106451	172106451	cg11190434	0.0055073834755974	0.385805028389415	NEURL1B
chr5	43039593	43039593	cg04122815	0.0055481499638924	0.387207949081631	ANXA2R,CTD-2201E18.3
chr5	759544	759544	cg04225785	0.0055615923613282	0.387382014742762	ZDHHC11,ZDHHC11B
chr5	176937447	176937447	cg08394278	0.0055850309557394	0.387920763545925	DOK3
chr5	1053775	1053775	cg23491790	0.0056014258299198	0.388321144237402	SLC12A7
chr5	3324861	3324861	cg07840143	0.0056133541741539	0.388742909981893	
chr5	150400532	150400532	cg17820459	0.0056965988344017	0.391058472733137	GPX3
chr5	176024650	176024650	cg11056569	0.005704956886265	0.391214304211686	GPRIN1
chr5	43040580	43040580	cg18148997	0.0057348792833693	0.392043293491436	ANXA2R,CTD-2201E18.3
chr5	2155809	2155809	cg14574910	0.0057453496559526	0.392502103654873	
chr5	38556435	38556435	cg12587766	0.0057495641745411	0.392629479501603	LIFR
chr5	2751822	2751822	cg08235864	0.0057981084595856	0.39407192616577	IRX2
chr5	168728082	168728082	cg07136998	0.0058119149087937	0.394372723988194	SLIT3
chr5	196163	196163	cg22116398	0.0058147387666635	0.394397107549348	CTD-2083E4.7
chr5	141354299	141354299	cg20563794	0.0058178321983927	0.394485856728908	AC005740.5,RNF14
chr5	140725147	140725147	cg01561869	0.0058350948006471	0.394842683917609	PCDHGA1,PCDHGA2,PCDHGA3
chr5	136834295	136834295	cg09054633	0.0058529219111016	0.395230212171808	SPOCK1
chr5	65449380	65449380	cg14787704	0.0059144846682779	0.39704329116667	SREK1
chr5	179051569	179051569	cg11517094	0.0059207962713466	0.397339272524095	HNRNPH1
chr5	146829386	146829386	cg08418076	0.0059239267118741	0.397411105823271	DPYSL3
chr5	43064908	43064908	cg00336706	0.005944521714338	0.397990888111864	CTD-2201E18.3
chr5	1864667	1864667	cg04641474	0.0060000026740102	0.399614588275603	
chr5	3325562	3325562	cg00993308	0.0060242978192981	0.400498237031969	
chr5	160112457	160112457	cg13629358	0.0060928812569895	0.402804256661631	ATP10B,CTC-529G1.1
chr5	122430476	122430476	cg23289079	0.0061034905235973	0.403059074518546	PRDM6
chr5	50673731	50673731	cg05501996	0.0061131293359507	0.403343378594812	CTD-2314G24.2
chr5	6727355	6727355	cg25011763	0.0061135896733289	0.403343378594812	PAPD7
chr5	174179289	174179289	cg15334494	0.0061212702441215	0.403491240540113	CTD-2532K18.1
chr5	1806952	1806952	cg25071880	0.0061583031758774	0.404628159953049	NDUFS6
chr5	1049344	1049344	cg09108044	0.006179063365362	0.405167102023229	
chr5	174152034	174152034	cg20563910	0.0062187597962794	0.406296603062035	MSX2
chr5	18119338	18119338	cg08390033	0.0062679835664589	0.407574570237962	
chr5	172903877	172903877	cg01802043	0.0063342620162418	0.409471206291849	CTB-164N12.1
chr5	140792993	140792993	cg27599792	0.0063909381289088	0.410710327602054	PCDHGA1,PCDHGA10,PCDHGA2,PCDHGA3,PCDHGA4,PCDHGA5,PCDHGA6,PCDHGA7,PCDHGA8,PCDHGA9,PCDHGB1,PCDHGB2,PCDHGB3,PCDHGB4,PCDHGB6
chr5	369969	369969	cg01899089	0.006403728930414	0.411127638762229	AHRR
chr5	5303296	5303296	cg08546589	0.0064117770681165	0.411145393891407	ADAMTS16
chr5	171426938	171426938	cg15996914	0.0064326763873956	0.411745506432019	FBXW11
chr5	140683681	140683681	cg07039560	0.0064425042174308	0.412153508816979	
chr5	14577365	14577365	cg11589532	0.0064886170799847	0.413500586451288	
chr5	1380611	1380611	cg08609839	0.0065067341442421	0.413891744316539	
chr5	140419820	140419820	cg23500537	0.0065351604128005	0.414587832900448	
chr5	1931376	1931376	cg11439596	0.0066076546129324	0.417001917337745	
chr5	172196153	172196153	cg00593243	0.0066493377840031	0.418308355678027	DUSP1,RP11-779O18.3
chr5	7851396	7851396	cg18104919	0.0066768140806334	0.418906483952822	C5orf49,MTRR
chr5	176919582	176919582	cg04657517	0.0067057768728603	0.419832994782943	PDLIM7
chr5	2111459	2111459	cg16288562	0.0067437054225554	0.420474412125828	
chr5	180230767	180230767	cg11316131	0.0068479380538613	0.422932825950495	MGAT1
chr5	140810109	140810109	cg02452944	0.0068653327737154	0.423111196287956	PCDHGA1,PCDHGA10,PCDHGA11,PCDHGA2,PCDHGA3,PCDHGA4,PCDHGA5,PCDHGA6,PCDHGA7,PCDHGA8,PCDHGA9,PCDHGB1,PCDHGB2,PCDHGB3,PCDHGB4,PCDHGB6,PCDHGB7
chr5	177964874	177964874	cg24830898	0.0068661641902156	0.423111196287956	COL23A1
chr5	178986131	178986131	cg19626725	0.0068853390334676	0.423676577028877	RUFY1
chr5	3602414	3602414	cg06585708	0.0069128962005743	0.424434348865101	
chr5	140864734	140864734	cg23445461	0.0069422458229367	0.425320392702192	PCDHGA1,PCDHGA10,PCDHGA11,PCDHGA12,PCDHGA2,PCDHGA3,PCDHGA4,PCDHGA5,PCDHGA6,PCDHGA7,PCDHGA8,PCDHGA9,PCDHGB1,PCDHGB2,PCDHGB3,PCDHGB4,PCDHGB6,PCDHGB7,PCDHGC3
chr5	2703139	2703139	cg26127025	0.0070271095389904	0.427643666061381	
chr5	602155	602155	cg10642164	0.0070415488065589	0.428085786531574	
chr5	2739653	2739653	cg10632093	0.0070763867565412	0.429190364168181	
chr5	416725	416725	cg09078081	0.0071764061300344	0.432267765402107	AHRR
chr5	50695225	50695225	cg00569447	0.0072718009411248	0.434868168042896	
chr5	2754754	2754754	cg21629500	0.0072880204870803	0.43536479709073	C5orf38
chr5	1087830	1087830	cg04226648	0.0073275432088165	0.436327541558336	SLC12A7
chr5	637789	637789	cg17257862	0.0073497871110092	0.437184638142429	CEP72
chr5	16671082	16671082	cg26807475	0.0073563072431932	0.437280735414643	MYO10
chr5	14461315	14461315	cg12151443	0.0073885574296607	0.437733402962717	TRIO
chr5	38468306	38468306	cg12911095	0.0073902318328366	0.437751366881096	CTD-2263F21.1
chr5	2008364	2008364	cg14977875	0.0074900505666927	0.439979207270029	
chr5	76249898	76249898	cg07380705	0.0075280176929455	0.441096321261604	CRHBP
chr5	140263656	140263656	cg17852221	0.0075408664387733	0.441441075372269	PCDHA1,PCDHA10,PCDHA11,PCDHA12,PCDHA13,PCDHA2,PCDHA3,PCDHA4,PCDHA5,PCDHA6,PCDHA7,PCDHA8,PCDHA9
chr5	1856326	1856326	cg12485135	0.0075622180721221	0.442107940358387	CTD-2194D22.2
chr5	7293155	7293155	cg07592216	0.0076219322003766	0.443459915186756	RP11-404K5.1
chr5	140503221	140503221	cg01097725	0.0076371722354151	0.443642862695463	PCDHB4
chr5	5139508	5139508	cg19452011	0.0076747842765199	0.44416581882617	CTD-2297D10.2
chr5	483546	483546	cg16651552	0.0076902432368541	0.444552578003644	SLC9A3
chr5	1702471	1702471	cg17470674	0.0077127168347487	0.44508172928374	
chr5	72416275	72416275	cg13571358	0.0077315133286801	0.445278523117653	TMEM171
chr5	1888034	1888034	cg25442600	0.0077433192582304	0.445628941874782	CTD-2194D22.4
chr5	102205822	102205822	cg11098622	0.0077625916349891	0.446134590397434	PAM
chr5	63257093	63257093	cg27615388	0.0077834232019122	0.446630442336054	HTR1A,RP11-158J3.2
chr5	6775910	6775910	cg20710519	0.0078160937417103	0.447228382072579	
chr5	140261760	140261760	cg25967418	0.0078535845932464	0.448341463656228	PCDHA1,PCDHA10,PCDHA11,PCDHA12,PCDHA2,PCDHA3,PCDHA4,PCDHA5,PCDHA6,PCDHA7,PCDHA8,PCDHA9
chr5	132947725	132947725	cg24908814	0.0078605521030253	0.448423402196616	FSTL4
chr5	42992999	42992999	cg03894174	0.0079802421515326	0.451444897886806	
chr5	71146768	71146768	cg11806367	0.0080326320126562	0.452310317949096	
chr5	172195603	172195603	cg02029908	0.0080630363076443	0.452969125249639	DUSP1,RP11-779O18.3
chr5	178487486	178487486	cg08278489	0.0081093969788786	0.454168637157	ZNF354C
chr5	36607377	36607377	cg25010361	0.0081802291591083	0.455764031863944	SLC1A3
chr5	1867978	1867978	cg15595755	0.0081901000592388	0.455919188697076	
chr5	1178214	1178214	cg24162856	0.0082661649003522	0.457812315044623	CTD-3080P12.3
chr5	1467318	1467318	cg02455827	0.0082746915385969	0.458021612070228	LPCAT1
chr5	3428697	3428697	cg17210933	0.0083313844442243	0.459065778278344	LINC01019
chr5	883880	883880	cg18277507	0.0083370336912189	0.459099616530544	BRD9
chr5	1806626	1806626	cg01294811	0.0083407601783694	0.459195888846939	NDUFS6
chr5	134788649	134788649	cg13691824	0.0084521997361651	0.462015552741256	CTB-138E5.1
chr5	14696254	14696254	cg14779520	0.0084666991264737	0.462389607024868	FAM105B
chr5	3962310	3962310	cg20760609	0.0085204009278956	0.463205007130736	
chr5	179228859	179228859	cg10561067	0.0085395958055244	0.46353867419693	MGAT4B
chr5	13810279	13810279	cg08818829	0.008544859390396	0.463611067775973	DNAH5
chr5	346247	346247	cg09084391	0.0085466036095808	0.463611067775973	AHRR,PDCD6
chr5	71146858	71146858	cg00597112	0.0087094473259671	0.46796002093639	
chr5	124378411	124378411	cg21219369	0.0087248412256742	0.46817224525028	
chr5	11384753	11384753	cg27639457	0.0087308606619406	0.468254622149975	CTNND2
chr5	155109126	155109126	cg02657836	0.0087797391847223	0.469537601983037	
chr5	14488255	14488255	cg09086037	0.0088049513940594	0.470044339682678	TRIO
chr5	128795606	128795606	cg05211662	0.0088114645430465	0.470281263916737	ADAMTS19-AS1
chr5	175223637	175223637	cg23495748	0.0088223404207257	0.470584805800705	CPLX2
chr5	1857829	1857829	cg19531075	0.0088378549447303	0.470615010716721	
chr5	170736389	170736389	cg25720804	0.0088371588358492	0.470615010716721	TLX3
chr5	1551883	1551883	cg03512172	0.0088684482989729	0.4713590115392	
chr5	1144377	1144377	cg09653364	0.0088946695733157	0.472032224203782	
chr5	53887	53887	cg14101494	0.0090152795580894	0.474521463396096	
chr5	146152748	146152748	cg12623735	0.0090259675322264	0.474921704064629	PPP2R2B
chr5	7850922	7850922	cg00984474	0.0090800520650363	0.475920221092728	C5orf49
chr5	2751839	2751839	cg08204280	0.0091358185496595	0.476938472247438	IRX2
chr5	5139878	5139878	cg04136610	0.0091511949920791	0.477346079450234	CTD-2297D10.2
chr5	172905725	172905725	cg10873086	0.0091508333888786	0.477346079450234	CTB-164N12.1
chr5	395445	395445	cg25648203	0.0091898938119655	0.478485091381235	AHRR
chr5	156479608	156479608	cg12943317	0.0092033591965198	0.478758543844125	HAVCR1
chr5	170735347	170735347	cg26517171	0.0092133055253397	0.47896580210749	
chr5	1818204	1818204	cg06870484	0.0092434240195816	0.479788498628931	
chr5	137688090	137688090	cg05722427	0.0092605903918989	0.480171679822211	
chr5	171723217	171723217	cg19643315	0.009272466794396	0.480305193294351	
chr5	122620950	122620950	cg05692123	0.009321225738371	0.481195750214184	
chr5	1118670	1118670	cg11887376	0.0093289904810774	0.481472514277453	
chr5	133801682	133801682	cg25461827	0.0093345229997727	0.481508810972747	AC005355.1
chr5	476792	476792	cg01295188	0.0093452964484599	0.48180147845266	CTD-2228K2.7,SLC9A3
chr5	179563201	179563201	cg13320539	0.0093450535929479	0.48180147845266	RASGEF1C
chr5	134827821	134827821	cg25383593	0.0093653995685005	0.482100805791884	
chr5	1594734	1594734	cg08422420	0.0093833060832089	0.482581415745526	SDHAP3
chr5	1552259	1552259	cg08808615	0.0093987259714976	0.482928485035913	
chr5	176225593	176225593	cg02087067	0.0094137567373273	0.483344045524775	
chr5	2750759	2750759	cg26333652	0.0094881138925759	0.484957270935022	IRX2
chr5	140782756	140782756	cg07816637	0.0094925101488707	0.484973162075883	PCDHGA1,PCDHGA2,PCDHGA3,PCDHGA4,PCDHGA5,PCDHGA6,PCDHGA7,PCDHGA8,PCDHGA9,PCDHGB1,PCDHGB2,PCDHGB3,PCDHGB4
chr5	980581	980581	cg04058281	0.0095095541383346	0.485466681001361	RP11-661C8.3
chr5	140595072	140595072	cg03631455	0.0095323711999013	0.485999088113907	PCDHB13
chr5	42995203	42995203	cg18161950	0.0096000746028045	0.487536034984372	
chr5	153775467	153775467	cg07452312	0.0096258406512752	0.488174459953267	GALNT10,SAP30L-AS1
chr5	851225	851225	cg23091057	0.0096515192467778	0.488763988168496	BRD9
chr5	1294199	1294199	cg24881558	0.0097271673740257	0.490769835804418	TERT
chr5	72416677	72416677	cg25177452	0.009735199592287	0.490976371903358	TMEM171
chr5	3932146	3932146	cg22120852	0.0097507055091916	0.49130564080339	
chr5	149483183	149483183	cg21922577	0.009765929450479	0.491458045106296	CSF1R
chr5	1857306	1857306	cg20790798	0.0097796052875272	0.491720551262907	
chr5	145714533	145714533	cg06577446	0.0097845885491351	0.491784759063743	CTC-359M8.1,RBM27
chr5	16180393	16180393	cg12456714	0.0097853730965502	0.491784759063743	MARCH11,RP11-19O2.2
chr5	1807733	1807733	cg00561739	0.0098039055421187	0.492185983630517	NDUFS6
chr5	138861242	138861242	cg04232128	0.0098039617795284	0.492185983630517	TMEM173
chr5	180231084	180231084	cg04212021	0.0098297398834169	0.492770176662114	MGAT1
chr5	154434002	154434002	cg26382656	0.0098289954172268	0.492770176662114	
chr5	72416202	72416202	cg27085869	0.0099102257790146	0.494006131519153	TMEM171
chr5	2751855	2751855	cg04992127	0.0099444268574722	0.494602343332465	IRX2
chr5	179554594	179554594	cg16150702	0.0100027646044947	0.495824282482647	RASGEF1C
chr5	14488482	14488482	cg03565437	0.0100452531534057	0.496697053387257	TRIO
chr5	172110477	172110477	cg00327072	0.0101434070747355	0.498498439648585	NEURL1B
chr5	978293	978293	cg18867781	0.0101439295161045	0.498498439648585	
chr5	3325150	3325150	cg21515406	0.0101494633803122	0.498594402932369	
chr5	140767255	140767255	cg00911351	0.010156300316448	0.498627963428541	PCDHGA1,PCDHGA2,PCDHGA3,PCDHGA4,PCDHGA5,PCDHGA6,PCDHGA7,PCDHGB1,PCDHGB2,PCDHGB3
chr5	53606639	53606639	cg13717023	0.010164079054904	0.498791425938392	
chr5	179859512	179859512	cg09900527	0.0101977803417106	0.499293248789803	
chr5	13810144	13810144	cg04734587	0.0102422813129838	0.499813892364689	DNAH5
chr6	170409598	170409598	cg00389036	8.7806705138844e-06	0.054171566000017	
chr6	1312475	1312475	cg01096398	1.63320889536304e-05	0.054171566000017	
chr6	170525515	170525515	cg01345395	5.29696358984725e-06	0.054171566000017	
chr6	96463903	96463903	cg01758512	1.38252853863843e-05	0.054171566000017	FUT9
chr6	169567456	169567456	cg03031073	9.71168312641106e-06	0.054171566000017	
chr6	170471682	170471682	cg03667405	8.93108971734553e-06	0.054171566000017	
chr6	170405976	170405976	cg03914925	1.87370085974587e-05	0.054171566000017	
chr6	170411595	170411595	cg04452437	4.37060540470192e-06	0.054171566000017	
chr6	133562461	133562461	cg05085230	1.57087198600864e-05	0.054171566000017	EYA4
chr6	169273346	169273346	cg05740106	1.11668499441355e-05	0.054171566000017	
chr6	133562466	133562466	cg06132028	1.1130372754739e-05	0.054171566000017	EYA4
chr6	133562463	133562463	cg08712932	1.75358845678824e-05	0.054171566000017	EYA4
chr6	169852576	169852576	cg09308777	1.94441093200124e-05	0.054171566000017	
chr6	85824216	85824216	cg11452329	1.16905039154105e-05	0.054171566000017	
chr6	170390236	170390236	cg11579646	6.73799263115633e-06	0.054171566000017	
chr6	133562479	133562479	cg11664500	1.36189319564273e-05	0.054171566000017	EYA4
chr6	158508189	158508189	cg11723077	1.87519680270001e-05	0.054171566000017	SYNJ2
chr6	12749978	12749978	cg13246235	2.20748523951435e-05	0.054171566000017	PHACTR1
chr6	168390911	168390911	cg13488284	1.71884351140241e-05	0.054171566000017	
chr6	159655392	159655392	cg14500486	5.06569133271286e-06	0.054171566000017	FNDC1
chr6	170457112	170457112	cg14582080	1.5671683090949e-05	0.054171566000017	
chr6	170396117	170396117	cg15022051	2.65867483333972e-06	0.054171566000017	
chr6	169726477	169726477	cg16388071	2.10854233399043e-05	0.054171566000017	
chr6	30292258	30292258	cg17627829	1.07661131239097e-05	0.054171566000017	HCG17,HCG18
chr6	170392862	170392862	cg18847474	1.35852959320002e-05	0.054171566000017	
chr6	169726368	169726368	cg20181600	2.86298198961099e-06	0.054171566000017	
chr6	9399380	9399380	cg20876760	1.63865028259665e-05	0.054171566000017	
chr6	133562492	133562492	cg22871668	1.33319119679046e-05	0.054171566000017	EYA4
chr6	170500942	170500942	cg23066587	4.7684305027063e-06	0.054171566000017	
chr6	170408669	170408669	cg24481606	2.21027011198232e-05	0.054171566000017	
chr6	151125870	151125870	cg26700102	1.04356493867176e-05	0.054171566000017	PLEKHG1
chr6	170414149	170414149	cg27393640	3.97827404190446e-06	0.054171566000017	
chr6	170408631	170408631	cg04595446	2.63776206103544e-05	0.0543206248802127	
chr6	133562485	133562485	cg14287112	2.33648386664289e-05	0.0543206248802127	EYA4
chr6	168122077	168122077	cg16362594	2.55929538956068e-05	0.0543206248802127	
chr6	170411557	170411557	cg17267654	2.31386490242959e-05	0.0543206248802127	
chr6	170407102	170407102	cg20540748	2.70834051704846e-05	0.0543206248802127	
chr6	129513952	129513952	cg02873997	2.79043272107355e-05	0.0543707177967035	LAMA2
chr6	167312934	167312934	cg03874201	3.42323422210932e-05	0.0543707177967035	RP11-514O12.4,RPS6KA2
chr6	170335622	170335622	cg11974820	3.20288930743207e-05	0.0543707177967035	
chr6	170500638	170500638	cg21597487	2.97232971602167e-05	0.0543707177967035	
chr6	170467488	170467488	cg23873996	2.95340883588279e-05	0.0543707177967035	
chr6	170405894	170405894	cg01824412	3.56938558034698e-05	0.0550142418781693	
chr6	110301075	110301075	cg11671688	3.7512088287096e-05	0.0550731515654561	GPR6
chr6	148869535	148869535	cg11631592	3.91559933300534e-05	0.0553371048844476	SASH1
chr6	16320530	16320530	cg11228682	3.98235264752069e-05	0.055490462612005	ATXN1
chr6	133562475	133562475	cg20787173	4.3451854854283e-05	0.0556883318141202	EYA4
chr6	32708524	32708524	cg02786267	4.68229650937549e-05	0.0567702287985928	
chr6	169284345	169284345	cg12550496	4.72285253414629e-05	0.0567859866937736	
chr6	19838818	19838818	cg24109612	4.86542971772515e-05	0.0570949707730289	ID4,RP1-167F1.2
chr6	170409675	170409675	cg13661094	5.10900020454048e-05	0.0575318458703748	
chr6	167559852	167559852	cg02524205	5.20589536236277e-05	0.0575800295317701	
chr6	170338216	170338216	cg07985366	5.43039419168255e-05	0.0578403073828547	
chr6	165831917	165831917	cg08321824	5.47834780503373e-05	0.0578403073828547	PDE10A
chr6	158507953	158507953	cg14533068	5.33912514597791e-05	0.0578403073828547	SYNJ2
chr6	170479825	170479825	cg03867979	5.54940364033703e-05	0.0582390391538054	
chr6	169902155	169902155	cg19269926	5.67771366934165e-05	0.0587006730051065	WDR27
chr6	170392909	170392909	cg01471837	5.81094587629619e-05	0.0589438365507034	
chr6	22294712	22294712	cg24005196	5.8494930191954e-05	0.0589438365507034	PRL,RP3-404K8.2
chr6	170500967	170500967	cg13214005	5.97013530148578e-05	0.0591612788534209	
chr6	170455570	170455570	cg01900548	6.25372266884765e-05	0.0595530723273388	
chr6	170539395	170539395	cg17678009	6.41409653986531e-05	0.0596618614493153	
chr6	78172193	78172193	cg21232620	6.4530380748531e-05	0.0596640624838269	HTR1B
chr6	148841330	148841330	cg23349798	6.7328736012849e-05	0.0603134549055003	SASH1
chr6	74104595	74104595	cg12045875	6.80581075773935e-05	0.0604829505950612	DDX43,OOEP
chr6	152554983	152554983	cg18276437	7.23629310996977e-05	0.0615974473485097	SYNE1
chr6	169632352	169632352	cg24039778	7.20580087672442e-05	0.0615974473485097	THBS2,XXyac-YX65C7_A.2
chr6	167313694	167313694	cg16311773	7.67960441227331e-05	0.0624060491857821	RP11-514O12.4,RPS6KA2
chr6	169978312	169978312	cg05066503	8.34386437453224e-05	0.0636548161113578	WDR27
chr6	170528865	170528865	cg09255484	8.53707656343339e-05	0.0640992769774896	
chr6	169632357	169632357	cg17083940	8.57458359528714e-05	0.0640992769774896	THBS2,XXyac-YX65C7_A.2
chr6	148869489	148869489	cg19758859	9.32167950345511e-05	0.0659363987596893	SASH1
chr6	169301413	169301413	cg25303023	9.66735649624822e-05	0.0667479235771874	
chr6	170456950	170456950	cg24027542	9.95440028600587e-05	0.0678274648003415	
chr6	66804830	66804830	cg22034507	0.0001002308364884	0.0679820637186055	
chr6	118287501	118287501	cg23617640	0.0001025411427097	0.0684186937300488	SLC35F1
chr6	55009424	55009424	cg12844841	0.0001054334398691	0.0692424169789797	
chr6	121801390	121801390	cg12392336	0.0001104798920626	0.0697327335021171	
chr6	170408355	170408355	cg20675539	0.0001107246948461	0.0697560567363433	
chr6	30434524	30434524	cg09364338	0.0001111132723567	0.0698428433271369	TMPOP1
chr6	168073237	168073237	cg04463911	0.0001112666516046	0.06988666753203	RP11-351J23.2
chr6	161995303	161995303	cg20167539	0.0001132270793787	0.0704820851035146	PARK2
chr6	148869462	148869462	cg27422807	0.0001191282123824	0.071838526570722	SASH1
chr6	100583956	100583956	cg13168447	0.0001199496274071	0.0719330940744132	PRDX2P4
chr6	19838211	19838211	cg00468146	0.0001225812551039	0.072282039353711	ID4,RP1-167F1.2
chr6	114663571	114663571	cg10443195	0.0001240571215852	0.0723600376393548	HS3ST5,RP3-399L15.3
chr6	164531922	164531922	cg25573812	0.0001245953602772	0.0723600376393548	
chr6	168132812	168132812	cg04730372	0.0001261828097745	0.0725463444821803	
chr6	3387864	3387864	cg18398570	0.0001288476472077	0.0734215378161806	SLC22A23
chr6	170494475	170494475	cg25044186	0.0001286928091173	0.0734215378161806	RP11-302L19.3
chr6	127797208	127797208	cg03122264	0.0001304873932815	0.0738987544507156	SOGA3
chr6	163742913	163742913	cg10036368	0.0001323034240812	0.0741600011648336	
chr6	32782845	32782845	cg10294956	0.0001336945628595	0.0741600011648336	HLA-DOB,TAP2
chr6	170530366	170530366	cg15367041	0.0001334478521959	0.0741600011648336	
chr6	170338591	170338591	cg12173150	0.0001430221315376	0.0759487815647982	
chr6	168550569	168550569	cg16545749	0.0001422955832909	0.0759487815647982	
chr6	170591088	170591088	cg00254486	0.0001485589961842	0.0768751019801336	
chr6	151125849	151125849	cg10418114	0.0001494147147347	0.0769790000004802	PLEKHG1
chr6	170396328	170396328	cg10815835	0.0001517353269454	0.0774131073614129	
chr6	122385128	122385128	cg23608212	0.0001519768344151	0.0774131073614129	
chr6	93433257	93433257	cg00592460	0.0001531600009561	0.0775158511986832	RP11-127B16.1
chr6	170361475	170361475	cg10309354	0.0001530117824164	0.0775158511986832	
chr6	30039409	30039409	cg07382347	0.0001579529562341	0.0781567101057713	RNF39
chr6	152419176	152419176	cg02404255	0.0001595193467411	0.0787386042563311	ESR1
chr6	166582394	166582394	cg06463958	0.0001598794160395	0.0787959335071551	
chr6	118480809	118480809	cg17403817	0.0001629584534137	0.0792382159849158	SLC35F1
chr6	165722858	165722858	cg02064106	0.0001665418393478	0.0802797013868175	C6orf118
chr6	170488281	170488281	cg04226256	0.0001759620795591	0.082281768058722	
chr6	170453855	170453855	cg08344534	0.0001761124972634	0.082281768058722	
chr6	29692184	29692184	cg00504902	0.0001792094946147	0.0828483410925963	HLA-F
chr6	170591802	170591802	cg21293831	0.0001805376481698	0.083000634890553	DLL1
chr6	34023419	34023419	cg03412431	0.000184000965139	0.0834924618425296	GRM4
chr6	170471236	170471236	cg09655272	0.0001843823412428	0.083523567737419	
chr6	170538981	170538981	cg22045349	0.0001891743419554	0.0846733072846647	
chr6	85483934	85483934	cg07202413	0.0001985367433311	0.0863595878146538	
chr6	168377715	168377715	cg19693890	0.0001988006734009	0.0863595878146538	RP3-470B24.5
chr6	30292275	30292275	cg11860977	0.000208022161154	0.0881661040991566	HCG17,HCG18
chr6	30292293	30292293	cg04651621	0.0002097212585035	0.0885480966473021	HCG17,HCG18
chr6	155759026	155759026	cg06487334	0.0002122401819914	0.089005988850856	NOX3
chr6	170373952	170373952	cg27561713	0.0002227209948139	0.0909806006463	
chr6	166619471	166619471	cg03201886	0.0002233773177449	0.0912041072501879	
chr6	123317714	123317714	cg18210226	0.0002279556740277	0.0917726473422766	CLVS2
chr6	164093099	164093099	cg22615992	0.0002287220782279	0.09190017040348	
chr6	133562102	133562102	cg02446647	0.0002299428218995	0.0919057406268587	EYA4
chr6	133562470	133562470	cg11942956	0.0002291895378245	0.0919057406268587	EYA4
chr6	148852503	148852503	cg13647821	0.0002297412273245	0.0919057406268587	SASH1
chr6	46703505	46703505	cg16536824	0.0002301583831657	0.0919057406268587	
chr6	85483536	85483536	cg16561893	0.000229269474847	0.0919057406268587	
chr6	168377724	168377724	cg05789359	0.0002337553258056	0.092684451301905	RP3-470B24.5
chr6	164340526	164340526	cg12590655	0.0002374513338564	0.0933022909543598	
chr6	168379043	168379043	cg21991616	0.0002393290326403	0.0935560371141432	RP3-470B24.5
chr6	167275396	167275396	cg13217373	0.0002424185663333	0.0941366438061465	RP11-514O12.4,RPS6KA2
chr6	170471364	170471364	cg09623085	0.0002506062107572	0.0955935674452475	
chr6	28555056	28555056	cg11414709	0.0002515920307522	0.0956203098715149	SCAND3
chr6	106546754	106546754	cg08742502	0.0002527819763856	0.0959852230641811	PRDM1
chr6	32117050	32117050	cg24125828	0.0002546594541262	0.096300717039019	PRRT1
chr6	170491512	170491512	cg04012719	0.000256818153649	0.096549867142403	
chr6	170597378	170597378	cg05228964	0.0002595541183735	0.0969768528319327	DLL1
chr6	168377453	168377453	cg06706024	0.000263074675854	0.0975436059773067	RP3-470B24.5
chr6	170471162	170471162	cg26292575	0.0002708352839107	0.0989714586446331	
chr6	131893378	131893378	cg04639555	0.000279773463729	0.100264040106902	
chr6	31130259	31130259	cg23998635	0.0002815883178821	0.100655352786673	TCF19
chr6	170361243	170361243	cg05081416	0.0002824390049743	0.100786929235976	
chr6	32782797	32782797	cg03477130	0.0002842790605021	0.101007242300738	HLA-DOB,TAP2
chr6	153321243	153321243	cg14185727	0.0002873212568687	0.101334721496529	MTRF1L
chr6	36628713	36628713	cg03160883	0.0002906849677909	0.101901243929251	
chr6	170540050	170540050	cg13963053	0.0002946017723427	0.102348735721469	
chr6	26577821	26577821	cg05738196	0.0002988166690571	0.103192921081817	
chr6	168073089	168073089	cg14724719	0.0003002987703043	0.103576294361784	RP11-351J23.2
chr6	27235891	27235891	cg01518607	0.000309053806162	0.104748574920556	
chr6	66709459	66709459	cg24961139	0.0003145558237337	0.105319235896748	
chr6	169629684	169629684	cg02531033	0.0003195779035086	0.106159405123736	THBS2,XXyac-YX65C7_A.2
chr6	118822505	118822505	cg02635209	0.0003418733880663	0.109395304283977	CEP85L
chr6	158507931	158507931	cg09667606	0.0003416995878178	0.109395304283977	SYNJ2
chr6	30292298	30292298	cg16025833	0.000345959753138	0.11013939893978	HCG17,HCG18
chr6	32729782	32729782	cg25327122	0.000350018042069	0.111050502041558	HLA-DQB2
chr6	148734690	148734690	cg00941824	0.0003511435648589	0.111157382412464	SASH1
chr6	169621662	169621662	cg06119452	0.0003514367251316	0.111157382412464	THBS2,XXyac-YX65C7_A.2
chr6	169631175	169631175	cg08714544	0.0003600784052305	0.112345352622148	THBS2,XXyac-YX65C7_A.2
chr6	100902258	100902258	cg11538641	0.0003615708762921	0.112494881644246	SIM1
chr6	38690855	38690855	cg15933546	0.0003762033706092	0.114098278812469	DNAH8
chr6	169902591	169902591	cg00670977	0.0003799117749539	0.114577926435299	WDR27
chr6	170597327	170597327	cg23191576	0.0003854787008952	0.115253621502494	DLL1
chr6	30039202	30039202	cg13185413	0.0003859009559457	0.115267183763921	RNF39
chr6	148784880	148784880	cg10809783	0.0003902735002781	0.115775687152475	SASH1
chr6	32784256	32784256	cg04576021	0.0004079917684761	0.118424501597997	HLA-DOB,TAP2
chr6	169648759	169648759	cg15216858	0.0004115742273466	0.11892356279329	THBS2
chr6	105388694	105388694	cg03738025	0.0004158657432448	0.119014535593508	
chr6	133562275	133562275	cg01162672	0.0004164375097151	0.119100498385153	EYA4
chr6	118229733	118229733	cg01995743	0.0004230431878684	0.119684403200784	SLC35F1
chr6	99295790	99295790	cg03244411	0.0004223143318226	0.119684403200784	
chr6	30159310	30159310	cg12423902	0.0004232361917386	0.119684403200784	TRIM26
chr6	127796313	127796313	cg25144111	0.0004297996486642	0.120443962329181	SOGA3
chr6	169287266	169287266	cg09867546	0.0004356841296948	0.121344209724937	
chr6	144074925	144074925	cg19852921	0.000442460749866	0.121752801225555	PHACTR2
chr6	170455374	170455374	cg00549972	0.0004481507731792	0.12254451849225	
chr6	170413878	170413878	cg21642396	0.0004515144400648	0.123021338504476	
chr6	1318932	1318932	cg24651969	0.000455378914199	0.12355040762265	
chr6	170047853	170047853	cg16736439	0.0004606956065348	0.12403998178172	WDR27
chr6	168394199	168394199	cg14041603	0.0004614508869991	0.124189456596671	KIF25-AS1
chr6	169900951	169900951	cg00043949	0.000464888981418	0.124601015522232	WDR27
chr6	169091863	169091863	cg13964192	0.0004648589073194	0.124601015522232	
chr6	161563558	161563558	cg20427090	0.0004684178983581	0.125066880089766	AGPAT4
chr6	169645065	169645065	cg24286575	0.000468700971848	0.125066880089766	THBS2
chr6	32330189	32330189	cg09452510	0.0004858895014008	0.127270762306149	C6orf10
chr6	168417646	168417646	cg04680494	0.0004886826575598	0.127370015151244	KIF25
chr6	30039404	30039404	cg09279736	0.0004927731819105	0.12776222969129	RNF39
chr6	3224597	3224597	cg08936487	0.0004942902374118	0.127877737004544	TUBB2B
chr6	169284319	169284319	cg10213762	0.0004987319592576	0.12837309257776	
chr6	148823252	148823252	cg16640450	0.0005018028097092	0.128496529779253	SASH1
chr6	170411613	170411613	cg10224867	0.0005158149217031	0.130141460103558	
chr6	15524714	15524714	cg20857372	0.0005275365080875	0.131824792972519	DTNBP1
chr6	170529539	170529539	cg05803989	0.0005353629271393	0.132425679631527	
chr6	166354232	166354232	cg18770076	0.0005620708391839	0.135665809076129	LINC00473,PDE10A
chr6	169642014	169642014	cg20568045	0.0005903534939739	0.138648252851132	THBS2
chr6	168390347	168390347	cg22462237	0.0005932851318266	0.138976040735923	
chr6	170500877	170500877	cg22739554	0.0005998519988209	0.139233332498756	
chr6	52900225	52900225	cg13920784	0.0006159036630731	0.141082798997579	ICK
chr6	100054987	100054987	cg02400433	0.0006177447349585	0.141160682226244	PRDM13
chr6	168417634	168417634	cg15371806	0.0006197389709583	0.141297440809317	KIF25
chr6	170481631	170481631	cg01739354	0.0006239755853158	0.141587658221153	
chr6	27342632	27342632	cg12728578	0.0006238952078636	0.141587658221153	ZNF391
chr6	169901484	169901484	cg25823893	0.0006467692472432	0.144309351801969	WDR27
chr6	150570246	150570246	cg11892781	0.0006579192151798	0.145408628540625	PPP1R14C
chr6	151662789	151662789	cg22822893	0.0006656659908519	0.146209429318306	AKAP12
chr6	31598464	31598464	cg05182583	0.0006697435974257	0.146434835318865	PRRC2A
chr6	167587692	167587692	cg15824873	0.0007050332490782	0.149920084234971	TCP10L2
chr6	3457266	3457266	cg04883742	0.0007112892154805	0.150470448351584	
chr6	169567348	169567348	cg10308611	0.0007109534386684	0.150470448351584	
chr6	170482324	170482324	cg21457110	0.000714868188307	0.150624678017846	
chr6	117586538	117586538	cg08983097	0.0007264115145258	0.15197389728333	
chr6	41131864	41131864	cg00718409	0.0007481710716046	0.154175237088736	
chr6	170482254	170482254	cg09906558	0.0007568970807032	0.154897633977317	
chr6	30039175	30039175	cg03343571	0.0007813107362708	0.156895835336915	RNF39
chr6	170467967	170467967	cg19912309	0.0008009379064885	0.158636228414884	
chr6	168720183	168720183	cg02825171	0.000807914784427	0.159214674481241	DACT2
chr6	28554788	28554788	cg01027397	0.0008094188480994	0.159303767471377	SCAND3
chr6	110301180	110301180	cg06746997	0.0008096390277136	0.159303767471377	GPR6
chr6	170539453	170539453	cg09204145	0.0008100831534359	0.159303767471377	
chr6	166076316	166076316	cg26723355	0.0008089642047018	0.159303767471377	PDE10A
chr6	87725675	87725675	cg10644575	0.0008221875412657	0.160679490580829	HTR1E
chr6	27235821	27235821	cg14334441	0.0008266100886742	0.16126309580014	
chr6	170597495	170597495	cg11519760	0.0008457093551608	0.163068277668652	DLL1
chr6	164520846	164520846	cg25862072	0.0008480424129411	0.16342158769741	
chr6	170474577	170474577	cg01863398	0.0008511063519533	0.163716811853866	
chr6	168103759	168103759	cg00982683	0.0008617263675357	0.164766262887123	
chr6	161100123	161100123	cg07260592	0.0008651996028013	0.16505258118077	
chr6	170497869	170497869	cg11647478	0.0008658557703622	0.165057578620618	
chr6	22570548	22570548	cg17749946	0.0008718380424171	0.165579006140333	HDGFL1
chr6	99296069	99296069	cg04537567	0.0008840285302515	0.166518531111157	
chr6	30179882	30179882	cg12600843	0.0008900860060582	0.1670909454438	TRIM26
chr6	170449522	170449522	cg07963316	0.0008975633469227	0.167878737008182	
chr6	169586434	169586434	cg25692002	0.0009144717007636	0.169234798970707	
chr6	170427114	170427114	cg02838148	0.000929604260438	0.170299831021756	
chr6	170426108	170426108	cg25413414	0.0009396466050478	0.171206078760729	
chr6	504056	504056	cg21643841	0.0009444308912135	0.171735527060655	EXOC2
chr6	170482223	170482223	cg24408316	0.0009455085250044	0.171894067152792	
chr6	170444251	170444251	cg13154263	0.0009471539812553	0.171990166603686	
chr6	170390351	170390351	cg17688775	0.0009624841495113	0.173407383122267	
chr6	169648038	169648038	cg07803733	0.0009685536376505	0.173776897288466	THBS2
chr6	169689774	169689774	cg03126567	0.000971250619393	0.173924440498362	
chr6	31275791	31275791	cg12076350	0.0009829582343737	0.175226657428226	XXbac-BPG248L24.10
chr6	1318857	1318857	cg11064678	0.0009844068252688	0.175340696642251	
chr6	100055865	100055865	cg12227907	0.0009876867800973	0.175606253738583	PRDM13
chr6	170338826	170338826	cg02548777	0.0009927912833603	0.176209284086532	
chr6	164061947	164061947	cg11611341	0.000994798508362	0.176340032184741	
chr6	161563629	161563629	cg02054200	0.0010210224928604	0.178662682017352	AGPAT4
chr6	170479382	170479382	cg12971523	0.0010294769982001	0.179281039302299	
chr6	168391564	168391564	cg07762993	0.0010480295248066	0.180477554371428	
chr6	32291368	32291368	cg14536697	0.0010604270115339	0.181527285723999	C6orf10
chr6	168915508	168915508	cg11456412	0.001087249530864	0.183325684086134	SMOC2
chr6	31275267	31275267	cg11794033	0.0010936693105767	0.183975615516253	
chr6	18123232	18123232	cg18232313	0.0011132727044485	0.185536351006828	
chr6	170593970	170593970	cg19189355	0.0011165123832703	0.185908992557726	DLL1
chr6	151125886	151125886	cg21668166	0.0011237867563746	0.186748008319018	PLEKHG1
chr6	31697734	31697734	cg18785822	0.001133635497081	0.187560745057661	DDAH2
chr6	25024205	25024205	cg01688243	0.0011447900016637	0.18847611408157	ASS1P1,FAM65B,RP11-367G6.3
chr6	18123164	18123164	cg18068140	0.0011672985471744	0.190374500425841	
chr6	169629875	169629875	cg16805094	0.0011744219217011	0.191057748475007	THBS2,XXyac-YX65C7_A.2
chr6	170374233	170374233	cg14137649	0.0011783646128715	0.191172190073719	
chr6	28829340	28829340	cg21277452	0.0011783496675858	0.191172190073719	RPL13P,XXbac-BPG308K3.6
chr6	169632724	169632724	cg09091918	0.0011857878016397	0.191461886258492	THBS2,XXyac-YX65C7_A.2
chr6	1364643	1364643	cg11717880	0.0011938469152911	0.192068958649618	
chr6	169781436	169781436	cg23723163	0.0011948928002332	0.192068958649618	RP1-137D17.1
chr6	168352521	168352521	cg22311403	0.0012283716981232	0.194331425804344	MLLT4
chr6	90597394	90597394	cg12024822	0.0012368173465536	0.194819311391114	RP11-63K6.5
chr6	126964500	126964500	cg12736359	0.0012489027793828	0.195696726489056	
chr6	139447670	139447670	cg07285237	0.0012596876851041	0.196508991454987	
chr6	170444282	170444282	cg13200288	0.0012629867143204	0.196767300165738	
chr6	99275335	99275335	cg18018027	0.0012712103323094	0.197519615749367	
chr6	32780861	32780861	cg18073883	0.0012767879639451	0.197906629669172	HLA-DOB
chr6	30228243	30228243	cg10381888	0.001295098127565	0.198929626533203	HCG17,HLA-L
chr6	30039433	30039433	cg13401893	0.0013030666511969	0.199258283118611	RNF39
chr6	162067178	162067178	cg24029715	0.0013196789070833	0.200623375309531	PARK2
chr6	32063595	32063595	cg14196170	0.0013202794518985	0.200641645779572	TNXB
chr6	30292265	30292265	cg01842890	0.0013297476750888	0.201494038514353	HCG17,HCG18
chr6	43276658	43276658	cg13097407	0.0013347433635135	0.201936675515179	ZNF318
chr6	170339369	170339369	cg00183173	0.0013651690931861	0.203881332883532	
chr6	164256019	164256019	cg26541533	0.0013689713262099	0.204178370409094	
chr6	170454150	170454150	cg22201997	0.0013788666745254	0.205141472727519	
chr6	170574834	170574834	cg19958301	0.0013941138466604	0.206088561412167	
chr6	168122607	168122607	cg14368954	0.0014030292440787	0.206691597761944	
chr6	48036618	48036618	cg27250236	0.001420102068597	0.208344985151414	
chr6	127797286	127797286	cg23457166	0.0014308258927225	0.209073771087487	SOGA3
chr6	3299689	3299689	cg11585679	0.0014334473834799	0.209381353826546	PSMG4,SLC22A23
chr6	151547145	151547145	cg05179986	0.0014381359310798	0.209628575342852	RP1-292B18.4
chr6	86169205	86169205	cg23172664	0.0014446734549572	0.210067059817551	NT5E
chr6	168481256	168481256	cg00205058	0.0014601938486346	0.211050624025554	FRMD1
chr6	170425901	170425901	cg25206280	0.0014789366267003	0.21232676514106	
chr6	28922226	28922226	cg05324393	0.0014931858798258	0.21322541216643	
chr6	123317487	123317487	cg10182317	0.0014935267573749	0.213237638252494	CLVS2
chr6	160490925	160490925	cg19414513	0.0015221552492962	0.214719506792576	IGF2R
chr6	168378811	168378811	cg05647906	0.0015236285534649	0.214782261090493	RP3-470B24.5
chr6	22294829	22294829	cg06880923	0.0015269793912036	0.214983564924309	PRL,RP3-404K8.2
chr6	123317570	123317570	cg08194879	0.0015375514682102	0.215906962549118	CLVS2
chr6	42928498	42928498	cg05552183	0.0015505828686009	0.216716850137977	GNMT
chr6	99272988	99272988	cg00604202	0.0015861315994729	0.21863891343344	
chr6	85474094	85474094	cg02106850	0.0016193477479441	0.220355270498634	TBX18
chr6	168428431	168428431	cg13314057	0.0016290043005225	0.220784235115593	KIF25
chr6	26577808	26577808	cg24633756	0.0016308577272849	0.220826105691967	
chr6	161575256	161575256	cg16140321	0.0016459946918872	0.221213516790188	AGPAT4
chr6	170444432	170444432	cg22066065	0.0016475525826959	0.22123815965553	
chr6	170454423	170454423	cg11574248	0.0016549380274199	0.221837644370656	
chr6	170542330	170542330	cg18973743	0.0016580636873149	0.222114062656675	
chr6	1313212	1313212	cg26422161	0.0016639123731656	0.222540687611415	FOXQ1
chr6	169586781	169586781	cg03909987	0.00166936210761	0.222912676036223	
chr6	26020673	26020673	cg09305770	0.0016707406594866	0.223020689052915	
chr6	31129722	31129722	cg16420063	0.0016799279987997	0.223644330210259	TCF19
chr6	169824173	169824173	cg04518066	0.0016819019132328	0.223669034127382	
chr6	168420297	168420297	cg01878651	0.0016835318372102	0.223713260999954	KIF25
chr6	32708544	32708544	cg20399769	0.0016945121579203	0.224441319075717	
chr6	148841114	148841114	cg08133058	0.001697387925486	0.224644128780886	SASH1
chr6	149772347	149772347	cg05200037	0.0017006595042322	0.22493456819008	ZC3H12D
chr6	148633882	148633882	cg15310415	0.001729551569755	0.227047167742042	SASH1
chr6	169978388	169978388	cg13211832	0.001748814312328	0.228400709379548	WDR27
chr6	163742833	163742833	cg19585310	0.0017508542977235	0.228534087204141	
chr6	170578785	170578785	cg19353431	0.0017552530458818	0.228929392341992	RP5-894D12.5
chr6	166075505	166075505	cg10675138	0.0017561541035911	0.228939681356646	PDE10A
chr6	163276038	163276038	cg21763405	0.0017664152976608	0.229275545815431	PACRG
chr6	168122255	168122255	cg04111078	0.0017818204641814	0.230059735462924	
chr6	169981863	169981863	cg11322687	0.0017869018748976	0.230502064058177	WDR27
chr6	169198440	169198440	cg15444183	0.0017883047837284	0.23050506409541	
chr6	28956403	28956403	cg25508679	0.0017951666708081	0.231175514484308	
chr6	168759714	168759714	cg09340713	0.0018123685764818	0.2323217981495	
chr6	170547103	170547103	cg03881738	0.0018151199708436	0.232526304328099	
chr6	169568537	169568537	cg12956380	0.0018331689287472	0.233691692458922	
chr6	170592386	170592386	cg03228386	0.0018381134807368	0.233944930414525	DLL1
chr6	27235822	27235822	cg09513990	0.0018517953901023	0.234740777270308	
chr6	168435915	168435915	cg24246628	0.0018598202931596	0.235222637029217	KIF25
chr6	624307	624307	cg02631921	0.0018766061657021	0.236165712423515	EXOC2
chr6	106546747	106546747	cg24874254	0.0018971237118698	0.23763800025185	PRDM1
chr6	9041309	9041309	cg08165879	0.0019079868961439	0.238248526962539	
chr6	13303065	13303065	cg01702055	0.0019195590663237	0.239121642629155	TBC1D7
chr6	27198337	27198337	cg07877145	0.0019232364602457	0.239436920229702	
chr6	158507753	158507753	cg10977795	0.0019245768238845	0.239532395660868	SYNJ2
chr6	106546744	106546744	cg14359052	0.0019460621092535	0.240765178491519	PRDM1
chr6	47202394	47202394	cg21552001	0.0019460350357448	0.240765178491519	TNFRSF21
chr6	56112416	56112416	cg03064592	0.0019529141757408	0.241055533192466	COL21A1
chr6	166076874	166076874	cg02146929	0.0019948781908671	0.243422344992321	PDE10A
chr6	32330198	32330198	cg02804047	0.0019953767274584	0.243435918002944	C6orf10
chr6	147124986	147124986	cg04325960	0.0019998353454099	0.243813551056119	ADGB
chr6	169852316	169852316	cg07086674	0.0020043259733869	0.244111649758289	
chr6	170374263	170374263	cg10534480	0.0020143853464121	0.245015309314745	
chr6	169091848	169091848	cg22475867	0.0020152090383354	0.245070798593716	
chr6	142410061	142410061	cg26365690	0.0020194235951844	0.245271004129626	RP11-137J7.2
chr6	170479656	170479656	cg18813518	0.0020641598045398	0.2477507805399	
chr6	146125658	146125658	cg01476807	0.0020749105161196	0.248327549784089	FBXO30
chr6	118287311	118287311	cg06173579	0.0020956235158732	0.249263391676971	SLC35F1
chr6	134210946	134210946	cg04467618	0.0021125757672692	0.250134967495462	RP3-323P13.2,TCF21
chr6	30039436	30039436	cg12633154	0.0021274108592255	0.250981102976751	RNF39
chr6	31697989	31697989	cg09684381	0.0021590478658167	0.253289395814067	DDAH2
chr6	168396627	168396627	cg18887969	0.0021697138912194	0.253712566092328	KIF25-AS1
chr6	30709429	30709429	cg23423329	0.0021691560463713	0.253712566092328	FLOT1
chr6	55989734	55989734	cg12393324	0.0021803690079546	0.254235303801948	COL21A1
chr6	118881379	118881379	cg05270007	0.0021866755133444	0.254358550080014	CEP85L,PLN
chr6	170488141	170488141	cg14040634	0.0022014274536718	0.254935561745658	
chr6	106551368	106551368	cg01146808	0.002222625254236	0.256023356799642	PRDM1
chr6	3024023	3024023	cg05728019	0.0022228814960338	0.256023356799642	
chr6	170402161	170402161	cg23793946	0.0022248314941928	0.256148697404629	
chr6	790225	790225	cg17988842	0.0022801369336855	0.259681951034853	
chr6	28872556	28872556	cg01521674	0.002282353323804	0.259792700029902	TRIM27
chr6	129513973	129513973	cg12802286	0.0023002775983813	0.260621366393106	LAMA2
chr6	130686593	130686593	cg13796823	0.0023132875537194	0.261303947884525	
chr6	170473165	170473165	cg10711475	0.002329855610327	0.262163362152656	
chr6	169965256	169965256	cg06203137	0.0023532810602716	0.263415491416773	WDR27
chr6	106634304	106634304	cg14790600	0.0023581615407654	0.263538038656239	ATG5
chr6	121755297	121755297	cg11590170	0.0023699279445118	0.26439318732888	
chr6	144863893	144863893	cg04167205	0.0023764658683198	0.264764002871247	UTRN
chr6	11044877	11044877	cg16867657	0.0023892168516651	0.265485260122019	ELOVL2-AS1
chr6	166077484	166077484	cg01939453	0.002432959002429	0.267766960989267	PDE10A
chr6	169601969	169601969	cg13881452	0.0024380578324892	0.267832628613501	
chr6	167794375	167794375	cg24134481	0.0024354150538637	0.267832628613501	TCP10
chr6	96464135	96464135	cg07002201	0.0024519705333582	0.268666373600948	FUT9
chr6	170545114	170545114	cg17190420	0.0024542952533501	0.268849686658833	
chr6	100054615	100054615	cg01815538	0.0024701782568219	0.269800960458179	PRDM13
chr6	166582207	166582207	cg19675288	0.0024705334572243	0.269800960458179	
chr6	50818268	50818268	cg10679301	0.0024788729140625	0.270196500745318	
chr6	148726219	148726219	cg00523379	0.0025001361111261	0.271216415419512	SASH1
chr6	169573750	169573750	cg24528463	0.0025040253134368	0.271292158133084	
chr6	26021779	26021779	cg18357526	0.0025235867771363	0.27208744782964	
chr6	1578113	1578113	cg00134190	0.0025380228373869	0.272834678903522	
chr6	168387030	168387030	cg01061697	0.0025407168104593	0.273018878932427	
chr6	170592108	170592108	cg19524023	0.0025467964636029	0.273064695231426	DLL1
chr6	166582198	166582198	cg17188046	0.0025593177488791	0.273679916174118	
chr6	32526364	32526364	cg11583907	0.0025608040338156	0.273704067916935	HLA-DRB6
chr6	8099455	8099455	cg15580869	0.0025605174388626	0.273704067916935	EEF1E1,EEF1E1-BLOC1S5
chr6	168122637	168122637	cg21916557	0.0025618371017562	0.273704067916935	
chr6	42928486	42928486	cg02353165	0.0025833082511482	0.274558339312305	
chr6	33161328	33161328	cg08481075	0.0025870749271954	0.274637430903358	
chr6	30228245	30228245	cg26993102	0.002585041974362	0.274637430903358	HCG17,HLA-L
chr6	168841575	168841575	cg20755651	0.0025920439305628	0.274921817617728	
chr6	108950140	108950140	cg26099570	0.0025969983502462	0.275165883857889	FOXO3
chr6	167770240	167770240	cg12245321	0.0026058878489122	0.275533377558447	TTLL2
chr6	48036606	48036606	cg23618440	0.0026071937380741	0.275624128290301	
chr6	169622299	169622299	cg27264172	0.0026076257244939	0.2756349148391	THBS2,XXyac-YX65C7_A.2
chr6	125284241	125284241	cg02312409	0.0026163257190654	0.276135247155854	RNF217
chr6	168533632	168533632	cg17172308	0.0026259045947533	0.276685232905897	
chr6	170449587	170449587	cg04095995	0.0026286660378485	0.27680817631434	
chr6	144612199	144612199	cg17160391	0.0026311254313855	0.276965832926796	UTRN
chr6	117802711	117802711	cg27642470	0.0026538779010007	0.278044893206067	DCBLD1,GOPC
chr6	26020681	26020681	cg13337238	0.0026650442913111	0.278532304492655	
chr6	133562494	133562494	cg14270292	0.0026743669182232	0.279122512486731	EYA4
chr6	30292482	30292482	cg11409139	0.0027101639759334	0.281347150643897	HCG17,HCG18
chr6	29692000	29692000	cg26751972	0.0027112104074079	0.281385334496006	HLA-F
chr6	170424272	170424272	cg06302163	0.0027120849864407	0.281406692766484	
chr6	537521	537521	cg14791529	0.0027478603505651	0.283044524351792	EXOC2
chr6	170819931	170819931	cg20556304	0.0027550039170515	0.283465776844809	
chr6	56111812	56111812	cg07143470	0.0027575997080862	0.283483790364321	COL21A1
chr6	169977395	169977395	cg09894276	0.002765029689105	0.283735104049791	WDR27
chr6	148869896	148869896	cg12355586	0.0027777179201428	0.284273527792453	SASH1
chr6	163730283	163730283	cg10584587	0.0027818258681318	0.284309329148545	PACRG
chr6	32031119	32031119	cg17795265	0.0028160424479978	0.285942463103655	TNXB
chr6	78172338	78172338	cg15368905	0.0028163877405068	0.285942767663847	HTR1B
chr6	32817663	32817663	cg03807983	0.0028189068016963	0.28595524596968	PSMB9,TAP1
chr6	33161333	33161333	cg03949284	0.0028301989114695	0.286578737632725	
chr6	170559870	170559870	cg14534148	0.0028546842603827	0.287452643086689	
chr6	127793894	127793894	cg13276981	0.0028826461483739	0.288716753632576	SOGA3
chr6	170047532	170047532	cg04186415	0.0028952635304421	0.289136625998753	WDR27
chr6	88757372	88757372	cg23656083	0.0028986269804414	0.289368739861292	
chr6	31697652	31697652	cg18353088	0.0029215167626393	0.290508170940729	DDAH2
chr6	150585230	150585230	cg12195620	0.0029284951851786	0.291073144927873	
chr6	170454611	170454611	cg12207953	0.0029778312145035	0.293473010837404	
chr6	164052725	164052725	cg14013161	0.0030176952348489	0.295880767501962	
chr6	170593078	170593078	cg27614489	0.0030148710252589	0.295880767501962	DLL1
chr6	25218681	25218681	cg23666491	0.0030218042697845	0.295945432034218	
chr6	676684	676684	cg05803138	0.0030255284859822	0.296040892676384	EXOC2
chr6	21664778	21664778	cg01798595	0.0030382180766712	0.296721585679356	
chr6	91322314	91322314	cg15053248	0.0030514907030289	0.297379374072805	
chr6	118910203	118910203	cg13152130	0.0030636246830783	0.298005636469711	CEP85L
chr6	168066889	168066889	cg16307778	0.0030970624374067	0.299826797611105	
chr6	22099668	22099668	cg06374811	0.0031001723754929	0.299955467898869	CASC15
chr6	30595372	30595372	cg03591990	0.003109827914861	0.300569814670828	ATAT1
chr6	71376635	71376635	cg01281718	0.003152384052437	0.30237911073838	
chr6	170374384	170374384	cg24218279	0.0031680716804211	0.303118166528473	
chr6	169243076	169243076	cg11064929	0.0031733354729795	0.303413293739825	
chr6	169575618	169575618	cg01043710	0.0031890799682195	0.304150648654213	RP11-417E7.2
chr6	30535884	30535884	cg09664433	0.0032066504547058	0.304649138062929	
chr6	170483067	170483067	cg19848529	0.003258162842306	0.307164487781126	
chr6	54711227	54711227	cg07267782	0.0032896073711307	0.308388785551673	
chr6	169901913	169901913	cg22368624	0.0032923709084863	0.308573876193067	WDR27
chr6	169568564	169568564	cg26074411	0.0033007385798841	0.308808510519891	
chr6	83073820	83073820	cg16640633	0.0033174079796046	0.309709026995336	TPBG
chr6	164009761	164009761	cg03715057	0.0033221129890977	0.309905842116648	
chr6	147124996	147124996	cg00004963	0.0033420870176963	0.310829921610441	ADGB
chr6	110722253	110722253	cg07236939	0.0033520365794416	0.311172966143106	DDO
chr6	33245491	33245491	cg03108070	0.0033648885645373	0.311841626327024	B3GALT4
chr6	42878931	42878931	cg07647651	0.0033661737109511	0.31184666952252	
chr6	126964727	126964727	cg03890730	0.0033715472434765	0.312082406218843	PRELID1P1
chr6	170482915	170482915	cg10173649	0.0033986403447621	0.312821207294451	
chr6	169241215	169241215	cg25270422	0.0033949587423078	0.312821207294451	
chr6	10404968	10404968	cg05758246	0.0034148597987396	0.313688705686422	TFAP2A
chr6	127441704	127441704	cg06437464	0.0034393713037182	0.314522316745739	RSPO3
chr6	170488367	170488367	cg16608596	0.0034439823476383	0.314709195968636	
chr6	169958607	169958607	cg03909478	0.0034453362348737	0.314709902761261	WDR27
chr6	142472456	142472456	cg13289431	0.003446597488779	0.314709902761261	VTA1
chr6	170536125	170536125	cg05006142	0.0034872988926768	0.31651443124414	
chr6	7261610	7261610	cg07357398	0.0034901303628883	0.316726191985051	
chr6	149772707	149772707	cg16235748	0.0034947679995359	0.316922482002245	ZC3H12D
chr6	3721174	3721174	cg02882216	0.0035153803057592	0.317820054928932	
chr6	168628408	168628408	cg05221738	0.0035153173336694	0.317820054928932	
chr6	9402183	9402183	cg15719156	0.0035279014732659	0.318402733576837	
chr6	33245475	33245475	cg03189210	0.0035422856936664	0.318725044983874	B3GALT4
chr6	167314433	167314433	cg10676481	0.0035449609841568	0.318838096164836	RP11-514O12.4,RPS6KA2
chr6	168132833	168132833	cg24687806	0.003556422939005	0.31914741177875	
chr6	119220428	119220428	cg02053092	0.0036111954926879	0.321438998346895	ASF1A,MCM9
chr6	15998909	15998909	cg19917254	0.0036592894533898	0.323003378587955	RP11-401E14.2
chr6	33265322	33265322	cg01471293	0.003660493957609	0.323049891638027	PFDN6,RGL2
chr6	32134919	32134919	cg21120698	0.0036704763214556	0.323350653822407	EGFL8,PPT2-EGFL8
chr6	74104802	74104802	cg16143502	0.0036833998007495	0.323641117285087	DDX43,OOEP
chr6	85473345	85473345	cg06733419	0.0036907420037426	0.323758260068728	TBX18
chr6	31698059	31698059	cg14533957	0.0036965597652509	0.324063961920519	DDAH2
chr6	85484717	85484717	cg18162583	0.0037069741790336	0.324534672797744	
chr6	139363897	139363897	cg04496996	0.0037263249848654	0.324989571100339	ABRACL
chr6	169901472	169901472	cg09328444	0.003727342580344	0.324989571100339	WDR27
chr6	150286508	150286508	cg11660826	0.0037240465036321	0.324989571100339	ULBP1
chr6	30314224	30314224	cg26841990	0.0037290490366674	0.325058661821789	RPP21,TRIM39-RPP21
chr6	13771402	13771402	cg21411084	0.0037503482884795	0.326008683781508	
chr6	169965073	169965073	cg05381475	0.0037866676626564	0.327877238600362	WDR27
chr6	66011289	66011289	cg16618507	0.0038319214852105	0.329681013736307	EYS
chr6	151671523	151671523	cg18873763	0.0038349882563847	0.32989902993401	AKAP12
chr6	93354486	93354486	cg07630035	0.0038375892273646	0.329932572160836	AL359987.1
chr6	170493990	170493990	cg24118850	0.0038400089174039	0.329932572160836	RP11-302L19.3
chr6	169631140	169631140	cg12114933	0.0038505026235937	0.330351313122168	THBS2,XXyac-YX65C7_A.2
chr6	32023252	32023252	cg09102573	0.0038542054078106	0.330497124650418	TNXB
chr6	85474028	85474028	cg04515996	0.0038724196929431	0.330883243225889	TBX18
chr6	35919050	35919050	cg22563907	0.0038717209975973	0.330883243225889	SLC26A8
chr6	31275664	31275664	cg14801238	0.0038810799687092	0.331203728448315	XXbac-BPG248L24.10
chr6	163521371	163521371	cg01918552	0.0038890129684455	0.331508195867571	PACRG
chr6	99297626	99297626	cg25926446	0.0038970353541769	0.331887247625672	
chr6	29693534	29693534	cg13040666	0.0038978967694225	0.331926770220139	HLA-F
chr6	168378674	168378674	cg13436451	0.0039015769129483	0.332037073357509	RP3-470B24.5
chr6	169852497	169852497	cg14533523	0.0039021582433297	0.332052718790195	
chr6	142410100	142410100	cg17256157	0.0039094339685343	0.332309307625455	RP11-137J7.2
chr6	103357976	103357976	cg15448571	0.0039210098858685	0.332755621355738	
chr6	32551750	32551750	cg11404906	0.0039241809854647	0.332774212420222	HLA-DRB1
chr6	100056787	100056787	cg04974062	0.0039419761125984	0.333626795588759	PRDM13
chr6	30039206	30039206	cg06249604	0.0039469062397501	0.333786480373052	RNF39
chr6	55775000	55775000	cg19318364	0.0039513723559077	0.334130350282834	
chr6	74778946	74778946	cg03266952	0.0039526160857918	0.334175170664688	
chr6	32781235	32781235	cg03083146	0.0039985020469593	0.336021492529749	HLA-DOB
chr6	31790106	31790106	cg24234938	0.004012178781437	0.336304451594791	
chr6	132455024	132455024	cg22997362	0.0040701364540625	0.338586553492936	LINC01013
chr6	134210812	134210812	cg04692403	0.0040848800444819	0.338695175270233	RP3-323P13.2,TCF21
chr6	25652408	25652408	cg13834623	0.004093324013831	0.338761289353088	
chr6	169465102	169465102	cg05229450	0.0041012432056464	0.339118427512374	
chr6	168428478	168428478	cg05282968	0.0041480366548159	0.340824429279061	KIF25
chr6	119471046	119471046	cg02918166	0.0041780801062968	0.34186916229552	
chr6	33245468	33245468	cg04263436	0.0041905511634564	0.342163765772776	B3GALT4
chr6	169622506	169622506	cg01279453	0.0042386265283715	0.344202256132245	THBS2,XXyac-YX65C7_A.2
chr6	50791202	50791202	cg27260772	0.0042460547320627	0.344381316340935	TFAP2B
chr6	150525360	150525360	cg22735834	0.0042572199319288	0.344977286197998	PPP1R14C
chr6	29706378	29706378	cg15628633	0.0042630656038558	0.345218972415628	HLA-F-AS1
chr6	170426112	170426112	cg07416885	0.0042802427267088	0.345726653677716	
chr6	168106055	168106055	cg09749225	0.0043368363680219	0.34818648189332	
chr6	167315653	167315653	cg13801510	0.0043486347755269	0.348597680354195	RP11-514O12.4,RPS6KA2
chr6	170592716	170592716	cg15319528	0.0043544131677477	0.348841470574655	DLL1
chr6	118823965	118823965	cg23990641	0.0043596649380671	0.349013604482233	BRD7P3,CEP85L
chr6	170485732	170485732	cg13933122	0.0043659759087037	0.349250479628221	
chr6	25218855	25218855	cg10043155	0.0043875031078285	0.35000806433273	
chr6	168530210	168530210	cg26960221	0.0044412879013725	0.352205851463946	
chr6	170591750	170591750	cg20926049	0.0044620518089343	0.352832452516029	DLL1
chr6	158956116	158956116	cg02116537	0.0044665855648126	0.352920674656181	
chr6	16375082	16375082	cg27395391	0.0045137647580673	0.35420546277685	ATXN1
chr6	168120745	168120745	cg14689595	0.0045206084998835	0.354391779746786	
chr6	142410098	142410098	cg19233753	0.0045249232051572	0.354437662343601	RP11-137J7.2
chr6	170491202	170491202	cg08521178	0.0045428517881731	0.354978972517133	
chr6	29571693	29571693	cg20067272	0.0045837848205848	0.356733245827392	GABBR1
chr6	105388731	105388731	cg17885226	0.0045958969153442	0.357176741069752	
chr6	114663565	114663565	cg02192300	0.0046389579782739	0.358365319298952	HS3ST5,RP3-399L15.3
chr6	169568518	169568518	cg17531889	0.0046399328845971	0.358365319298952	
chr6	127584790	127584790	cg07547746	0.0046603891999562	0.35890546825069	
chr6	30039477	30039477	cg10930308	0.0046574620655699	0.35890546825069	RNF39
chr6	84563387	84563387	cg18206017	0.0046568874430242	0.35890546825069	RIPPLY2
chr6	30038956	30038956	cg24330456	0.0046598353228053	0.35890546825069	RNF39
chr6	44254022	44254022	cg15023038	0.0046679342220446	0.359155449705578	RP11-444E17.6,TCTE1,TMEM151B
chr6	47236430	47236430	cg26731644	0.0046864156190099	0.359732208990647	TNFRSF21
chr6	168376135	168376135	cg16896890	0.0046983550513277	0.360114107041737	
chr6	140323987	140323987	cg08446346	0.004707552364286	0.360260735164553	
chr6	29639794	29639794	cg05913325	0.004729787490937	0.360925747512074	MOG
chr6	169051408	169051408	cg22771904	0.0047299418907039	0.360925747512074	SMOC2
chr6	19837350	19837350	cg17252960	0.0047384845927671	0.36118838165293	RP1-167F1.2
chr6	31466723	31466723	cg04825215	0.0047436780952404	0.361300633217853	MICB
chr6	166422672	166422672	cg03177042	0.0047523793210609	0.361568094940754	
chr6	152126745	152126745	cg24764793	0.0047622427092674	0.361925732267147	ESR1
chr6	26020698	26020698	cg15945016	0.0048071111544856	0.36361623156877	
chr6	170425720	170425720	cg19693115	0.0048283215293358	0.364227403760824	
chr6	31122337	31122337	cg24583287	0.004832368578276	0.364335295009814	CCHCR1
chr6	118822466	118822466	cg07002622	0.0048570035498598	0.365213803605596	CEP85L
chr6	168841559	168841559	cg05897091	0.004877405211114	0.365750399606845	
chr6	28956805	28956805	cg11702085	0.0048815733396511	0.36583290993431	
chr6	26021768	26021768	cg03969906	0.0048885301014499	0.366115206020231	
chr6	32781261	32781261	cg22016094	0.0049124334287998	0.366862074302722	HLA-DOB
chr6	133562333	133562333	cg01328892	0.0049362846294634	0.367745958601903	EYA4
chr6	55989098	55989098	cg22935609	0.0049461969025219	0.368231377884983	COL21A1
chr6	136174534	136174534	cg14623715	0.0049535469635351	0.368483022361193	PDE7B
chr6	30699481	30699481	cg20030817	0.0049708244141389	0.369179159491389	FLOT1
chr6	170786895	170786895	cg10530680	0.005007094907118	0.370257316184724	
chr6	33161290	33161290	cg25459558	0.0050018997014712	0.370257316184724	
chr6	31698038	31698038	cg14074201	0.005014572835618	0.370580658880186	DDAH2
chr6	32552515	32552515	cg14075454	0.0050166329631359	0.370632798479218	HLA-DRB1
chr6	42130937	42130937	cg02050354	0.0050297631271717	0.371013981686354	GUCA1A,RP1-139D8.6
chr6	170595386	170595386	cg06432036	0.0050336175755319	0.371167203508027	DLL1
chr6	168841456	168841456	cg09214254	0.0050391309879214	0.371311547138037	
chr6	30523215	30523215	cg04273431	0.0050466173519072	0.371543649496646	GNL1
chr6	30039026	30039026	cg01286685	0.0050544080064552	0.371814110072612	RNF39
chr6	166075521	166075521	cg24133115	0.0050574953612987	0.371910222706827	PDE10A
chr6	117586918	117586918	cg03160135	0.0050838217646636	0.372775909535923	VGLL2
chr6	313464	313464	cg18120979	0.0050898169710646	0.37281394706579	DUSP22
chr6	169287288	169287288	cg12201544	0.0050951726380365	0.372940922397891	
chr6	32023250	32023250	cg07910408	0.0051207578983718	0.373765662612012	TNXB
chr6	30306285	30306285	cg19869086	0.0051251535089495	0.373890488811912	TRIM39,TRIM39-RPP21
chr6	169952115	169952115	cg14160016	0.0051287889016039	0.374052498409578	WDR27
chr6	31697788	31697788	cg01379480	0.0051358115012742	0.374260826920661	DDAH2
chr6	74079669	74079669	cg01739381	0.0051462368065914	0.37469266102036	OOEP,OOEP-AS1
chr6	39758343	39758343	cg01701302	0.0051480161227146	0.374707573450958	
chr6	133563533	133563533	cg21607030	0.0051573650402486	0.375028609255979	EYA4
chr6	29692825	29692825	cg10601943	0.005196034618418	0.376366272724041	HLA-F
chr6	168628425	168628425	cg15036160	0.0051980389211329	0.376380910609563	
chr6	170066898	170066898	cg01855889	0.0052028088838951	0.376527695580114	WDR27
chr6	31529993	31529993	cg06632549	0.0052031689779786	0.376527695580114	
chr6	168580546	168580546	cg11315021	0.005234098762503	0.377258845524353	
chr6	31602600	31602600	cg07827717	0.0052477385906673	0.377720521923153	PRRC2A
chr6	31698047	31698047	cg00110675	0.0052668978793636	0.378095034729583	DDAH2
chr6	85482571	85482571	cg06793562	0.0052794312674477	0.378299542846207	
chr6	168053444	168053444	cg14342707	0.0053155914601337	0.379725235199058	
chr6	149772716	149772716	cg03678062	0.0053459134326383	0.380689416559855	ZC3H12D
chr6	148792600	148792600	cg21424209	0.0053468613154069	0.380689416559855	SASH1
chr6	168534039	168534039	cg06581201	0.0053820990737405	0.381831476146664	
chr6	170592008	170592008	cg01475503	0.0054048538368257	0.382786458258598	DLL1
chr6	50804148	50804148	cg24641186	0.0054486425891014	0.384235552442008	TFAP2B
chr6	161582330	161582330	cg15642536	0.0054723433647488	0.384834865391338	AGPAT4
chr6	167680447	167680447	cg04673565	0.0054991662596695	0.385520352048102	
chr6	168067665	168067665	cg21007939	0.0055141049885348	0.385951285822833	RP11-351J23.2
chr6	1080886	1080886	cg03887092	0.005553324481906	0.38724870767097	AL033381.1
chr6	161575294	161575294	cg10182151	0.0055585459119784	0.387310428949296	AGPAT4
chr6	169424746	169424746	cg02010686	0.0056092090854375	0.38857180782306	
chr6	32729764	32729764	cg04322111	0.0056365955354111	0.389178060897478	HLA-DQB2
chr6	105388668	105388668	cg23746497	0.0056618879058624	0.390024612645707	
chr6	42928496	42928496	cg24101359	0.0056673877507165	0.390111105377976	GNMT
chr6	42928471	42928471	cg16590910	0.0057063028049498	0.391274480783234	
chr6	13769806	13769806	cg25000576	0.0057110883504333	0.391281449984002	
chr6	133562088	133562088	cg26449787	0.005722011166371	0.391688373461742	EYA4
chr6	170473715	170473715	cg04226823	0.0057416210745674	0.392330003518203	
chr6	169825928	169825928	cg05740465	0.0057542274872902	0.39271158454863	
chr6	32632037	32632037	cg18902440	0.0057623560180148	0.393016040013236	HLA-DQB1
chr6	32781307	32781307	cg11239749	0.0057673836987934	0.393171404439033	HLA-DOB
chr6	169567826	169567826	cg20997355	0.0057861713269173	0.393663055694422	
chr6	164061539	164061539	cg18736105	0.0058100374460815	0.394310682200658	
chr6	43276578	43276578	cg27291698	0.0058291603465809	0.394842683917609	ZNF318
chr6	157892572	157892572	cg15019848	0.0058837788934864	0.396032222171249	ZDHHC14
chr6	38690735	38690735	cg14278073	0.0058878851221908	0.396149013052923	DNAH8
chr6	163994355	163994355	cg21024969	0.0059071676811327	0.396794438078462	QKI
chr6	71469523	71469523	cg13976799	0.005913104255342	0.396982524648569	SMAP1
chr6	162311880	162311880	cg04010446	0.0059291678291612	0.397541375869234	PARK2
chr6	170373755	170373755	cg09507968	0.0059753631449331	0.398996778876697	
chr6	34008430	34008430	cg00143321	0.0059801080238133	0.399139242592287	GRM4
chr6	163745630	163745630	cg24288715	0.0059892509991499	0.399366583984986	
chr6	169560207	169560207	cg21196038	0.0059935452468067	0.399396147215721	RP11-417E7.1
chr6	170468154	170468154	cg01715538	0.0060215242763197	0.400495606752099	
chr6	91657061	91657061	cg15207340	0.0060343977505629	0.400740374741823	
chr6	736839	736839	cg09648313	0.0060469741120943	0.401124776052579	RP11-532F6.4
chr6	43276570	43276570	cg11982736	0.0060588188482063	0.401410082996397	ZNF318
chr6	170484121	170484121	cg17770813	0.0060789992322915	0.402282344314188	
chr6	42894099	42894099	cg08246318	0.0061535344259782	0.404628159953049	
chr6	29624415	29624415	cg05598246	0.0061799175296354	0.4051862231166	
chr6	37616483	37616483	cg14926196	0.0062272100338881	0.406532385369278	MDGA1
chr6	50690648	50690648	cg05139788	0.0062373111392363	0.406900022658294	TFAP2D
chr6	27181670	27181670	cg20866694	0.0062469567477975	0.407126325966187	
chr6	32728951	32728951	cg26228476	0.0062851178576968	0.408085189278383	HLA-DQB2
chr6	169560122	169560122	cg20595784	0.0062911372802347	0.408349068713197	RP11-417E7.1
chr6	167836221	167836221	cg25248155	0.0063057672231347	0.408885662365826	
chr6	126080336	126080336	cg10308749	0.0063365759740286	0.409484862514754	HEY2
chr6	36857605	36857605	cg22011526	0.0063387061071018	0.409527461157937	C6orf89
chr6	2841876	2841876	cg07635623	0.0063449653269179	0.409646731973782	SERPINB1
chr6	167116288	167116288	cg10601548	0.0063702947737479	0.410267413948419	RP3-497J21.1,RPS6KA2
chr6	170492847	170492847	cg06753827	0.0063752309221007	0.410511308291681	
chr6	18123049	18123049	cg00772000	0.0063813252233254	0.410610726035054	
chr6	10882241	10882241	cg14250833	0.0063842848034468	0.410652801330043	RP11-637O19.2,RP11-637O19.3,SYCP2L
chr6	31747238	31747238	cg03073361	0.0063857941062554	0.410652880426214	VARS
chr6	31275768	31275768	cg27258561	0.0064016974543011	0.41110020209289	XXbac-BPG248L24.10
chr6	163742730	163742730	cg04353312	0.0064076649718539	0.411127638762229	
chr6	169653929	169653929	cg26280713	0.0064066048922621	0.411127638762229	THBS2
chr6	164171960	164171960	cg18405330	0.0064124731401876	0.411145393891407	RP1-230L10.1
chr6	32782405	32782405	cg21454965	0.0064334655893569	0.411764471593888	HLA-DOB,TAP2
chr6	169981953	169981953	cg23674943	0.0064632078026109	0.412743634353979	WDR27
chr6	170392158	170392158	cg18432806	0.0064681921785842	0.412816836503373	
chr6	30039524	30039524	cg02188185	0.0065097882160895	0.413891744316539	RNF39
chr6	170482789	170482789	cg00289362	0.0065196498151979	0.414170794275375	
chr6	170340418	170340418	cg04398893	0.0065451041612284	0.414872891993479	
chr6	32552453	32552453	cg10632894	0.0065497784807752	0.415016462990844	HLA-DRB1
chr6	85474424	85474424	cg09259037	0.0065638768967546	0.415471542000262	
chr6	32809404	32809404	cg22510079	0.0065621265948134	0.415471542000262	PSMB8
chr6	128901563	128901563	cg05756301	0.0066357042976844	0.418014843674976	EEF1DP5
chr6	87646741	87646741	cg20991421	0.006644392857227	0.418218919527772	
chr6	129478865	129478865	cg09241097	0.0066573739119398	0.418342384359792	BMPR1APS1,LAMA2
chr6	27730564	27730564	cg26587870	0.0066835202819915	0.419162092496126	
chr6	66708571	66708571	cg07258847	0.0066855803972126	0.419228347000535	
chr6	161100376	161100376	cg00991875	0.0067172111167219	0.420014026308983	
chr6	128901776	128901776	cg01447495	0.0067141958074513	0.420014026308983	EEF1DP5
chr6	33265314	33265314	cg26819753	0.0067227784297693	0.420014026308983	PFDN6,RGL2
chr6	170560006	170560006	cg23205936	0.0067547757421294	0.420756396301962	
chr6	18387465	18387465	cg02887507	0.006757965878807	0.420860965263347	RNF144B
chr6	46098123	46098123	cg03113285	0.0067760937719993	0.421312378219586	ENPP4
chr6	36641555	36641555	cg02730678	0.0067932773829362	0.421708203945378	
chr6	3850733	3850733	cg08550317	0.0068029407876713	0.421869189930973	FAM50B,RP11-420L9.4
chr6	33996014	33996014	cg05745748	0.0068104781142372	0.422059888393568	GRM4
chr6	42883505	42883505	cg11898695	0.0068143503546025	0.422138013579961	
chr6	170579475	170579475	cg13618880	0.0068177513668029	0.422226986646094	RP5-894D12.5
chr6	56112217	56112217	cg19246007	0.0068237309242987	0.422468494564229	COL21A1
chr6	29723408	29723408	cg08926713	0.0068372641989447	0.422711126622948	
chr6	167093129	167093129	cg17108095	0.0068394208303474	0.42278188077036	RPS6KA2
chr6	485972	485972	cg12117227	0.0068406071037743	0.422792639738711	EXOC2
chr6	170571810	170571810	cg22734014	0.0068537707124043	0.422980337995279	
chr6	114181686	114181686	cg10474881	0.0068615211228406	0.423111196287956	MARCKS
chr6	170361827	170361827	cg03008093	0.0068719310165653	0.42322563410736	
chr6	40567553	40567553	cg16615154	0.0069236327471587	0.424750149263787	
chr6	41132056	41132056	cg02539671	0.006930966074434	0.424951714764699	
chr6	33245517	33245517	cg19241689	0.0069448004935286	0.425385717919235	B3GALT4
chr6	167550146	167550146	cg19668990	0.0069931619229785	0.426766648452434	CCR6,RP11-517H2.6
chr6	170402031	170402031	cg07232577	0.0070192096694998	0.427380849741163	
chr6	131705124	131705124	cg13198793	0.0070269179908922	0.427643666061381	
chr6	29633970	29633970	cg03147503	0.0070913848629177	0.4297706426636	MOG
chr6	25153567	25153567	cg02812408	0.0071118604909316	0.430355910594096	CMAHP
chr6	29692400	29692400	cg05358170	0.0071210464939954	0.430549378859182	HLA-F
chr6	33275822	33275822	cg20433392	0.00712309029073	0.430549378859182	TAPBP
chr6	169631196	169631196	cg06289444	0.0071367870851638	0.431011200426019	THBS2,XXyac-YX65C7_A.2
chr6	31692795	31692795	cg18814228	0.0072233528848819	0.433891108780464	C6orf25
chr6	26021844	26021844	cg02841227	0.0072295581985564	0.433989347724545	
chr6	33245585	33245585	cg04262471	0.0072293703908625	0.433989347724545	B3GALT4
chr6	170528298	170528298	cg03231189	0.007233713050363	0.433995783814018	
chr6	169425520	169425520	cg11588831	0.0072553576724232	0.434600398698041	
chr6	3350902	3350902	cg07081061	0.0072820193773965	0.435194795185724	SLC22A23
chr6	132891506	132891506	cg12813797	0.007303485155909	0.435826959685149	TAAR6
chr6	42410891	42410891	cg02711899	0.0073417670439322	0.436823484480518	TRERF1
chr6	170596856	170596856	cg13494348	0.007344264458573	0.436918357628256	DLL1
chr6	29697949	29697949	cg12550837	0.0074178554028918	0.438423909674217	HLA-F,HLA-F-AS1
chr6	170353178	170353178	cg21960303	0.0074223685403627	0.438535518568285	
chr6	168378629	168378629	cg08072171	0.0074461128554016	0.438942712892892	RP3-470B24.5
chr6	168377745	168377745	cg20807417	0.0074621467350124	0.439325396224075	RP3-470B24.5
chr6	28664155	28664155	cg22452837	0.0074932864644028	0.440031719230887	
chr6	169655498	169655498	cg05969567	0.0074964740653506	0.440147877691955	
chr6	30568683	30568683	cg08057698	0.0075404690886228	0.441441075372269	PPP1R10
chr6	170595920	170595920	cg00084338	0.0075545437643273	0.441875748675338	DLL1
chr6	164506198	164506198	cg16163174	0.0075614911060885	0.442107940358387	RP1-155D22.2
chr6	31735436	31735436	cg25120992	0.0076031578671654	0.443029644177529	VWA7
chr6	93433536	93433536	cg18326274	0.0076204824709079	0.443459915186756	RP11-127B16.1
chr6	42928407	42928407	cg19051105	0.0076217262735369	0.443459915186756	
chr6	10529973	10529973	cg09195098	0.0076396600866546	0.443682624989843	GCNT2
chr6	163199983	163199983	cg15797175	0.0076496657066186	0.443941199714273	PACRG
chr6	27534347	27534347	cg21566689	0.0076633677879684	0.444074514602271	
chr6	168417097	168417097	cg10365469	0.0076935327431226	0.444591690404246	KIF25
chr6	150174215	150174215	cg24112628	0.0076975869398434	0.444636644181126	LRP11,RP11-350J20.12
chr6	170337898	170337898	cg17317007	0.0077274747346036	0.445233551884372	
chr6	170479841	170479841	cg18363911	0.0077355831468248	0.445416669127078	
chr6	3800708	3800708	cg08433051	0.007766221522305	0.446196666985834	
chr6	152464871	152464871	cg20884110	0.0077935608954299	0.446876116374419	SYNE1
chr6	32785740	32785740	cg19811863	0.0078638562364634	0.448492928384129	TAP2
chr6	170590694	170590694	cg07920838	0.0078757691028219	0.448547238852753	
chr6	88986729	88986729	cg25689459	0.0078748122167663	0.448547238852753	
chr6	72806829	72806829	cg03036057	0.0078795013424562	0.448657507126937	RIMS1
chr6	168139245	168139245	cg11789712	0.0078915812916009	0.448923339687406	
chr6	169671468	169671468	cg16277843	0.0079038042699049	0.449342084399588	
chr6	151346359	151346359	cg04718883	0.0079205358313295	0.449912943950484	MTHFD1L
chr6	88050339	88050339	cg24132989	0.0079283539415045	0.450123348890734	RP1-102H19.8,SMIM8
chr6	170451590	170451590	cg01957150	0.0079578965393263	0.450852483122634	
chr6	168394192	168394192	cg19527959	0.0079649728358619	0.451035096297339	KIF25-AS1
chr6	160221184	160221184	cg15758783	0.0079990523543568	0.451782187449769	
chr6	86352637	86352637	cg16590151	0.0080021318950559	0.451795953615872	SYNCRIP
chr6	2892152	2892152	cg01345354	0.0080484387916966	0.452743413585223	SERPINB9
chr6	658302	658302	cg02375313	0.0080609434971585	0.452915379173592	EXOC2
chr6	31829177	31829177	cg26708476	0.0080599805163558	0.452915379173592	NEU1
chr6	2110875	2110875	cg18551822	0.0080794882450316	0.453388940809264	GMDS
chr6	26018185	26018185	cg14652095	0.0081762949293739	0.455764031863944	
chr6	36632462	36632462	cg20731623	0.0081849600626078	0.455803134947069	
chr6	50817375	50817375	cg17781313	0.00823049624408	0.45687703963068	
chr6	88757369	88757369	cg17464591	0.0082523361890647	0.457481391705077	
chr6	169964979	169964979	cg09817150	0.0083059070060608	0.458589100263289	WDR27
chr6	169244394	169244394	cg26489945	0.0083213171852801	0.458744198738877	
chr6	31130262	31130262	cg06652085	0.0083398711053217	0.45919532591201	TCF19
chr6	163731242	163731242	cg25462229	0.0083910906561661	0.46060130232296	PACRG
chr6	22630597	22630597	cg14719052	0.008393147604276	0.460641041112574	
chr6	168079212	168079212	cg09086442	0.0083951761792703	0.460661110681986	RP11-351J23.2
chr6	166260013	166260013	cg20418529	0.0083977424917309	0.460661110681986	PDE10A
chr6	170525019	170525019	cg06531476	0.0084563737656085	0.462142866713451	
chr6	170337748	170337748	cg17946038	0.008480528785517	0.462779739122204	
chr6	169625370	169625370	cg10784542	0.0084858208488614	0.46281950468617	THBS2,XXyac-YX65C7_A.2
chr6	87647527	87647527	cg10135483	0.0085117351302067	0.463042603715895	HTR1E
chr6	170591236	170591236	cg06588804	0.0085162959156581	0.463170064078582	
chr6	127795208	127795208	cg00119670	0.0085393671084786	0.46353867419693	SOGA3
chr6	49405491	49405491	cg00016718	0.0085542905314788	0.463856433463184	MUT
chr6	131380543	131380543	cg17329834	0.0085838612068883	0.464790990197717	EPB41L2
chr6	164531577	164531577	cg05477517	0.0086433963996614	0.466531859073056	
chr6	164061673	164061673	cg20977198	0.0086491498175356	0.466617845656699	
chr6	170488073	170488073	cg23052758	0.0086500704568727	0.466617845656699	
chr6	19854977	19854977	cg25105824	0.0086634508211744	0.466917649746455	
chr6	169637428	169637428	cg10544152	0.0086719051743125	0.467167601832435	THBS2,XXyac-YX65C7_A.2
chr6	169901082	169901082	cg12799596	0.0087023421341942	0.467763487743267	WDR27
chr6	32042519	32042519	cg03169843	0.0087155091566246	0.468042318124639	TNXB
chr6	170485892	170485892	cg26946803	0.0087142167713064	0.468042318124639	
chr6	52268952	52268952	cg05514136	0.0087244827427748	0.46817224525028	PAQR8
chr6	170071774	170071774	cg10545691	0.0088520991778761	0.470887257935503	WDR27
chr6	168417126	168417126	cg19252565	0.0088842508090089	0.471762827596745	KIF25
chr6	169013427	169013427	cg20547429	0.0089159561441792	0.472598854567739	SMOC2
chr6	79577801	79577801	cg19366835	0.0089311317176867	0.472893149998788	IRAK1BP1
chr6	42928338	42928338	cg11409096	0.0089332182293078	0.472973126193372	
chr6	148829044	148829044	cg27113015	0.0089508906751785	0.473279406727425	SASH1
chr6	170606462	170606462	cg27328245	0.0089669656912141	0.473529932191185	FAM120B
chr6	30291452	30291452	cg01025894	0.0090034814970461	0.474418625634826	HCG17,HCG18
chr6	170062624	170062624	cg13677735	0.0090065108369936	0.474418625634826	WDR27
chr6	39098872	39098872	cg08089693	0.0090413990873941	0.475416990069414	
chr6	41127848	41127848	cg04456284	0.0090454876164527	0.47544588717231	TREM2
chr6	56112696	56112696	cg12569497	0.0090997825054264	0.476160436108881	COL21A1
chr6	2906898	2906898	cg24152417	0.0090979403844207	0.476160436108881	
chr6	170060564	170060564	cg24390732	0.0091052088374391	0.476224313008196	WDR27
chr6	30078080	30078080	cg15601071	0.0091115660438259	0.476377855319505	TRIM31,TRIM31-AS1
chr6	109288593	109288593	cg04642300	0.0091168678003499	0.476446313534537	ARMC2
chr6	165747969	165747969	cg22623236	0.0091301477154096	0.476869126984685	PDE10A
chr6	164172504	164172504	cg27041619	0.0091594137347372	0.477504748454967	RP1-230L10.1
chr6	158515069	158515069	cg16479050	0.0092004824301161	0.478758543844125	SYNJ2
chr6	170041015	170041015	cg16639145	0.0092171262236053	0.479035914798472	WDR27
chr6	30153335	30153335	cg02800817	0.0092388725477	0.479641657800158	TRIM26
chr6	47202254	47202254	cg18015809	0.0092536062520634	0.480013664101984	TNFRSF21
chr6	110966950	110966950	cg20679517	0.009271113049669	0.480305193294351	CDK19,RP11-346C16.2
chr6	151185667	151185667	cg02083322	0.0092917795772251	0.480682307204945	
chr6	27064769	27064769	cg11183365	0.0093187458484261	0.481128635954254	
chr6	146349313	146349313	cg23696752	0.0093347832153067	0.481508810972747	GRM1
chr6	161560695	161560695	cg14342817	0.0093443844075269	0.48180147845266	AGPAT4
chr6	169825346	169825346	cg11181693	0.0094285023780214	0.48371465611603	
chr6	168225395	168225395	cg00035268	0.0094370725823762	0.483946290449968	MLLT4-AS1
chr6	169571298	169571298	cg04164351	0.0094429272380294	0.484101509728296	
chr6	2001135	2001135	cg02926797	0.0094904575259054	0.484957270935022	GMDS
chr6	164520746	164520746	cg09883659	0.0095097247076234	0.485466681001361	
chr6	154558509	154558509	cg07356123	0.0095136007643738	0.485545865404328	IPCEF1,OPRM1
chr6	163730159	163730159	cg00797500	0.0095756610655773	0.48701724730567	PACRG
chr6	85482613	85482613	cg08445802	0.0095968817982475	0.487510035316212	
chr6	148634859	148634859	cg07189366	0.0095998299693342	0.487536034984372	SASH1
chr6	170374556	170374556	cg26389255	0.0096249080171385	0.488174459953267	
chr6	116424276	116424276	cg16074643	0.009631961253895	0.48825727683346	NT5DC1
chr6	169226167	169226167	cg16607181	0.0096462569670296	0.488662353145141	
chr6	170753314	170753314	cg01291375	0.0096515461922773	0.488763988168496	
chr6	31747233	31747233	cg06312651	0.0097128022590124	0.490557586113677	VARS
chr6	160555086	160555086	cg02425518	0.0097624014689011	0.491454238609711	SLC22A1
chr6	40101886	40101886	cg16345906	0.0097599815989716	0.491454238609711	
chr6	32784327	32784327	cg01530082	0.0097848137742428	0.491784759063743	HLA-DOB,TAP2
chr6	32134854	32134854	cg12619728	0.0098266370198506	0.492770176662114	EGFL8,PPT2-EGFL8
chr6	43612628	43612628	cg08683249	0.0098534107676138	0.492937197670595	
chr6	33679896	33679896	cg11545871	0.0098462496970699	0.492937197670595	
chr6	107438103	107438103	cg12788464	0.0098567979618902	0.492937197670595	
chr6	133562776	133562776	cg24176563	0.0098572724923378	0.492937197670595	EYA4
chr6	28280977	28280977	cg02407762	0.0098914993336966	0.49379116555441	
chr6	87647154	87647154	cg02928916	0.0098980989495358	0.493885353240767	HTR1E
chr6	106582638	106582638	cg17356964	0.0099005506980616	0.493905647849117	
chr6	152201605	152201605	cg21265702	0.0099259050566172	0.49428251470744	ESR1
chr6	572782	572782	cg22538483	0.0099330137076026	0.494445321950595	EXOC2
chr6	3849818	3849818	cg13101072	0.0099560862029073	0.494861096044139	FAM50B,RP11-420L9.4
chr6	33716103	33716103	cg23573510	0.0099610742310012	0.494892098366139	
chr6	25652406	25652406	cg10721149	0.0100111063620963	0.495968329150152	
chr6	99295471	99295471	cg12287785	0.0100441464536274	0.496697053387257	
chr6	116550595	116550595	cg22658451	0.0100439459362927	0.496697053387257	NT5DC1
chr6	127785333	127785333	cg21679468	0.0100474302951318	0.496707618920321	SOGA3
chr6	137814972	137814972	cg17295225	0.0100769272422814	0.497348551417151	OLIG3
chr6	100066699	100066699	cg00792513	0.0101475413425716	0.498529299077239	
chr6	29692583	29692583	cg14140375	0.0101511180713544	0.498607650805521	HLA-F
chr6	168405834	168405834	cg06580943	0.0101873339040032	0.499133951479343	KIF25
chr6	33995992	33995992	cg20151098	0.0101910327565044	0.499198064848842	GRM4
chr6	30647149	30647149	cg13054640	0.0101977071003896	0.499293248789803	PPP1R18
chr6	85484288	85484288	cg07995179	0.010214853717926	0.499493055319735	
chr6	72004312	72004312	cg10167233	0.0102209126034157	0.499493055319735	OGFRL1,RP11-154D6.1
chr6	29712462	29712462	cg14298020	0.0102188201357799	0.499493055319735	HLA-F-AS1,MICE
chr6	5996563	5996563	cg25397973	0.0102234144430291	0.499524748021932	
chr6	164057029	164057029	cg16736517	0.0102442899408746	0.499813892364689	
chr7	101944276	101944276	cg01723606	1.59639209523274e-05	0.054171566000017	SH2B2
chr7	150644715	150644715	cg04839131	1.75189129247569e-05	0.054171566000017	KCNH2
chr7	47576144	47576144	cg04879211	1.8173158813587e-05	0.054171566000017	TNS3
chr7	157259344	157259344	cg05283521	2.00070334747049e-05	0.054171566000017	AC006372.4
chr7	47384322	47384322	cg07012231	2.927965897237e-06	0.054171566000017	TNS3
chr7	47344609	47344609	cg08398005	6.52687451770243e-06	0.054171566000017	TNS3
chr7	151482735	151482735	cg08494793	1.10377310565652e-05	0.054171566000017	PRKAG2
chr7	151483459	151483459	cg08755156	1.36462576203527e-05	0.054171566000017	PRKAG2
chr7	981685	981685	cg09544630	1.3833577295383e-05	0.054171566000017	ADAP1,COX19
chr7	42018795	42018795	cg10120778	1.16596627696453e-05	0.054171566000017	GLI3
chr7	47576580	47576580	cg11203616	1.03550466710396e-05	0.054171566000017	TNS3
chr7	47317262	47317262	cg12975709	3.06365989247562e-06	0.054171566000017	TNS3
chr7	47481224	47481224	cg13245817	2.06580867787104e-05	0.054171566000017	TNS3
chr7	47539537	47539537	cg14998086	4.36243994016958e-06	0.054171566000017	TNS3
chr7	47576957	47576957	cg15105359	3.65637705066833e-06	0.054171566000017	TNS3
chr7	47315064	47315064	cg17882580	7.3722760422529e-06	0.054171566000017	TNS3
chr7	47396177	47396177	cg18072384	1.47675238624465e-05	0.054171566000017	TNS3
chr7	47219769	47219769	cg18238763	2.23657674801378e-05	0.054171566000017	
chr7	121946019	121946019	cg20222926	1.80908851249807e-05	0.054171566000017	FEZF1,FEZF1-AS1
chr7	54609968	54609968	cg22131234	5.07215901727677e-06	0.054171566000017	
chr7	157572599	157572599	cg24197303	1.24359007404913e-05	0.054171566000017	PTPRN2
chr7	154667716	154667716	cg25191611	1.56057083396932e-05	0.054171566000017	DPP6
chr7	151300181	151300181	cg25244420	2.18688436089594e-05	0.054171566000017	PRKAG2
chr7	47408853	47408853	cg27519534	9.38184320307113e-06	0.054171566000017	TNS3
chr7	955497	955497	cg01017397	2.72732913566076e-05	0.0543206248802127	ADAP1,COX19
chr7	150323067	150323067	cg01220560	2.7069732683309e-05	0.0543206248802127	GIMAP6
chr7	70597921	70597921	cg07143083	2.70461874132236e-05	0.0543206248802127	WBSCR17
chr7	47344751	47344751	cg12476754	2.7760697905419e-05	0.0543206248802127	TNS3
chr7	974745	974745	cg15549450	2.30428040433579e-05	0.0543206248802127	ADAP1,COX19
chr7	5647183	5647183	cg22112000	2.57302733467435e-05	0.0543206248802127	
chr7	955551	955551	cg24586376	2.58955658442517e-05	0.0543206248802127	ADAP1,COX19
chr7	47343077	47343077	cg14410503	3.24290124595497e-05	0.0543707177967035	TNS3
chr7	116554	116554	cg14692457	3.3920857448321e-05	0.0543707177967035	
chr7	114300	114300	cg16694365	3.00084901245782e-05	0.0543707177967035	
chr7	151361260	151361260	cg17254176	3.46957781527184e-05	0.0543707177967035	PRKAG2
chr7	960115	960115	cg18092351	3.20189912712574e-05	0.0543707177967035	ADAP1,COX19
chr7	151546374	151546374	cg23785771	2.92122976249894e-05	0.0543707177967035	PRKAG2
chr7	150648283	150648283	cg24576940	3.09633901126735e-05	0.0543707177967035	KCNH2
chr7	54609953	54609953	cg03817667	3.60203664128191e-05	0.0550731515654561	
chr7	1484026	1484026	cg09914182	3.64376516957888e-05	0.0550731515654561	MICALL2
chr7	101961796	101961796	cg24707573	3.73487437138587e-05	0.0550731515654561	SH2B2
chr7	101936431	101936431	cg10259889	4.30785668913364e-05	0.0556883318141202	MIR4285,SH2B2
chr7	47479253	47479253	cg21384854	4.25431248164856e-05	0.0556883318141202	TNS3
chr7	151300485	151300485	cg27382860	4.18226331080185e-05	0.0556883318141202	PRKAG2
chr7	32111063	32111063	cg00546491	4.51936645028877e-05	0.0561809706702907	PDE1C
chr7	101943991	101943991	cg15355015	4.81786066369385e-05	0.0570949707730289	SH2B2
chr7	140135365	140135365	cg26684363	5.05922475275134e-05	0.0574970328465066	RP11-723C11.2
chr7	92238207	92238207	cg06688763	5.14182294376506e-05	0.0575318458703748	CDK6
chr7	1485096	1485096	cg12997867	5.14023754568956e-05	0.0575318458703748	MICALL2
chr7	1029595	1029595	cg22505411	5.41002752649129e-05	0.0578403073828547	
chr7	47597439	47597439	cg25128781	5.47377544349694e-05	0.0578403073828547	TNS3
chr7	973191	973191	cg12726277	5.50683112640987e-05	0.0579730003078526	ADAP1,COX19
chr7	150643916	150643916	cg06251500	5.69364929805475e-05	0.0587760097220899	KCNH2
chr7	121946037	121946037	cg10485664	6.05134816129939e-05	0.0594180508837887	FEZF1,FEZF1-AS1
chr7	126446875	126446875	cg20429954	6.4084009402463e-05	0.0596618614493153	GRM8
chr7	101940486	101940486	cg27482432	6.53135802360038e-05	0.059695040236402	SH2B2
chr7	144352927	144352927	cg06018711	6.79051980720575e-05	0.0604479451349575	TPK1
chr7	149463220	149463220	cg05343480	6.99227378122672e-05	0.061595643367398	ZNF467
chr7	987309	987309	cg00523532	7.19733862944395e-05	0.0615974473485097	ADAP1,COX19
chr7	47432311	47432311	cg00830492	7.06836365568162e-05	0.0615974473485097	TNS3
chr7	70597059	70597059	cg02300154	7.21329318538922e-05	0.0615974473485097	
chr7	151483421	151483421	cg12242062	7.23616764674197e-05	0.0615974473485097	PRKAG2
chr7	2770905	2770905	cg13985767	7.08006412211325e-05	0.0615974473485097	AMZ1,GNA12
chr7	1068230	1068230	cg14085527	7.06210407347208e-05	0.0615974473485097	C7orf50
chr7	56855495	56855495	cg24726370	7.29421251723955e-05	0.0617657911216746	
chr7	47344580	47344580	cg10158598	7.49415134774853e-05	0.0621912105819887	TNS3
chr7	47291414	47291414	cg23295491	7.57839936999042e-05	0.0622354563449658	
chr7	157359579	157359579	cg00423811	7.80328938448701e-05	0.0625216096139766	PTPRN2
chr7	2801959	2801959	cg04849508	7.81025853007853e-05	0.0625216096139766	AMZ1,GNA12
chr7	47623470	47623470	cg23349326	7.83907981220047e-05	0.0625801194297698	
chr7	47343104	47343104	cg13800949	7.99140051482146e-05	0.0629245912912735	TNS3
chr7	94286131	94286131	cg22331138	8.09529912190907e-05	0.0632018916697726	PEG10
chr7	100171933	100171933	cg09201783	8.15465605089888e-05	0.0633987329348407	LRCH4
chr7	5647146	5647146	cg26319015	8.33225746727535e-05	0.0636548161113578	
chr7	1024143	1024143	cg27053785	8.31061642524942e-05	0.0636548161113578	CYP2W1
chr7	564257	564257	cg22735889	8.85931040930091e-05	0.0645455206587346	AC147651.3
chr7	2802374	2802374	cg21143896	9.24776287080235e-05	0.0656793517130737	AMZ1,GNA12
chr7	24323560	24323560	cg05158615	9.36214409315691e-05	0.0659990865795516	
chr7	2802554	2802554	cg12444411	0.000100492636943	0.0679820637186055	AMZ1,GNA12
chr7	2801732	2801732	cg01172766	0.000101949423332	0.0683514426698112	AMZ1,GNA12
chr7	47660962	47660962	cg14159576	0.0001030084940209	0.0685116382836126	
chr7	48074772	48074772	cg20674327	0.0001060406272778	0.0692733812010263	
chr7	150648841	150648841	cg24836822	0.0001077925513144	0.0692733812010263	KCNH2
chr7	991408	991408	cg26411436	0.0001094204662832	0.0696123059308314	ADAP1,COX19
chr7	53182844	53182844	cg08323135	0.0001210158487032	0.0720326998113761	
chr7	959759	959759	cg12381074	0.0001205378763858	0.0720326998113761	ADAP1,COX19
chr7	32111067	32111067	cg16903225	0.0001213582136594	0.0720536576954734	PDE1C
chr7	121946608	121946608	cg02644510	0.0001300249694422	0.0737904068090122	FEZF1,FEZF1-AS1
chr7	47443041	47443041	cg03958512	0.0001311938183414	0.0740597064969472	TNS3
chr7	942840	942840	cg21496780	0.0001314899886554	0.0741182980992091	ADAP1,COX19
chr7	2761641	2761641	cg01398299	0.0001325658689926	0.0741600011648336	AMZ1
chr7	47479511	47479511	cg09696706	0.0001336788422742	0.0741600011648336	TNS3
chr7	151483395	151483395	cg06105987	0.0001371190044363	0.0752209188173618	PRKAG2
chr7	53155108	53155108	cg13558090	0.0001382054617576	0.0753119696088281	
chr7	2771156	2771156	cg07834314	0.0001409695530536	0.07578182128122	AMZ1,GNA12
chr7	2859672	2859672	cg03084158	0.0001426160727957	0.0759487815647982	GNA12
chr7	97586715	97586715	cg21953861	0.0001430297958579	0.0759487815647982	
chr7	150104706	150104706	cg05856556	0.000143759938665	0.0759603510451277	ZNF775
chr7	144380035	144380035	cg26602666	0.0001447203837858	0.0762748554477788	TPK1
chr7	151478250	151478250	cg05060807	0.0001486048355774	0.0768751019801336	PRKAG2
chr7	101962123	101962123	cg08952306	0.0001555780591922	0.0779241199760572	SH2B2
chr7	47577090	47577090	cg06588645	0.0001596098072276	0.0787386042563311	TNS3
chr7	2842746	2842746	cg16765393	0.000160542596895	0.0789102614848638	GNA12
chr7	31376093	31376093	cg26623444	0.0001616561359494	0.079106423455981	
chr7	2765085	2765085	cg04832534	0.0001695165414175	0.0808274607706092	AMZ1
chr7	1001912	1001912	cg25740208	0.0001704280067452	0.0809949523449239	COX19
chr7	2855625	2855625	cg05308829	0.0001755179096284	0.0822731366349932	GNA12
chr7	5647333	5647333	cg22321267	0.0001760535942591	0.082281768058722	
chr7	47343427	47343427	cg16466303	0.0001771753926533	0.0825015141930855	TNS3
chr7	57484272	57484272	cg07788167	0.0001832013742431	0.0833977507394625	RP11-114G11.2
chr7	133811838	133811838	cg17676607	0.0001853278328465	0.0837306939082595	
chr7	2847575	2847575	cg18446336	0.000191684275548	0.0851292185017078	GNA12
chr7	47579244	47579244	cg25835019	0.0001949948295893	0.0857900114555964	TNS3
chr7	5458720	5458720	cg02192117	0.0001954254652585	0.0858776184191796	TNRC18
chr7	150130552	150130552	cg00066351	0.0002013808632208	0.0869337437080137	
chr7	153583319	153583319	cg00017489	0.0002020731517518	0.0871035382206071	
chr7	157933681	157933681	cg26472973	0.0002032512867137	0.0873179211136738	PTPRN2
chr7	151477668	151477668	cg18649198	0.0002039645588081	0.0875124239084708	PRKAG2
chr7	47580148	47580148	cg05425699	0.0002061987930317	0.0878416252069563	TNS3
chr7	987242	987242	cg11569869	0.0002070112549213	0.0879707105118513	ADAP1,COX19
chr7	151393469	151393469	cg23151649	0.0002134795608803	0.0892012271851563	PRKAG2
chr7	61820842	61820842	cg12647837	0.0002184220749916	0.0900612647947006	
chr7	2874595	2874595	cg08377331	0.000223651812348	0.0912270063908588	GNA12
chr7	47531341	47531341	cg05708396	0.0002249459462842	0.0913973049590972	TNS3
chr7	101944556	101944556	cg00023808	0.0002276294464583	0.0916854972061999	SH2B2
chr7	155592645	155592645	cg06890890	0.0002300997478733	0.0919057406268587	
chr7	947428	947428	cg14141741	0.0002305238057528	0.0919205697885285	ADAP1,COX19
chr7	116139374	116139374	cg19453818	0.000233770908471	0.092684451301905	AC002066.1,CAV2
chr7	62574904	62574904	cg04625871	0.0002458070449907	0.0946707304758461	RP11-196D18.4
chr7	102566724	102566724	cg24224501	0.0002570428389256	0.096549867142403	FBXL13,LRRC17
chr7	154002065	154002065	cg10552126	0.0002573914046665	0.0966373425986176	DPP6
chr7	47556928	47556928	cg03155112	0.000260900064418	0.0972987189344634	TNS3
chr7	2764600	2764600	cg03366574	0.0002607805157492	0.0972987189344634	AMZ1
chr7	100171159	100171159	cg14538751	0.0002642577621977	0.0978086237652556	LRCH4,SAP25
chr7	47333086	47333086	cg22455271	0.0002731201037519	0.0994150037262162	TNS3
chr7	29229718	29229718	cg16402875	0.0002745492491173	0.0995163977714728	CHN2,CPVL
chr7	942748	942748	cg16527469	0.0002754532337212	0.0996677297102878	ADAP1,COX19
chr7	47576861	47576861	cg17858880	0.0002757101000758	0.0997060818791143	TNS3
chr7	151503269	151503269	cg16994041	0.0002766925503441	0.0998452538018211	PRKAG2
chr7	157405965	157405965	cg25910261	0.0002813874019602	0.10062659226249	PTPRN2
chr7	5643055	5643055	cg16288579	0.0002827905371132	0.100823979977454	FSCN1
chr7	48494362	48494362	cg02845274	0.0002925801915325	0.10215382658682	ABCA13
chr7	151102752	151102752	cg09446247	0.0002993903976493	0.103305639837222	WDR86
chr7	2847554	2847554	cg19717773	0.0003012643521808	0.103656784506576	GNA12
chr7	150140054	150140054	cg27408238	0.0003017711739286	0.103656784506576	LINC00996
chr7	1068244	1068244	cg03870746	0.0003045876013612	0.104067305889396	C7orf50
chr7	47383998	47383998	cg01749076	0.0003078244431233	0.1046595589539	TNS3
chr7	158056849	158056849	cg02358382	0.0003103311806859	0.104748574920556	PTPRN2
chr7	150105086	150105086	cg00852675	0.0003129728840302	0.10508416801604	ZNF775
chr7	130130754	130130754	cg07224147	0.0003146815830972	0.105319235896748	MEST
chr7	149389814	149389814	cg21355828	0.0003151781424169	0.105358793734844	
chr7	157703425	157703425	cg03611057	0.0003158099257284	0.105368523339912	PTPRN2
chr7	100417404	100417404	cg22425096	0.0003197335125241	0.106159405123736	EPHB4
chr7	999154	999154	cg20412539	0.0003297418839145	0.107794648251441	COX19
chr7	2802560	2802560	cg23285459	0.0003327486529772	0.108412470059373	AMZ1,GNA12
chr7	143207987	143207987	cg22249985	0.0003333791637907	0.108483992142937	EPHA1-AS1
chr7	1910781	1910781	cg20295408	0.0003345053962579	0.108569865274881	MAD1L1
chr7	150140172	150140172	cg27511611	0.0003352639094192	0.108680928625216	LINC00996
chr7	151526895	151526895	cg07285148	0.0003376632458477	0.108949950369315	PRKAG2
chr7	151542452	151542452	cg13810766	0.0003385124938835	0.109131514976075	PRKAG2
chr7	1062652	1062652	cg27205928	0.0003422535170904	0.109395304283977	C7orf50,MIR339
chr7	540030	540030	cg24928901	0.0003440728341696	0.109705915943381	PDGFA
chr7	157294324	157294324	cg26442764	0.0003505532831433	0.111123110988364	AC006372.5
chr7	212916	212916	cg17317690	0.0003583059974964	0.112104687023441	FAM20C
chr7	985785	985785	cg15015122	0.000365236638715	0.112794525630308	ADAP1,COX19
chr7	149917263	149917263	cg02864844	0.0003659691941988	0.112842214977277	
chr7	951963	951963	cg25557481	0.000366032837961	0.112842214977277	ADAP1,COX19
chr7	157396577	157396577	cg16711733	0.000370292183859	0.113433246350972	PTPRN2
chr7	7839258	7839258	cg10443159	0.000371196897803	0.113627664529302	RPA3-AS1
chr7	157342801	157342801	cg09226185	0.0003767627476378	0.114098278812469	PTPRN2
chr7	94250352	94250352	cg22579075	0.0003758924716483	0.114098278812469	SGCE
chr7	950475	950475	cg27326224	0.000384633070891	0.115207051617967	ADAP1,COX19
chr7	66829701	66829701	cg15841511	0.0003984022741562	0.117295399656493	
chr7	72769275	72769275	cg22160595	0.0004072051904291	0.118339886874226	FKBP6
chr7	975761	975761	cg09312781	0.0004103418485701	0.118653136520414	ADAP1,COX19
chr7	150644632	150644632	cg11857646	0.0004187350275296	0.119133077897586	KCNH2
chr7	2861856	2861856	cg11020333	0.0004271759941127	0.12022018408443	GNA12
chr7	4305042	4305042	cg20597403	0.0004285209758051	0.120251334771557	SDK1
chr7	103969167	103969167	cg10036918	0.0004304569426294	0.12052281690301	LHFPL3
chr7	2827064	2827064	cg19422369	0.0004593589099323	0.123955935102134	GNA12
chr7	2754102	2754102	cg22412850	0.0004597108252659	0.123986180700294	AMZ1
chr7	2802073	2802073	cg13928313	0.0004696943449578	0.125118126187754	AMZ1,GNA12
chr7	23338304	23338304	cg17580613	0.0004790843846549	0.12641747432142	
chr7	157233210	157233210	cg05986417	0.000479532453703	0.126420028516143	
chr7	47165287	47165287	cg03881524	0.000483343049792	0.126972395244328	
chr7	2827233	2827233	cg18634690	0.0004848334613992	0.127191244779044	GNA12
chr7	5643021	5643021	cg09246253	0.0004871641079736	0.12733477672752	FSCN1
chr7	149462837	149462837	cg09646197	0.0004877193955308	0.12733477672752	ZNF467
chr7	149467944	149467944	cg13131455	0.000497659803794	0.128233208184645	ZNF467
chr7	43152022	43152022	cg13298841	0.0005091516684588	0.12916248584486	
chr7	4218170	4218170	cg26406014	0.0005121994463744	0.129620751383094	SDK1
chr7	157602125	157602125	cg12551233	0.0005188423343716	0.13047182306845	PTPRN2
chr7	28725646	28725646	cg05277054	0.0005207503423003	0.130754823098523	CREB5
chr7	975358	975358	cg13548189	0.0005219531872069	0.130938775318265	ADAP1,COX19
chr7	959866	959866	cg01629749	0.0005318724907954	0.132145120183953	ADAP1,COX19
chr7	24472533	24472533	cg17048301	0.0005317213536351	0.132145120183953	
chr7	29329370	29329370	cg00901138	0.0005618582411819	0.135653689702062	CHN2
chr7	157341830	157341830	cg14779376	0.0005613928777705	0.135653689702062	PTPRN2
chr7	47584779	47584779	cg03890634	0.000576130586588	0.137196269281749	TNS3
chr7	150649655	150649655	cg23147443	0.0005790480594518	0.137361691869434	KCNH2
chr7	51384931	51384931	cg07571451	0.0005838826857894	0.137824361333332	
chr7	2859695	2859695	cg10210928	0.0005906924705547	0.138648252851132	GNA12
chr7	2880410	2880410	cg25764217	0.0005905028929686	0.138648252851132	GNA12
chr7	128490884	128490884	cg27441228	0.0006006809146976	0.139309610892465	FLNC,RP11-309L24.2
chr7	108097477	108097477	cg09561125	0.0006012103688702	0.139341309360137	
chr7	28725676	28725676	cg00576774	0.0006068710948813	0.140048321573603	CREB5
chr7	947660	947660	cg11825070	0.0006101340024259	0.140385920625303	ADAP1,COX19
chr7	5330382	5330382	cg03686950	0.0006274201603051	0.142145867798352	SLC29A4
chr7	150129578	150129578	cg18523666	0.0006301574462184	0.142351619754046	
chr7	2761668	2761668	cg22704399	0.0006306179329085	0.142362927241575	AMZ1
chr7	1055600	1055600	cg20821713	0.0006317283930215	0.14246029862748	C7orf50
chr7	959905	959905	cg25668117	0.0006446291048489	0.144178418697222	ADAP1,COX19
chr7	48494580	48494580	cg07045469	0.0006487958756194	0.144630738495793	ABCA13
chr7	153584610	153584610	cg27032232	0.0006539180231054	0.145083520652411	DPP6
chr7	985615	985615	cg02461342	0.000660434863478	0.145685268984188	ADAP1,COX19
chr7	948246	948246	cg22289815	0.0006690765696143	0.146416529557373	ADAP1,COX19
chr7	157460759	157460759	cg06963346	0.0006754315138289	0.147243717493044	PTPRN2
chr7	101936319	101936319	cg12315284	0.0006797702925277	0.147611756784528	SH2B2
chr7	43484898	43484898	cg23091699	0.0006828948731286	0.147905787333402	HECW1
chr7	5641113	5641113	cg24512685	0.0006892036960093	0.148578799574217	FSCN1
chr7	27153580	27153580	cg01301319	0.000699507342028	0.149534546414027	HOXA-AS2,HOXA3
chr7	150655110	150655110	cg01539854	0.0006998997222649	0.149534546414027	KCNH2
chr7	978276	978276	cg22940273	0.000713244107758	0.150575077906063	ADAP1,COX19
chr7	157650490	157650490	cg18571792	0.0007141663394535	0.150624678017846	AC011899.9,PTPRN2
chr7	2765411	2765411	cg20428685	0.0007175347318795	0.150880761947986	AMZ1
chr7	2761761	2761761	cg06123807	0.0007282842770182	0.152081109155572	AMZ1
chr7	2800701	2800701	cg23249868	0.0007491222941379	0.154175237088736	AMZ1,GNA12
chr7	29305924	29305924	cg11736112	0.0007499963442031	0.154241124087239	CHN2
chr7	116963492	116963492	cg01830294	0.0007591413450388	0.155055736607853	
chr7	2764246	2764246	cg15247329	0.0007709582379016	0.155989131551147	AMZ1
chr7	157347628	157347628	cg26204417	0.0007729285958658	0.156207829862838	PTPRN2
chr7	1002011	1002011	cg07497218	0.0007757166898381	0.156458638924887	COX19
chr7	2855760	2855760	cg02046881	0.0007819690946825	0.15691614952138	GNA12
chr7	973491	973491	cg07128326	0.0007844366794866	0.1570706377264	ADAP1,COX19
chr7	210874	210874	cg16874494	0.0008034084639607	0.158839259128741	FAM20C
chr7	36194394	36194394	cg10056482	0.0008073537042448	0.159141645429417	EEPD1
chr7	120740	120740	cg22336162	0.0008146244548028	0.15995991484843	
chr7	136555777	136555777	cg04842426	0.0008218188668256	0.160679490580829	CHRM2,hsa-mir-490
chr7	1856979	1856979	cg21377260	0.0008242078282673	0.160920234566003	MAD1L1
chr7	151453891	151453891	cg03190018	0.0008427875086744	0.162897448466306	PRKAG2
chr7	47343625	47343625	cg12292947	0.0008563334754563	0.164223765088594	TNS3
chr7	47420153	47420153	cg09578113	0.0008654065541588	0.165054368669841	TNS3
chr7	151542129	151542129	cg05890154	0.0008839331414445	0.166518531111157	PRKAG2
chr7	998708	998708	cg11943197	0.0008974258227886	0.167878737008182	COX19
chr7	151356655	151356655	cg03330372	0.0009207712299968	0.169536774407626	PRKAG2
chr7	150648497	150648497	cg07998558	0.0009268723907348	0.170060420939542	KCNH2
chr7	43484525	43484525	cg12302761	0.000934533154083	0.17078857598631	HECW1
chr7	1056717	1056717	cg01807426	0.0009441063904564	0.171713897631429	C7orf50
chr7	151092979	151092979	cg03687379	0.0009462257190912	0.171949611455318	WDR86
chr7	151096994	151096994	cg15446884	0.0009471580992339	0.171990166603686	WDR86
chr7	1476362	1476362	cg26754824	0.0009618710485127	0.173407383122267	MICALL2
chr7	1955432	1955432	cg02311337	0.0009660628554779	0.173597374509462	MAD1L1
chr7	101936362	101936362	cg05302531	0.0009720908181355	0.173963023802298	SH2B2
chr7	218950	218950	cg19619414	0.0009758001124403	0.174463161623228	FAM20C
chr7	157215173	157215173	cg01065592	0.000995829057299	0.176434719599602	
chr7	157926214	157926214	cg18639374	0.0010207806272263	0.178662682017352	PTPRN2
chr7	128556771	128556771	cg00622763	0.0010260316781313	0.179276341160275	
chr7	100171198	100171198	cg04902856	0.0010299507809836	0.179281039302299	LRCH4,SAP25
chr7	2769254	2769254	cg03653726	0.001037062497215	0.179767851232443	AMZ1,GNA12
chr7	64458642	64458642	cg24247132	0.0010416961528244	0.180001576083234	ERV3-1,ZNF117
chr7	56950154	56950154	cg19789755	0.0010485484565164	0.180509048404855	
chr7	120801	120801	cg09041644	0.0010505320616127	0.180685025826167	
chr7	150654471	150654471	cg04406307	0.0010950397529426	0.184022484511025	KCNH2
chr7	153748819	153748819	cg04083575	0.0011005867767958	0.184402550484802	DPP6
chr7	563859	563859	cg10510707	0.0011031145278031	0.184708998907393	AC147651.3
chr7	47463782	47463782	cg07134371	0.0011094592459624	0.185172730364739	TNS3
chr7	8302095	8302095	cg00030291	0.0011261930785839	0.186924779818995	AC007009.1,AC007128.1,ICA1
chr7	128550898	128550898	cg17533927	0.0011337172486692	0.187560745057661	
chr7	73624320	73624320	cg01318557	0.0011361479443398	0.187793520549058	LAT2
chr7	1910501	1910501	cg13027177	0.0011500740193847	0.188936466837668	MAD1L1
chr7	127881345	127881345	cg13381984	0.0011577601751612	0.189699810493615	LEP
chr7	43484715	43484715	cg21154964	0.0011590351540261	0.189699810493615	HECW1
chr7	133352892	133352892	cg03338527	0.0011622748157656	0.189911908738127	EXOC4
chr7	150479453	150479453	cg19012958	0.0011643561534856	0.19016087142951	RP5-1051J4.4
chr7	47590826	47590826	cg16538359	0.00116758461025	0.190374500425841	TNS3
chr7	956643	956643	cg15392988	0.0011694867653171	0.19047744922792	ADAP1,COX19
chr7	978269	978269	cg19436016	0.0011720897159366	0.190715480007958	ADAP1,COX19
chr7	47580247	47580247	cg24499411	0.0011771324837074	0.191172190073719	TNS3
chr7	978305	978305	cg26209816	0.0011785580816253	0.191172190073719	ADAP1,COX19
chr7	148287721	148287721	cg12668043	0.0011835759281625	0.191461886258492	C7orf33
chr7	151653150	151653150	cg24919101	0.0011926324223966	0.192068958649618	
chr7	121947073	121947073	cg05256504	0.0012040440460235	0.192996592882055	FEZF1,FEZF1-AS1
chr7	2753826	2753826	cg27177779	0.0012216830632662	0.194281794649344	AMZ1
chr7	119691079	119691079	cg06140138	0.0012267624805015	0.194331425804344	
chr7	157355444	157355444	cg18751657	0.0012303633608914	0.194367163812665	PTPRN2
chr7	151421842	151421842	cg02387974	0.0012334131737162	0.194664896387685	PRKAG2
chr7	1896384	1896384	cg05279229	0.0012408107767946	0.19513197700565	MAD1L1
chr7	151107400	151107400	cg21532325	0.0012700459945637	0.197519615749367	WDR86,WDR86-AS1
chr7	1694631	1694631	cg03016496	0.0012855044566844	0.198537425557246	
chr7	157544212	157544212	cg26075417	0.0012892142666713	0.198770907593496	PTPRN2
chr7	1096969	1096969	cg04668631	0.001317518775466	0.200448762600012	C7orf50,GPR146,RP11-449P15.1
chr7	157353097	157353097	cg04127606	0.0013257470380278	0.201075827224738	PTPRN2
chr7	83860331	83860331	cg02106155	0.0013345299622605	0.201936675515179	SEMA3A
chr7	938896	938896	cg23946286	0.0013494900882592	0.202976041229655	ADAP1,COX19
chr7	2752274	2752274	cg24418298	0.0013660903201531	0.203881332883532	AMZ1
chr7	2768566	2768566	cg26517831	0.001373607860312	0.204504775031249	AMZ1,GNA12
chr7	955700	955700	cg17667773	0.0013777416447529	0.205010607186286	ADAP1,COX19
chr7	132937103	132937103	cg22295389	0.0013863036388835	0.205677106671213	
chr7	157414537	157414537	cg01460435	0.0013961359991047	0.206205041392522	PTPRN2
chr7	150104655	150104655	cg00042325	0.0014449160803564	0.210067059817551	ZNF775
chr7	2758393	2758393	cg26075639	0.0014465254634014	0.210154890816005	AMZ1
chr7	76009240	76009240	cg11564120	0.0014684909816096	0.211458039533549	
chr7	105279882	105279882	cg20821442	0.0014750990489452	0.212056340201956	ATXN7L1
chr7	2874522	2874522	cg16688681	0.0014888709365575	0.212827527336724	GNA12
chr7	42131124	42131124	cg01013023	0.0014972394141034	0.213518834345632	GLI3
chr7	150755897	150755897	cg02723617	0.0015331133431899	0.215573645169828	SLC4A2
chr7	157281332	157281332	cg11863217	0.0015418564745152	0.216075626663592	AC006372.4
chr7	158243546	158243546	cg16235891	0.0015612930908807	0.21737727575024	PTPRN2
chr7	4008986	4008986	cg07683594	0.0015623974723687	0.217422284909511	SDK1
chr7	154455412	154455412	cg19415003	0.0015671828532535	0.217689359636483	DPP6
chr7	8482099	8482099	cg14094983	0.0015696168762414	0.217810154214841	NXPH1
chr7	65112418	65112418	cg05590025	0.0015792344568852	0.218310674364731	AC104057.1
chr7	157365643	157365643	cg23544566	0.0015799263623068	0.21833406203237	PTPRN2
chr7	29256702	29256702	cg04600792	0.0015811080993093	0.21835288433666	CHN2
chr7	47408747	47408747	cg17445213	0.0015898457828571	0.218944251732366	TNS3
chr7	70596377	70596377	cg01159623	0.0015987726256693	0.219444795296192	
chr7	158770620	158770620	cg18652043	0.0015991616228476	0.219444795296192	
chr7	151542805	151542805	cg17008978	0.001607795275376	0.219852185150087	PRKAG2
chr7	51545787	51545787	cg07064592	0.0016176077267831	0.220355270498634	
chr7	28725407	28725407	cg11967592	0.001618409084905	0.220355270498634	CREB5
chr7	47479434	47479434	cg26672672	0.0016280571998666	0.220784235115593	TNS3
chr7	75405967	75405967	cg11303839	0.0016396414864104	0.221213516790188	CCL26
chr7	150488488	150488488	cg00963113	0.0016594063713143	0.222187039273982	TMEM176B
chr7	94286955	94286955	cg18139769	0.0016637256841377	0.222540687611415	PEG10
chr7	101943789	101943789	cg27195676	0.0016671693565588	0.222747932578136	SH2B2
chr7	47528807	47528807	cg05794556	0.001701774527798	0.225010793666473	TNS3
chr7	2111060	2111060	cg25323444	0.0017129393136739	0.225986254930684	MAD1L1
chr7	2754315	2754315	cg03935444	0.0017217639526434	0.226577952138557	AMZ1
chr7	127881281	127881281	cg19594666	0.0017260018367922	0.226956879963559	
chr7	951881	951881	cg03810769	0.0017356356085758	0.227329078218634	ADAP1,COX19
chr7	1858639	1858639	cg16269488	0.00184598103711	0.234394978400171	MAD1L1
chr7	1894301	1894301	cg25432518	0.0018544841801894	0.23492164785782	MAD1L1
chr7	150125200	150125200	cg04301738	0.0018590158798548	0.235161896293217	
chr7	214685	214685	cg16466750	0.0018610713274032	0.235309610876059	FAM20C
chr7	4305061	4305061	cg12190994	0.001881682036899	0.236555041368321	SDK1
chr7	101945324	101945324	cg15601244	0.0019047652057118	0.238059744009026	SH2B2
chr7	98424185	98424185	cg14396619	0.0019305240834931	0.239915148129123	
chr7	151769955	151769955	cg04606663	0.0019423895643699	0.240709351720213	GALNT11
chr7	47548113	47548113	cg26748278	0.0020138698230632	0.245015309314745	TNS3
chr7	100330109	100330109	cg02949296	0.0020194147298436	0.245271004129626	
chr7	947480	947480	cg11685960	0.0020415848373092	0.246493263749444	ADAP1,COX19
chr7	157345827	157345827	cg15318176	0.002063140167555	0.247699031072822	PTPRN2
chr7	127672152	127672152	cg27573591	0.0020995961633828	0.249459258340179	LRRC4,SND1
chr7	151300710	151300710	cg12762399	0.0021302674213583	0.251206574995443	PRKAG2
chr7	92238248	92238248	cg15261712	0.0021632664064043	0.253455331133747	CDK6
chr7	158819194	158819194	cg21480740	0.0021725320810737	0.253778010588353	LINC00689
chr7	71877114	71877114	cg10928348	0.0021748343216195	0.253884858382976	CALN1
chr7	158158014	158158014	cg14761242	0.0021807551830037	0.254235303801948	PTPRN2
chr7	54610022	54610022	cg02910208	0.0022067118575426	0.255114694861809	VSTM2A
chr7	189357	189357	cg21507153	0.0022222912078246	0.256023356799642	AC093627.12
chr7	157406033	157406033	cg22970003	0.0022425418814147	0.257224466823033	PTPRN2
chr7	552777	552777	cg01130922	0.0022466253667103	0.25740946634073	PDGFA
chr7	47092529	47092529	cg05263479	0.0022719736836978	0.259245321560388	AC004870.3,AC004870.5
chr7	1879378	1879378	cg00842874	0.0022989382117059	0.26057981135219	AC110781.3,MAD1L1
chr7	960350	960350	cg19445335	0.0023060894508464	0.260970012311373	ADAP1,COX19
chr7	42974694	42974694	cg14718247	0.0023106120920088	0.261229566348596	MRPL32
chr7	100171617	100171617	cg27542828	0.0023113363918792	0.26127609296749	LRCH4
chr7	2018520	2018520	cg11950124	0.0023172221632428	0.261458560122484	MAD1L1
chr7	53155221	53155221	cg02392835	0.0023266553774707	0.262033959211582	
chr7	1057669	1057669	cg02934462	0.0023277756987978	0.262035210430882	C7orf50
chr7	47520711	47520711	cg01899074	0.00233451106112	0.262464004285765	TNS3
chr7	552135	552135	cg13916961	0.00233483310547	0.262464004285765	PDGFA
chr7	1778766	1778766	cg23699062	0.0023411016600156	0.262833169506037	AC074389.9,ELFN1
chr7	149389670	149389670	cg04487296	0.0023504371097441	0.263328178238002	
chr7	1062711	1062711	cg04682977	0.0023624110524532	0.263746111450663	C7orf50
chr7	974871	974871	cg01503938	0.0023708277663549	0.26439859420349	ADAP1,COX19
chr7	75419312	75419312	cg12943082	0.0023831634894179	0.265125230902046	
chr7	29330752	29330752	cg26283963	0.0023886238297337	0.265485260122019	CHN2
chr7	157227291	157227291	cg13124080	0.0024458074140571	0.26826706624097	
chr7	157643771	157643771	cg02054964	0.0024492270218444	0.268471404559286	PTPRN2
chr7	57927784	57927784	cg17162319	0.0024615248961355	0.269233801452465	
chr7	27171391	27171391	cg15624376	0.002473853786374	0.269966444538001	HOXA-AS2,HOXA-AS3,HOXA3,RP1-170O19.22
chr7	1479918	1479918	cg25326966	0.0024756298526174	0.270054428375614	MICALL2
chr7	2082850	2082850	cg02304222	0.0025149251936987	0.271839191059354	MAD1L1
chr7	157650389	157650389	cg24998459	0.0025288524983853	0.272370600993933	AC011899.9,PTPRN2
chr7	158770296	158770296	cg20413993	0.0025452007775734	0.273064695231426	
chr7	5458902	5458902	cg20518511	0.002542809919074	0.273064695231426	TNRC18
chr7	120969033	120969033	cg16868298	0.002549440459844	0.273148169129382	WNT16
chr7	157754746	157754746	cg11072645	0.0025577795385337	0.273620505086834	PTPRN2
chr7	5642705	5642705	cg12741436	0.0025610951202581	0.273704067916935	FSCN1
chr7	2763916	2763916	cg01026192	0.0025673606745343	0.273801620470278	AMZ1
chr7	4303194	4303194	cg05669845	0.0025695930459559	0.273801620470278	SDK1
chr7	5642784	5642784	cg00513981	0.0026082010718356	0.275660850478699	FSCN1
chr7	2770410	2770410	cg08933276	0.0026277902068066	0.276771317687027	AMZ1,GNA12
chr7	2854512	2854512	cg21628055	0.0026363545058989	0.277338119759579	GNA12
chr7	25174493	25174493	cg23302989	0.0026388265492433	0.277458412806498	C7orf31
chr7	157333406	157333406	cg17086900	0.0026613678088323	0.278365655983216	PTPRN2
chr7	100877583	100877583	cg05630192	0.0026716920179424	0.278977866622272	CLDN15
chr7	51383344	51383344	cg27425996	0.0026854251530272	0.279857079813498	COBL
chr7	97361409	97361409	cg16288089	0.0026997470595563	0.280754201435309	TAC1
chr7	1024673	1024673	cg10318148	0.002702964224027	0.281024923724908	CYP2W1
chr7	32111237	32111237	cg21530649	0.0027115423064314	0.281385334496006	PDE1C
chr7	2870442	2870442	cg07073096	0.0027155088162203	0.281663205004919	GNA12
chr7	149465808	149465808	cg00420532	0.0027222648865112	0.28181255988752	ZNF467
chr7	3948024	3948024	cg19016273	0.002723458695618	0.28181255988752	SDK1
chr7	101962112	101962112	cg17190891	0.0027519418933579	0.283290290477141	SH2B2
chr7	1057463	1057463	cg05486810	0.0027607516382373	0.283559311055761	C7orf50
chr7	56950308	56950308	cg06891939	0.0027772798181604	0.284273527792453	
chr7	75443977	75443977	cg04156900	0.0027808842638788	0.284309329148545	CCL24
chr7	128489557	128489557	cg15211486	0.0028100433354233	0.285587125757255	FLNC
chr7	5639064	5639064	cg08125726	0.0028167624969394	0.285946063205528	FSCN1
chr7	144533455	144533455	cg23307858	0.002855777033686	0.287461366880159	TPK1
chr7	5336544	5336544	cg20058937	0.0028580904433194	0.287501702119561	SLC29A4
chr7	157406097	157406097	cg23299919	0.0029136178261908	0.290067998800666	PTPRN2
chr7	3713348	3713348	cg06956786	0.0029442870530021	0.291862171106083	SDK1
chr7	2472815	2472815	cg13999330	0.0029532564170508	0.29213423636915	CHST12
chr7	157201728	157201728	cg17529436	0.0029694305322445	0.293030698081593	DNAJB6
chr7	24323840	24323840	cg25884711	0.0029762834415878	0.293412631450245	NPY
chr7	100171748	100171748	cg06231285	0.003014817380726	0.295880767501962	LRCH4
chr7	1892990	1892990	cg19289969	0.0030317236532886	0.296486743634855	MAD1L1
chr7	27171402	27171402	cg20161965	0.0030396679045758	0.296815842912579	HOXA-AS2,HOXA-AS3,HOXA3,RP1-170O19.22
chr7	2801832	2801832	cg08799766	0.0030592007558673	0.297783357286406	AMZ1,GNA12
chr7	105112741	105112741	cg24360745	0.003083565343193	0.299143133760719	PUS7
chr7	151421670	151421670	cg21463518	0.0030889226849923	0.299362543912464	PRKAG2
chr7	154454882	154454882	cg27411746	0.0030896198989648	0.299377354965532	DPP6
chr7	151506148	151506148	cg03567939	0.003114480469959	0.300711384695956	PRKAG2,RP13-452N2.1
chr7	55817964	55817964	cg14797865	0.003141926359063	0.302034131231847	
chr7	149416973	149416973	cg18138202	0.0031382610501628	0.302034131231847	KRBA1
chr7	63497645	63497645	cg24729221	0.0031501815872171	0.302271972575228	
chr7	123673331	123673331	cg17025835	0.0031566309972873	0.302580878683237	RP5-921G16.1,TMEM229A
chr7	115430165	115430165	cg04792352	0.0031576960616617	0.30264538662398	RP11-458K10.3
chr7	1473950	1473950	cg09351230	0.0031933457645418	0.30421808869559	MICALL2
chr7	47518658	47518658	cg20782724	0.0031939662721448	0.30421808869559	TNS3
chr7	943676	943676	cg20548833	0.003199819584355	0.304338571684709	ADAP1,COX19
chr7	98574179	98574179	cg25934268	0.003198217554586	0.304338571684709	TRRAP
chr7	47579679	47579679	cg23026754	0.0032007317330171	0.304360622736199	TNS3
chr7	54902027	54902027	cg06909229	0.0032097831615885	0.304839631517608	
chr7	52156489	52156489	cg18793404	0.0032202170751271	0.305344565143839	
chr7	98254334	98254334	cg13695954	0.0032384716612291	0.306241229966904	NPTX2
chr7	121944174	121944174	cg24934063	0.003251214099621	0.306855691702273	FEZF1,FEZF1-AS1
chr7	1117853	1117853	cg03791074	0.0032588279092082	0.307177398694546	C7orf50
chr7	2062523	2062523	cg12532546	0.0033107637781417	0.309338995423675	MAD1L1
chr7	5541566	5541566	cg27041868	0.0033264023760356	0.310056454784311	FBXL18
chr7	100170930	100170930	cg11823921	0.0033664361899629	0.31184666952252	LRCH4,SAP25
chr7	27154911	27154911	cg15982700	0.0033688168936378	0.311988791675817	HOXA-AS2,HOXA3
chr7	157655703	157655703	cg22277103	0.0033885949550524	0.312694899904841	AC011899.9,PTPRN2
chr7	158193733	158193733	cg19368325	0.0034251037789266	0.314111608762438	PTPRN2
chr7	158244407	158244407	cg06715755	0.0034389117285426	0.314522316745739	PTPRN2
chr7	157332819	157332819	cg11227520	0.0034577653469238	0.315191712351535	PTPRN2
chr7	37071687	37071687	cg05098343	0.0034854420308603	0.316408871053532	ELMO1
chr7	116786597	116786597	cg05720226	0.0034907694632659	0.316726191985051	ST7
chr7	1894575	1894575	cg26220185	0.0034965401995504	0.316974364911474	MAD1L1
chr7	157261163	157261163	cg06518327	0.0035021498885074	0.317213469726101	AC006372.4
chr7	116963502	116963502	cg06987468	0.0035367310599834	0.318706437771416	
chr7	47552912	47552912	cg10003974	0.0035574460679141	0.319154679817933	TNS3
chr7	1062681	1062681	cg16492851	0.003568517252092	0.319580460007408	C7orf50
chr7	157650206	157650206	cg02802834	0.0035722699559028	0.31967664082939	AC011899.9,PTPRN2
chr7	63154702	63154702	cg01526355	0.0035830070105582	0.320294371154424	
chr7	1192203	1192203	cg13514042	0.0035843535959806	0.320346186037098	ZFAND2A
chr7	128354965	128354965	cg12560447	0.0035918200348746	0.320704688949694	FAM71F1
chr7	151490474	151490474	cg20269607	0.0035923751579585	0.320719974906965	PRKAG2
chr7	1891772	1891772	cg07685601	0.0036220965179374	0.321780662886692	MAD1L1
chr7	961323	961323	cg27287951	0.0036250958205716	0.321886776787228	ADAP1,COX19
chr7	1868756	1868756	cg13880726	0.0036371302412796	0.322250225060474	MAD1L1
chr7	1960796	1960796	cg17551891	0.0036632552063134	0.323049891638027	MAD1L1
chr7	150655134	150655134	cg16817992	0.0036759330355499	0.323599036998435	KCNH2
chr7	5785550	5785550	cg20160729	0.0036782574476677	0.323617883929003	RNF216
chr7	4276194	4276194	cg03010092	0.0036857210127419	0.323710558251249	SDK1
chr7	157263458	157263458	cg08767650	0.0037144634554975	0.324849894752183	AC006372.4
chr7	28725466	28725466	cg17818220	0.003723831170663	0.324989571100339	CREB5
chr7	214779	214779	cg05031931	0.0037441204341521	0.325772405328554	FAM20C
chr7	955155	955155	cg22348299	0.0037652095805347	0.326818972608754	ADAP1,COX19
chr7	958244	958244	cg27572072	0.0037793141327082	0.327546071376329	ADAP1,COX19
chr7	2763933	2763933	cg09779537	0.0037838855190219	0.327798359594255	AMZ1
chr7	157352997	157352997	cg24258098	0.003808509895509	0.328840325111213	PTPRN2
chr7	158828236	158828236	cg20867603	0.0038120780541085	0.329080385695247	VIPR2
chr7	47568298	47568298	cg20195319	0.0038162362495181	0.329235210234945	TNS3
chr7	157643722	157643722	cg09360824	0.003840907502824	0.329932572160836	PTPRN2
chr7	148287941	148287941	cg24772001	0.0038379873161326	0.329932572160836	C7orf33
chr7	115862648	115862648	cg16087541	0.0038860137903454	0.331353974083502	TES
chr7	57271380	57271380	cg23316599	0.0039002066996065	0.331963119924215	
chr7	157262493	157262493	cg02930033	0.0039159612686936	0.33260044882131	AC006372.4
chr7	1894689	1894689	cg23524191	0.0039169560167111	0.33260044882131	MAD1L1
chr7	640339	640339	cg06413196	0.0039531024864413	0.334175170664688	PRKAR1B
chr7	154455543	154455543	cg02550425	0.0039669172580514	0.334834672317301	DPP6
chr7	2769865	2769865	cg18998543	0.0039748085429099	0.335133679714743	AMZ1,GNA12
chr7	151454795	151454795	cg27577993	0.0039934103878341	0.335916947872977	PRKAG2
chr7	151107807	151107807	cg00878038	0.0040004537267197	0.336021492529749	WDR86,WDR86-AS1
chr7	212112	212112	cg22229114	0.0040052501204135	0.336235736517972	FAM20C
chr7	55323612	55323612	cg27023104	0.0040070147984629	0.336259770790053	EGFR
chr7	76143284	76143284	cg13626791	0.0040131740085501	0.336309340616509	UPK3B
chr7	150646082	150646082	cg07390478	0.0040252065618419	0.336847749806435	KCNH2
chr7	32183061	32183061	cg05017646	0.0040553735808677	0.338190525223269	PDE1C
chr7	2770788	2770788	cg05046371	0.0040561778163342	0.338190525223269	AMZ1,GNA12
chr7	32111069	32111069	cg11933094	0.0040782998847624	0.338695175270233	PDE1C
chr7	154685279	154685279	cg19470459	0.0040887779474275	0.338720625649978	DPP6
chr7	157695747	157695747	cg24500428	0.0041370456103053	0.340356543201028	PTPRN2
chr7	151402024	151402024	cg24271718	0.0041439794805286	0.340625082610168	PRKAG2
chr7	155454804	155454804	cg08894021	0.0041521989007532	0.340898182262196	RBM33
chr7	150782539	150782539	cg09205595	0.0041532326111762	0.340949541993781	
chr7	157342543	157342543	cg20159095	0.0041779770122394	0.34186916229552	PTPRN2
chr7	158059180	158059180	cg07978494	0.0041842390268053	0.342007089709785	PTPRN2
chr7	157464925	157464925	cg04177845	0.004241034954071	0.344202256132245	PTPRN2
chr7	136556193	136556193	cg19630629	0.0042754062068511	0.345545973746332	CHRM2,hsa-mir-490
chr7	150644460	150644460	cg01559770	0.0043059816513432	0.34684264931147	KCNH2
chr7	2645764	2645764	cg09135065	0.0043185116361083	0.347377152568691	IQCE
chr7	144347841	144347841	cg11183253	0.0043203188076293	0.347394552276881	TPK1
chr7	99084410	99084410	cg17290554	0.0043440705381146	0.348298644947402	ZNF394,ZNF789
chr7	157637561	157637561	cg02369113	0.0043559492188949	0.348882715511517	PTPRN2
chr7	101944431	101944431	cg07512361	0.0043594723973243	0.349013604482233	SH2B2
chr7	157643037	157643037	cg22216157	0.0044094848364682	0.350923391646692	PTPRN2
chr7	2764920	2764920	cg03516551	0.0044122241699313	0.351067468685805	AMZ1
chr7	56355682	56355682	cg20260127	0.0044334409119784	0.351917642379616	
chr7	5336714	5336714	cg25901444	0.0044474189612554	0.352390986184178	SLC29A4
chr7	47574050	47574050	cg07395763	0.0044602227338097	0.352804788000763	TNS3
chr7	540177	540177	cg22466784	0.0044712436959076	0.353006401212092	PDGFA
chr7	156931171	156931171	cg01939428	0.0044788916453357	0.353287754253038	
chr7	149410460	149410460	cg02172669	0.0044947233975294	0.353756836582602	
chr7	150816835	150816835	cg00709423	0.0045084707932395	0.353972160079168	AGAP3
chr7	47343605	47343605	cg27525731	0.0045176868109366	0.354328992770576	TNS3
chr7	100170610	100170610	cg01826728	0.0045876895718038	0.356809824984472	LRCH4,SAP25
chr7	2719091	2719091	cg06618764	0.0046008226176867	0.357393304205637	
chr7	563916	563916	cg10352104	0.0046103249933353	0.357769516996299	AC147651.3
chr7	2842688	2842688	cg13493071	0.0046310829916665	0.358365319298952	GNA12
chr7	1086220	1086220	cg16373000	0.0046397268668797	0.358365319298952	C7orf50,GPR146
chr7	19812571	19812571	cg18505401	0.0046491188085824	0.358643732163701	TMEM196
chr7	1909927	1909927	cg16650443	0.0046842589233174	0.359660672224944	MAD1L1
chr7	1866243	1866243	cg09299390	0.0046916088578829	0.359959019219549	MAD1L1
chr7	150100786	150100786	cg18755230	0.0046929533517077	0.359959019219549	ZNF775
chr7	5644941	5644941	cg05998109	0.004706485424735	0.360260735164553	FSCN1
chr7	47532785	47532785	cg21982420	0.0047078846252205	0.360260735164553	TNS3
chr7	51384520	51384520	cg25202070	0.004721746217441	0.360652383280769	
chr7	150105714	150105714	cg17640893	0.0047305192353608	0.360925747512074	ZNF775
chr7	32767384	32767384	cg10143809	0.0047408950352234	0.36118838165293	AVL9,DPY19L1P1
chr7	18067530	18067530	cg11112914	0.0047388312833045	0.36118838165293	
chr7	18329603	18329603	cg24350771	0.0047532492256634	0.361568094940754	HDAC9
chr7	148769220	148769220	cg16306633	0.0047814006733946	0.362619864379155	ZNF786
chr7	155595289	155595289	cg01750170	0.0048571608776947	0.365213803605596	SHH
chr7	151818891	151818891	cg19231743	0.0048691711949411	0.365615845103661	GALNT11
chr7	1590395	1590395	cg18648645	0.0048727277670983	0.365717736076307	TMEM184A
chr7	1864451	1864451	cg01437221	0.0048871224338757	0.366051736400653	MAD1L1
chr7	102613597	102613597	cg20802214	0.0049119711120707	0.366862074302722	FBXL13
chr7	61821180	61821180	cg09871679	0.004986322308082	0.369571822534977	
chr7	151290088	151290088	cg08265392	0.0049928044097537	0.369757002747665	PRKAG2
chr7	157553346	157553346	cg19744528	0.0050239337491653	0.370813185348581	PTPRN2
chr7	47718267	47718267	cg23449791	0.0050303879863151	0.37102731182059	
chr7	2801249	2801249	cg24824703	0.0050397709392876	0.371325948900728	AMZ1,GNA12
chr7	54612334	54612334	cg21179088	0.0050523185006186	0.371758611392213	VSTM2A
chr7	540667	540667	cg18223153	0.0050607792363565	0.371987980096098	PDGFA
chr7	86850689	86850689	cg09942220	0.0050656178621929	0.372147168763657	
chr7	157643734	157643734	cg07491199	0.0050703114063905	0.372295536679447	PTPRN2
chr7	4276205	4276205	cg18380123	0.0050942358046648	0.372905024630745	SDK1
chr7	127671017	127671017	cg26173847	0.0051305106361574	0.374117946243839	LRRC4,SND1
chr7	64974626	64974626	cg14167314	0.0051579930805036	0.375041632137926	
chr7	218310	218310	cg18234533	0.0051643528336278	0.375308054287869	FAM20C
chr7	1911022	1911022	cg20358061	0.0051875915650416	0.37617874271312	MAD1L1
chr7	129402790	129402790	cg10890710	0.0051957265209559	0.376366272724041	
chr7	151372669	151372669	cg23495031	0.0051997604809361	0.37644030782577	PRKAG2
chr7	151106990	151106990	cg12433277	0.0052124074241668	0.376672881134532	WDR86,WDR86-AS1
chr7	1482527	1482527	cg15857635	0.0052195392700415	0.376778417404994	MICALL2
chr7	2036160	2036160	cg23378565	0.0052199713842602	0.376778417404994	MAD1L1
chr7	114563609	114563609	cg06946838	0.0052305090784629	0.377054491128317	MDFIC
chr7	155599027	155599027	cg10094489	0.0052453996593756	0.377660850408525	SHH
chr7	100218513	100218513	cg17398057	0.0052619237839967	0.377925598061538	TFR2
chr7	42267548	42267548	cg11366849	0.0052781841005884	0.378299542846207	GLI3
chr7	158512390	158512390	cg22528069	0.0052885731906539	0.378766850185986	
chr7	157341531	157341531	cg15819410	0.0053068929135363	0.379448084336943	PTPRN2
chr7	2006468	2006468	cg19419389	0.0053591350933977	0.381083939092625	MAD1L1
chr7	1474687	1474687	cg26586508	0.0053720906937433	0.381557696995074	MICALL2
chr7	120757	120757	cg05405483	0.0053788155729122	0.381732363027352	
chr7	156740260	156740260	cg05160381	0.0053982559164699	0.382587820307554	
chr7	128354967	128354967	cg10157098	0.0054045999938683	0.382786458258598	FAM71F1
chr7	151093041	151093041	cg07078452	0.005412974868932	0.38291628996183	WDR86
chr7	144531952	144531952	cg18992848	0.0054182510354862	0.383094882820001	TPK1
chr7	4678662	4678662	cg17552471	0.0054282978943297	0.383448243292561	
chr7	2802954	2802954	cg05793240	0.0054613891923289	0.384622493777412	AMZ1,GNA12
chr7	2073029	2073029	cg16769982	0.0054792864933911	0.385029414178362	MAD1L1
chr7	27153605	27153605	cg22962123	0.0054797189105317	0.385029414178362	HOXA-AS2,HOXA3
chr7	158735104	158735104	cg13153740	0.0054939569882614	0.385482351837074	WDR60
chr7	42001667	42001667	cg02901002	0.0054967463928851	0.38551807484265	GLI3
chr7	985719	985719	cg06902609	0.0055063056200247	0.385805028389415	ADAP1,COX19
chr7	5641966	5641966	cg23673980	0.0055177309782519	0.385951285822833	FSCN1
chr7	73408059	73408059	cg16233515	0.0055485914599839	0.387207949081631	
chr7	2189367	2189367	cg06996896	0.0055838349198941	0.387900914747857	MAD1L1
chr7	112571477	112571477	cg26951888	0.0055915899039441	0.388033650168114	C7orf60
chr7	1936321	1936321	cg11611357	0.0056028015613287	0.388321144237402	MAD1L1
chr7	16460780	16460780	cg01002560	0.0056370759852196	0.389179067279083	ISPD
chr7	2020131	2020131	cg24045212	0.0056441355465457	0.389484531399033	MAD1L1
chr7	3989167	3989167	cg01923516	0.005675715389987	0.390426965431078	SDK1
chr7	79083753	79083753	cg07448060	0.0056868990995238	0.390821341652538	MAGI2-AS3
chr7	57071677	57071677	cg21634283	0.0056919795916198	0.390911437246526	TNRC18P3
chr7	97841071	97841071	cg14446979	0.0056965054960959	0.391058472733137	BHLHA15
chr7	42005233	42005233	cg11364256	0.0057229236579146	0.391688373461742	GLI3
chr7	157214711	157214711	cg19265919	0.0057591208161414	0.392896675595213	
chr7	4212008	4212008	cg27049129	0.0057627523410138	0.393016040013236	SDK1
chr7	2695198	2695198	cg12300084	0.0057753897272471	0.393396152805724	TTYH3
chr7	157216600	157216600	cg04369350	0.0057806103709214	0.393433843995793	
chr7	157656095	157656095	cg10753101	0.0057960415698755	0.394031773306742	AC011899.9,PTPRN2
chr7	2070226	2070226	cg24295561	0.0058065292868214	0.39426390725745	MAD1L1
chr7	157234130	157234130	cg04198139	0.005827156048658	0.394765603518906	
chr7	158799778	158799778	cg14302471	0.005834252942727	0.394842683917609	LINC00689
chr7	47165510	47165510	cg25481201	0.0058730167385842	0.395672230007943	
chr7	154684927	154684927	cg24255201	0.0059236881252562	0.397411105823271	DPP6
chr7	2113694	2113694	cg18268948	0.0059305551893661	0.397541375869234	MAD1L1
chr7	157506617	157506617	cg20682895	0.0059519875149377	0.398125843724782	PTPRN2
chr7	121701411	121701411	cg10057817	0.0059755854270379	0.398996778876697	PTPRZ1
chr7	76009385	76009385	cg10744248	0.0059790553654271	0.399123496831165	
chr7	157369896	157369896	cg22991232	0.0060134013150017	0.400146495946972	PTPRN2
chr7	157588756	157588756	cg21459816	0.0060336174357931	0.400725642535244	PTPRN2
chr7	144368889	144368889	cg21690631	0.0060450762991653	0.401052312956214	TPK1
chr7	157690733	157690733	cg00501869	0.0060731274606374	0.402025008813017	PTPRN2
chr7	128481296	128481296	cg10290200	0.0061065470805029	0.403133448777307	FLNC
chr7	141489330	141489330	cg11327235	0.0061243831391268	0.403609217455423	
chr7	1482164	1482164	cg22657015	0.0061496979727757	0.404575350000753	MICALL2
chr7	4049967	4049967	cg19230787	0.0061565846673425	0.404628159953049	SDK1
chr7	55517045	55517045	cg24399349	0.0061558453070293	0.404628159953049	VOPP1
chr7	64029999	64029999	cg26335633	0.0061729572604432	0.404914928009524	RP11-561N12.5
chr7	212939	212939	cg18532208	0.0062035835125112	0.405765717000177	FAM20C
chr7	4169630	4169630	cg13818127	0.0062274941897055	0.406532385369278	SDK1
chr7	157345090	157345090	cg14051111	0.0062643050521487	0.407565330650492	PTPRN2
chr7	151553868	151553868	cg00491428	0.0062895757022817	0.408311160453674	PRKAG2
chr7	979644	979644	cg21619637	0.0063030367693247	0.408778890733764	ADAP1,COX19
chr7	56515753	56515753	cg03122674	0.0063298902022094	0.409432884071273	RP13-492C18.2
chr7	2752217	2752217	cg26603629	0.00633341044297	0.409471206291849	AMZ1
chr7	2855704	2855704	cg06173857	0.0063446630164099	0.409646731973782	GNA12
chr7	5323393	5323393	cg00428487	0.0063616014922782	0.410106157820104	SLC29A4
chr7	94287186	94287186	cg12397924	0.0063869184393768	0.410673153046184	PEG10
chr7	1950404	1950404	cg03354898	0.0064070276114272	0.411127638762229	MAD1L1
chr7	48494520	48494520	cg06347454	0.0064160239809091	0.411278362264274	ABCA13
chr7	2020529	2020529	cg25315312	0.0064233062820158	0.411524124705323	MAD1L1
chr7	1477191	1477191	cg15018486	0.0064490398937141	0.412445280368365	MICALL2
chr7	208986	208986	cg00717279	0.0064565951455111	0.412546026236401	FAM20C
chr7	92238087	92238087	cg07413467	0.006469857097472	0.412830774354672	CDK6
chr7	99667726	99667726	cg11096575	0.0064756765945611	0.413073599534584	ZNF3
chr7	127837797	127837797	cg16363154	0.0065153854934248	0.4140636203971	
chr7	6189539	6189539	cg05565114	0.0065242565211905	0.414368909536457	USP42
chr7	2805124	2805124	cg22859370	0.0065235105819495	0.414368909536457	AMZ1,GNA12
chr7	156755714	156755714	cg21898343	0.0065362269636147	0.414587832900448	NOM1
chr7	128512723	128512723	cg18454760	0.0065479832797959	0.414992412136885	KCP
chr7	55411386	55411386	cg15194902	0.006575341822225	0.415937422338286	RP11-775L16.1
chr7	134933830	134933830	cg12862977	0.006586405455664	0.416290525166064	STRA8
chr7	186559	186559	cg23190268	0.0066170035888427	0.417398331784812	AC093627.12
chr7	100489983	100489983	cg16616348	0.006628146435002	0.417835326180469	ACHE
chr7	2657120	2657120	cg08802482	0.0066368683676766	0.418056648754299	
chr7	1059628	1059628	cg01105362	0.0066386528291185	0.41810599882932	C7orf50
chr7	30185777	30185777	cg08972170	0.0066440645338956	0.418218919527772	MTURN
chr7	158220991	158220991	cg01707076	0.0066574296754257	0.418342384359792	PTPRN2
chr7	47541543	47541543	cg06114556	0.0066702952890478	0.41873667584866	TNS3
chr7	48685183	48685183	cg19237530	0.0067436458842275	0.420474412125828	ABCA13
chr7	53103576	53103576	cg14794023	0.0067841260242108	0.421610064971661	POM121L12
chr7	151481206	151481206	cg18107623	0.0068162932363138	0.422195754874505	PRKAG2
chr7	23349179	23349179	cg14988239	0.0068469249403399	0.422932334819588	MALSU1
chr7	47413617	47413617	cg22379472	0.0068642354426979	0.423111196287956	TNS3
chr7	157294503	157294503	cg09138780	0.0069346700312303	0.425046206203376	AC006372.5
chr7	212540	212540	cg13618967	0.0069558917512199	0.425632016506513	FAM20C
chr7	2017486	2017486	cg14394327	0.0069562247196168	0.425632016506513	MAD1L1
chr7	2124459	2124459	cg08858130	0.0069848081005436	0.426623315214123	MAD1L1
chr7	550641	550641	cg07393369	0.0070071217380135	0.427281717689915	PDGFA
chr7	70085368	70085368	cg26804932	0.0070093624601137	0.427310746242069	AUTS2
chr7	2006518	2006518	cg00183100	0.0070306024618957	0.427760422470732	MAD1L1
chr7	150119099	150119099	cg10509188	0.0070306742255597	0.427760422470732	
chr7	127911968	127911968	cg20372230	0.0070460728529833	0.42819757693292	
chr7	131288554	131288554	cg22120373	0.0070516215173138	0.428339555899594	
chr7	1481681	1481681	cg23990814	0.0070888639134083	0.429649031618633	MICALL2
chr7	92533867	92533867	cg18263166	0.0071016496562953	0.429963266869054	AC002454.1
chr7	1912335	1912335	cg27212520	0.007131081846569	0.430770147262693	MAD1L1
chr7	47384079	47384079	cg11460832	0.0071375091336942	0.431011200426019	TNS3
chr7	154997361	154997361	cg06114334	0.0071654128330943	0.431938200319914	
chr7	5322584	5322584	cg23738353	0.0072026230567145	0.433087456516219	SLC29A4
chr7	212882	212882	cg14016031	0.00724279691359	0.43431575444923	FAM20C
chr7	55257947	55257947	cg15692229	0.0072635445003982	0.43465445726903	EGFR
chr7	47193872	47193872	cg16564132	0.0072584563046112	0.43465445726903	
chr7	94285397	94285397	cg16761035	0.007276697517709	0.435005289262822	SGCE
chr7	151504864	151504864	cg17192599	0.0073107813917635	0.435993856194402	PRKAG2,RP13-452N2.1
chr7	1615335	1615335	cg13724248	0.007334518926675	0.436587317504076	PSMG3-AS1
chr7	553811	553811	cg20070933	0.0073421468056115	0.436823484480518	PDGFA
chr7	124405758	124405758	cg17152484	0.0073798803122444	0.437665777080854	
chr7	155599780	155599780	cg20521696	0.0074178297508846	0.438423909674217	SHH
chr7	158749204	158749204	cg04132809	0.0074345911733871	0.43876115626119	WDR60
chr7	2768988	2768988	cg13137809	0.0074372514506043	0.438765066041653	AMZ1,GNA12
chr7	151377792	151377792	cg09403494	0.007438854652687	0.438795775076531	PRKAG2
chr7	144273838	144273838	cg21073826	0.0074403211468662	0.438851291233655	TPK1
chr7	148287713	148287713	cg26866014	0.0074481880003531	0.438942712892892	C7orf33
chr7	1027033	1027033	cg01842807	0.0075182855731173	0.440813344498501	CYP2W1
chr7	129777264	129777264	cg17310428	0.0075412995695792	0.441441075372269	
chr7	101938116	101938116	cg09223851	0.0075714774511042	0.442490649580688	SH2B2
chr7	68326123	68326123	cg01382768	0.0075800969534701	0.442647229288928	
chr7	47711150	47711150	cg21156970	0.0075825757950105	0.442663706321671	
chr7	127774800	127774800	cg14592072	0.0076004953640174	0.443029644177529	
chr7	51545565	51545565	cg20250336	0.0076555398023826	0.443959660317637	
chr7	1514031	1514031	cg00645755	0.0076773692100711	0.44416581882617	INTS1
chr7	44786125	44786125	cg03696592	0.0076959968014432	0.444636283849344	
chr7	1491788	1491788	cg10583473	0.0077097799980134	0.444973729173723	MICALL2
chr7	105439677	105439677	cg03511856	0.0077188661665068	0.445129097402974	ATXN7L1
chr7	47578961	47578961	cg06871974	0.0077292050858982	0.445233551884372	TNS3
chr7	154453651	154453651	cg05491383	0.0077689932618417	0.446294524626448	DPP6
chr7	29316555	29316555	cg01617933	0.0077970590749728	0.446908035893771	CHN2
chr7	1035351	1035351	cg22599005	0.0078283380913111	0.44751865494361	
chr7	158770705	158770705	cg26317888	0.0078318484932388	0.447596812149612	
chr7	5273407	5273407	cg09085524	0.0078729737584226	0.448547238852753	WIPI2
chr7	150139871	150139871	cg19097494	0.0078680302928982	0.448547238852753	LINC00996
chr7	18329562	18329562	cg16475478	0.007896310806782	0.449068877657073	HDAC9
chr7	2754219	2754219	cg17315247	0.0079081197845316	0.449526242302896	AMZ1
chr7	156734155	156734155	cg14413117	0.0079133683176191	0.449671596827613	
chr7	47384300	47384300	cg05395058	0.0079299395547682	0.450123348890734	TNS3
chr7	551601	551601	cg02152290	0.0079548505028973	0.450770118382276	PDGFA
chr7	2702852	2702852	cg13676996	0.0079717612327606	0.451217909734913	TTYH3
chr7	155674731	155674731	cg27032056	0.0080145030433421	0.451985426359404	
chr7	143042742	143042742	cg27085741	0.008077724533203	0.453388940809264	CLCN1
chr7	157333010	157333010	cg02818143	0.0081017537181435	0.453984062955488	PTPRN2
chr7	29690023	29690023	cg01854228	0.0081469692623563	0.455231640239197	DPY19L2P3,ZNRF2P2
chr7	2622628	2622628	cg06660937	0.0081474803017333	0.455231640239197	IQCE
chr7	53255066	53255066	cg05522145	0.0081514075029835	0.455300474150668	
chr7	156031603	156031603	cg05774141	0.0081640141846415	0.455578168702786	
chr7	5338736	5338736	cg11554529	0.0081809618128462	0.455764031863944	SLC29A4
chr7	537828	537828	cg02664177	0.0082023731484374	0.456161877154318	PDGFA
chr7	117119424	117119424	cg26635219	0.0082237628140793	0.456594286657498	CFTR
chr7	102558323	102558323	cg19370689	0.0082285155028976	0.456797442166241	FBXL13,LRRC17
chr7	151664072	151664072	cg21565299	0.0082367311292449	0.457132011052478	GALNTL5
chr7	157209062	157209062	cg23564939	0.0083991381099589	0.460661110681986	DNAJB6
chr7	4212385	4212385	cg22957142	0.0084271340391752	0.461553252007762	SDK1
chr7	136553883	136553883	cg07664198	0.0084603692768744	0.462265192249311	CHRM2,hsa-mir-490
chr7	98245831	98245831	cg00548268	0.0085066018401241	0.463004975176487	
chr7	142490980	142490980	cg05170071	0.0085098157117312	0.463004975176487	
chr7	29084205	29084205	cg11189257	0.0085287208926656	0.463369322467551	CPVL
chr7	101959150	101959150	cg27275553	0.008563218832464	0.46415068576115	SH2B2
chr7	144262949	144262949	cg01173941	0.0085838025584076	0.464790990197717	TPK1
chr7	99145669	99145669	cg06523307	0.0085843727697381	0.464790990197717	FAM200A
chr7	92243191	92243191	cg05517400	0.0086051768819751	0.465373935764789	CDK6
chr7	2196808	2196808	cg22146642	0.0086077821639112	0.465478859230659	MAD1L1
chr7	158217673	158217673	cg00293128	0.0086835241655109	0.467456522505447	PTPRN2
chr7	127671034	127671034	cg26595520	0.0087412136492791	0.468562013474784	LRRC4,SND1
chr7	152622369	152622369	cg02432280	0.0087432638645072	0.468579037994032	
chr7	157504135	157504135	cg14168080	0.0087436406259363	0.468579037994032	PTPRN2
chr7	47579218	47579218	cg04089246	0.0087583506400115	0.468916131996988	TNS3
chr7	148334634	148334634	cg22844849	0.008769249102979	0.4691087794667	AC005229.7
chr7	553423	553423	cg20063728	0.0087986413515878	0.469928791026234	PDGFA
chr7	158856819	158856819	cg24511953	0.0088573435616938	0.470997280689005	VIPR2
chr7	158798630	158798630	cg08082879	0.0088813473660288	0.471722194465222	
chr7	97841941	97841941	cg07740640	0.0088832269728471	0.471762037458053	BHLHA15
chr7	127672236	127672236	cg04153784	0.0088864959821503	0.471765774203059	SND1
chr7	127896860	127896860	cg24862443	0.0089105437368585	0.472511813596231	LEP
chr7	157345453	157345453	cg22770560	0.008915357147603	0.472598854567739	PTPRN2
chr7	128355263	128355263	cg06719448	0.0089489334507478	0.473265784533114	FAM71F1
chr7	2766215	2766215	cg14605117	0.0089610418790227	0.473465642944434	AMZ1
chr7	74564032	74564032	cg14018339	0.0089668952007648	0.473529932191185	GTF2IRD2B
chr7	51544475	51544475	cg20478239	0.0089826367262565	0.473968046714242	
chr7	5084769	5084769	cg03684644	0.0089890365164215	0.474155925419535	RBAK-RBAKDN
chr7	12443886	12443886	cg20607287	0.0089964643574428	0.474279723789931	
chr7	28887697	28887697	cg10822038	0.0090295503833805	0.475013620500532	
chr7	157340507	157340507	cg23631556	0.009031826437587	0.475047665169271	PTPRN2
chr7	153584840	153584840	cg03532926	0.009044707883572	0.47544588717231	DPP6
chr7	151565596	151565596	cg26407811	0.0091230014858029	0.476707214812107	PRKAG2
chr7	1908314	1908314	cg06857018	0.0091316940568568	0.476892960180838	MAD1L1
chr7	52341470	52341470	cg15078822	0.0091384121169035	0.476945638119844	
chr7	55072407	55072407	cg12343106	0.0092709695300118	0.480305193294351	
chr7	158114659	158114659	cg03480698	0.00934699306891	0.481809170795513	PTPRN2
chr7	158669943	158669943	cg11974068	0.0093749400469025	0.482359027269104	WDR60
chr7	2316906	2316906	cg20185615	0.0094230026058245	0.483598501974369	SNX8
chr7	150485639	150485639	cg07698196	0.0094250296613756	0.483631566352578	RP5-1051J4.4
chr7	2313805	2313805	cg06077405	0.0094345022576687	0.483873888076976	SNX8
chr7	55225134	55225134	cg21808635	0.0094920830631524	0.484973162075883	EGFR
chr7	56242555	56242555	cg01285926	0.0095013213196795	0.485156283380563	
chr7	158110686	158110686	cg18407955	0.0095303609109358	0.485952684873589	PTPRN2
chr7	5647787	5647787	cg01687558	0.0095493041374178	0.48635778530004	
chr7	119914283	119914283	cg24899806	0.009567327831234	0.486830536619924	KCND2
chr7	116963500	116963500	cg17339147	0.0095708874949013	0.486933841377424	
chr7	1491280	1491280	cg08937407	0.0096074400295778	0.487773164355332	MICALL2
chr7	1896220	1896220	cg25397636	0.0096604295838993	0.48906561440036	MAD1L1
chr7	134931082	134931082	cg13951268	0.0096767560614592	0.489653758975972	STRA8
chr7	2025799	2025799	cg23729427	0.0098174562205933	0.492632319542131	MAD1L1
chr7	157341619	157341619	cg08572454	0.0098353942354105	0.492797968615499	PTPRN2
chr7	2644444	2644444	cg20978460	0.0098385687375586	0.492797968615499	IQCE
chr7	2163380	2163380	cg19897017	0.0098555905644963	0.492937197670595	MAD1L1
chr7	132109852	132109852	cg13617733	0.0098819995823358	0.493464374385452	PLXNA4
chr7	20830658	20830658	cg04427498	0.0099056173930049	0.493905647849117	
chr7	19813300	19813300	cg04111071	0.0099117687743637	0.494024693535184	
chr7	5345084	5345084	cg09904616	0.0099379920864782	0.494564899634313	SLC29A4
chr7	151491914	151491914	cg10608858	0.0099403165125662	0.494565556750037	PRKAG2
chr7	128492992	128492992	cg24606273	0.0099763916533214	0.495247100130837	FLNC,RP11-309L24.2
chr7	150389906	150389906	cg04667180	0.0099857822153326	0.495389443099429	GIMAP2
chr7	55063855	55063855	cg19961980	0.0100340995825598	0.496619028609336	
chr7	2020501	2020501	cg17633015	0.0100678245715453	0.49727582086969	MAD1L1
chr7	150739713	150739713	cg00373422	0.0100703139309626	0.497285332282445	ABCB8
chr7	132192778	132192778	cg01724941	0.0100855151223247	0.497464118046249	PLXNA4
chr7	1909417	1909417	cg04101342	0.0100898612996622	0.497464684220012	MAD1L1
chr7	157602725	157602725	cg04214710	0.0101364361890372	0.49839406974578	PTPRN2
chr7	94286670	94286670	cg20041873	0.0101561643421954	0.498627963428541	PEG10
chr7	2028754	2028754	cg02578462	0.0101727955559942	0.498936686189735	MAD1L1
chr7	1937739	1937739	cg06329547	0.0101742768707872	0.498962449610016	MAD1L1
chr7	121513277	121513277	cg26235215	0.0101829859562535	0.499067275460214	PTPRZ1
chr7	151301838	151301838	cg04900366	0.010186723838746	0.499133951479343	PRKAG2
chr7	155599467	155599467	cg20262306	0.0101966222842726	0.499293248789803	SHH
chr7	6887836	6887836	cg01535547	0.010205874131003	0.499427209672105	
chr7	2128721	2128721	cg05400618	0.0102203939728621	0.499493055319735	MAD1L1
chr7	68326146	68326146	cg05801902	0.01023363963904	0.499760062866684	
chr7	184010	184010	cg23884358	0.0102332881530147	0.499760062866684	AC093627.12
chr7	37734052	37734052	cg26065247	0.010244072155915	0.499813892364689	EPDR1,GPR141
chr7	63386815	63386815	cg22695986	0.0102480105994057	0.499937024437511	
chr8	496527	496527	cg00066748	1.91600535264396e-05	0.054171566000017	
chr8	4980498	4980498	cg11875917	6.98133813932383e-06	0.054171566000017	
chr8	16885001	16885001	cg12097222	1.69245941696713e-05	0.054171566000017	MICU3
chr8	55087400	55087400	cg20636351	2.60030742371199e-06	0.054171566000017	
chr8	1895559	1895559	cg20690085	2.23159855528071e-05	0.054171566000017	ARHGEF10
chr8	4980735	4980735	cg26367366	1.2872855229791e-05	0.054171566000017	
chr8	89340069	89340069	cg05033271	2.77617380893182e-05	0.0543206248802127	MMP16,RP11-586K2.1
chr8	1639564	1639564	cg10605694	3.11930747483767e-05	0.0543707177967035	DLGAP2
chr8	19174317	19174317	cg13209892	3.26765378931523e-05	0.0543707177967035	SH2D4A
chr8	11205167	11205167	cg05362548	4.16388072796905e-05	0.0556883318141202	TDH
chr8	688418	688418	cg26777883	4.20820847043023e-05	0.0556883318141202	ERICH1-AS1
chr8	156477	156477	cg09988752	4.59380791788195e-05	0.0566307404953852	
chr8	1893793	1893793	cg03923966	4.97200022837998e-05	0.0574970328465066	ARHGEF10
chr8	55087084	55087084	cg11783602	5.2717813777604e-05	0.0578403073828547	
chr8	2669421	2669421	cg02973680	6.17719953393334e-05	0.0595530723273388	GS1-57L11.1
chr8	31497042	31497042	cg04555373	7.08368219600113e-05	0.0615974473485097	NRG1
chr8	55242836	55242836	cg00063246	7.44722969898345e-05	0.0621912105819887	
chr8	24191759	24191759	cg20551671	7.66796118040683e-05	0.0623792825281725	ADAM28,RP11-624C23.1
chr8	19215410	19215410	cg25252858	8.10640990885395e-05	0.0632295431484496	SH2D4A
chr8	142437184	142437184	cg27266381	8.55381001138973e-05	0.0640992769774896	PTP4A3
chr8	19471332	19471332	cg01752856	8.70207735968618e-05	0.0643983805620442	CSGALNACT1
chr8	55087324	55087324	cg06042504	9.11124455531927e-05	0.0652244226631007	
chr8	1895008	1895008	cg10195336	0.0001024128146921	0.0684186937300488	ARHGEF10
chr8	37823292	37823292	cg27498114	0.0001050426540022	0.0691335851215993	ADRB3
chr8	85095395	85095395	cg16020747	0.0001094776842209	0.0696123059308314	RALYL
chr8	55533939	55533939	cg10993470	0.0001101716680384	0.069656047044504	RP1
chr8	156495	156495	cg10859897	0.0001377213204948	0.0752242586824492	
chr8	141110748	141110748	cg00155882	0.0001401002748497	0.0757025401049975	TRAPPC9
chr8	31497082	31497082	cg03430846	0.0001566738825143	0.0780914605796827	NRG1
chr8	112482696	112482696	cg01998058	0.0001617404020071	0.079106423455981	RP11-1101K5.1
chr8	19203257	19203257	cg12622242	0.0001702433722935	0.0809891155389328	SH2D4A
chr8	145022843	145022843	cg16001422	0.0001739005440593	0.0816929965086444	PLEC
chr8	18525382	18525382	cg14337472	0.0001756015899707	0.0822731366349932	PSD3
chr8	142435659	142435659	cg05136956	0.0002065943027605	0.0879182420144095	PTP4A3
chr8	1893906	1893906	cg03240966	0.0002157026678381	0.0895638133490331	ARHGEF10
chr8	139402000	139402000	cg07877645	0.0002348352476009	0.0929122815424882	FAM135B
chr8	33847505	33847505	cg01990257	0.0002577478889039	0.0966842770297367	RP1-273G13.3,RP11-317N12.1
chr8	24240597	24240597	cg14143055	0.0002591304561702	0.0969417132524834	RP11-624C23.1
chr8	19459996	19459996	cg17470251	0.0002763319394181	0.0998445145153462	CSGALNACT1
chr8	9760877	9760877	cg21535000	0.0002861542756807	0.101222053396222	LINC00599
chr8	495737	495737	cg05142982	0.0002941141475562	0.102348735721469	TDRP
chr8	142278585	142278585	cg00177657	0.0003026546153856	0.103833021097169	SLC45A4
chr8	142438037	142438037	cg12847125	0.0003107065434676	0.104748574920556	PTP4A3
chr8	111214984	111214984	cg02173067	0.0003486972448031	0.11075028091825	
chr8	1817899	1817899	cg02475948	0.0003507789848335	0.111123110988364	ARHGEF10
chr8	22408989	22408989	cg23563443	0.0003859376913666	0.115267183763921	SORBS3
chr8	26047806	26047806	cg04675946	0.0003933272597849	0.116268707118034	
chr8	106332189	106332189	cg08003628	0.0004003031501998	0.117480469997646	RP11-127H5.1,ZFPM2
chr8	37699360	37699360	cg12869334	0.000409150220395	0.118497234409094	GPR124
chr8	144363918	144363918	cg26532430	0.0004171651228254	0.119117526892275	
chr8	56755247	56755247	cg20677078	0.0004570455246072	0.123761409424073	
chr8	141110260	141110260	cg03803002	0.0004865984158653	0.127270762306149	TRAPPC9
chr8	142432242	142432242	cg18675600	0.0004865426383116	0.127270762306149	PTP4A3
chr8	97340189	97340189	cg14914552	0.0004885503305291	0.127370015151244	PTDSS1
chr8	93115505	93115505	cg01806520	0.0004900171899389	0.127403554319345	RUNX1T1
chr8	65711369	65711369	cg15160198	0.0004974470828222	0.12821794488292	
chr8	19041619	19041619	cg09521575	0.0004991412363272	0.128411483833325	RP11-1080G15.1
chr8	141108998	141108998	cg22502459	0.0005014832734776	0.128496529779253	TRAPPC9
chr8	27779152	27779152	cg06065245	0.0005186460762386	0.130461742635277	SCARA5
chr8	26365403	26365403	cg22861744	0.0005231247439288	0.131045131120915	PNMA2
chr8	19065636	19065636	cg00201595	0.0005264359248161	0.131589133530041	RP11-1080G15.1
chr8	142436030	142436030	cg23286173	0.0005296365273865	0.131964842075678	PTP4A3
chr8	1105845	1105845	cg11692435	0.0005349152613671	0.132415840151231	CTD-2281E23.2
chr8	37605517	37605517	cg13346869	0.0005413661514972	0.132973598189015	ERLIN2,RP11-863K10.4
chr8	1894604	1894604	cg21161403	0.0005850131225664	0.138013203120812	ARHGEF10
chr8	1458119	1458119	cg04007792	0.0005895548551618	0.138614916289328	DLGAP2
chr8	37699239	37699239	cg05552035	0.0006070142763018	0.140048321573603	GPR124
chr8	37699507	37699507	cg12424646	0.0006122494601584	0.140665914582041	GPR124
chr8	142215737	142215737	cg09940032	0.0006134136357339	0.140700110526523	
chr8	134230102	134230102	cg10191240	0.000618482557043	0.141242276546553	WISP1
chr8	18608616	18608616	cg11186179	0.0006222409264839	0.141450133948415	PSD3
chr8	1505031	1505031	cg09418861	0.0006276681276781	0.142145867798352	DLGAP2
chr8	2741025	2741025	cg10350607	0.0006420864163968	0.143817410432545	
chr8	144649511	144649511	cg13462219	0.0006515455783566	0.144833484825475	MROH6
chr8	65290484	65290484	cg07792478	0.0006521292155415	0.144888583568508	LINC00966
chr8	1921165	1921165	cg13316543	0.0006736381872922	0.146976445359514	KBTBD11-OT1,RP11-439C15.4
chr8	15094107	15094107	cg06895767	0.0006868376627685	0.148501906361832	SGCZ
chr8	61822429	61822429	cg17498803	0.0007017987332096	0.149667533053566	
chr8	105479319	105479319	cg14015441	0.0007113075108159	0.150470448351584	
chr8	91094472	91094472	cg18335796	0.0007131151523133	0.150575077906063	CALB1
chr8	65498812	65498812	cg14298200	0.0007383239783769	0.153084302584421	
chr8	8749074	8749074	cg01022370	0.0007835704390742	0.156981848472175	MFHAS1
chr8	1814958	1814958	cg17717972	0.0008009825500253	0.158636228414884	ARHGEF10
chr8	93655007	93655007	cg04687515	0.0008369328187445	0.162404626370704	RP11-587H10.2
chr8	53326305	53326305	cg06691343	0.0008426771743779	0.162897448466306	ST18
chr8	55088456	55088456	cg24706188	0.000869319560442	0.165385324182356	
chr8	983895	983895	cg01695706	0.0008728909597535	0.165579006140333	ERICH1-AS1
chr8	22409270	22409270	cg22321237	0.0009007184136179	0.168067175353521	SORBS3
chr8	12869510	12869510	cg01028360	0.0009021952457049	0.168068049781237	KIAA1456
chr8	103751007	103751007	cg05288172	0.0009398797151894	0.171206078760729	
chr8	19095448	19095448	cg06772863	0.0009618522825427	0.173407383122267	RP11-1080G15.1,RP11-618M23.1
chr8	32441430	32441430	cg17661135	0.0009647308615752	0.173523292309043	NRG1
chr8	91094847	91094847	cg26290632	0.0009878189665162	0.175606253738583	CALB1
chr8	97340226	97340226	cg09267188	0.00101498455816	0.17823602420156	PTDSS1
chr8	102669360	102669360	cg23627353	0.0010258596949247	0.179276341160275	GRHL2
chr8	143125722	143125722	cg11827514	0.0010264003524368	0.179281039302299	
chr8	1113812	1113812	cg02640497	0.0010707536104216	0.182523514513745	CTD-2281E23.2
chr8	28258841	28258841	cg22230538	0.0010706205583114	0.182523514513745	FBXO16,ZNF395
chr8	19468556	19468556	cg03957420	0.0010737495586522	0.182695456124234	CSGALNACT1
chr8	3016641	3016641	cg19884629	0.0010798194465264	0.182925148742135	CSMD1
chr8	86414554	86414554	cg12109797	0.0011321709441817	0.187507170960528	
chr8	103751000	103751000	cg23958704	0.0012071861873268	0.193153027016282	
chr8	9760880	9760880	cg12877251	0.0012117829657589	0.19342975220921	LINC00599
chr8	493636	493636	cg02341578	0.0012522653921169	0.196010858098988	TDRP
chr8	143125637	143125637	cg15410835	0.0012649101768671	0.197030220788775	
chr8	68864524	68864524	cg17459204	0.0012890495229554	0.198770907593496	PREX2
chr8	1894814	1894814	cg10119564	0.0013467486222757	0.202782765606514	ARHGEF10
chr8	1812709	1812709	cg07313340	0.0013605582655619	0.203577887932317	ARHGEF10
chr8	37000787	37000787	cg21293455	0.0013602705934125	0.203577887932317	
chr8	105379727	105379727	cg11147215	0.0013932386462931	0.205995635559024	DPYS
chr8	24772513	24772513	cg26980244	0.0013979538339286	0.206363027670012	NEFM
chr8	1772265	1772265	cg06458358	0.0014041713064189	0.20680680552334	ARHGEF10
chr8	141109051	141109051	cg13713522	0.0014111501355334	0.207468872460603	TRAPPC9
chr8	1697409	1697409	cg26347162	0.001425868017908	0.208641280362925	
chr8	91618103	91618103	cg19272438	0.0014369853715895	0.209607162180237	AB015752.3,LINC01030
chr8	26048066	26048066	cg04064160	0.0014446873349231	0.210067059817551	
chr8	790768	790768	cg20823730	0.001455477815301	0.210728862369297	ERICH1-AS1
chr8	923949	923949	cg17176558	0.0014863872310621	0.212800213669455	ERICH1-AS1
chr8	106331996	106331996	cg15449956	0.0015099106182229	0.214042140214766	RP11-127H5.1,ZFPM2
chr8	22844396	22844396	cg17466952	0.0015108833824906	0.214131888782105	PEBP4,RP11-875O11.1
chr8	105379603	105379603	cg11421509	0.0015243546260031	0.214820119142047	DPYS
chr8	129061192	129061192	cg01940297	0.0015510434506592	0.216744960112251	PVT1
chr8	145731409	145731409	cg15640870	0.0015554519410574	0.217096062964957	GPT
chr8	144730515	144730515	cg08382124	0.0015795647973367	0.218320212278356	ZNF623
chr8	22461397	22461397	cg01793387	0.0015863853751278	0.21863891343344	C8orf58
chr8	144331911	144331911	cg24491369	0.0016274040245806	0.220784235115593	ZFP41
chr8	4849827	4849827	cg23495279	0.0017060174950539	0.225224413948668	CSMD1
chr8	96280556	96280556	cg00219816	0.0017138919797437	0.226040280457554	C8orf37,KB-1047C11.2
chr8	18527695	18527695	cg23283590	0.0017296781746982	0.227047167742042	PSD3
chr8	26367089	26367089	cg00021152	0.0017590014851809	0.229070233407916	PNMA2
chr8	16884550	16884550	cg18577280	0.0017590356409555	0.229070233407916	
chr8	143782586	143782586	cg10802543	0.0017728729814068	0.229563164831153	LY6K
chr8	69244511	69244511	cg21479226	0.0018227489484808	0.233039038887085	C8orf34
chr8	141108113	141108113	cg00766368	0.001832020825891	0.233635332867077	TRAPPC9
chr8	25897763	25897763	cg05748163	0.001833580115287	0.233708446021935	EBF2
chr8	19319171	19319171	cg09816366	0.0018485263096068	0.234682495039744	CSGALNACT1
chr8	120220485	120220485	cg23130097	0.0018553302855029	0.234936772090753	MAL2
chr8	142437899	142437899	cg02059849	0.0018606691792132	0.235294377068744	PTP4A3
chr8	1308546	1308546	cg26535325	0.0018816244378273	0.236555041368321	
chr8	105340821	105340821	cg05898881	0.0018913351489229	0.237375632316165	
chr8	31497464	31497464	cg24946597	0.0018956622860178	0.237561804158396	NRG1
chr8	1145806	1145806	cg13715901	0.0019373795321322	0.240445177429123	CTD-2281E23.2
chr8	1497307	1497307	cg18437193	0.0019588908810994	0.241464735267456	DLGAP2
chr8	145162483	145162483	cg22147598	0.0019775655902934	0.242728016077838	MAF1,SHARPIN
chr8	143397324	143397324	cg09940006	0.0019787633013189	0.242803674217984	TSNARE1
chr8	33866594	33866594	cg02943456	0.00198039825872	0.242897256640731	RP1-273G13.3,RP11-317N12.1
chr8	711086	711086	cg20387695	0.0020024600253416	0.244026701854086	ERICH1-AS1
chr8	120220411	120220411	cg26902216	0.0020292308361999	0.245783192773624	MAL2
chr8	69243486	69243486	cg22001496	0.0020680870965545	0.247952366261336	C8orf34,RP11-664D7.4
chr8	20676123	20676123	cg07356515	0.0020765494654126	0.248381362130529	
chr8	114389356	114389356	cg00417291	0.0021038453416245	0.249616694988793	CSMD3,RP11-709P2.1
chr8	22409000	22409000	cg13951572	0.0021718865080901	0.253753499274033	SORBS3
chr8	123795434	123795434	cg01801603	0.0021836211209894	0.254326379791854	ZHX2
chr8	12957094	12957094	cg22095507	0.0021996753250688	0.254887634765343	DLC1
chr8	55088102	55088102	cg18172013	0.0022264231280395	0.25618402123456	
chr8	142437129	142437129	cg05105646	0.0022518353426622	0.257688314731656	PTP4A3
chr8	26047996	26047996	cg19889626	0.0023319484899766	0.262257557601742	
chr8	41542140	41542140	cg17103638	0.0023458799188709	0.263045247160658	ANK1
chr8	71381217	71381217	cg03706086	0.0023766494138097	0.264764002871247	
chr8	116599383	116599383	cg23304762	0.0023860282087114	0.265303597607359	TRPS1
chr8	91072389	91072389	cg25492971	0.0023931509154397	0.265633054227736	CALB1
chr8	9760869	9760869	cg10866298	0.0023997742567083	0.265977049946541	LINC00599
chr8	143761504	143761504	cg02141940	0.0024217802425216	0.267347532963895	JRK,PSCA
chr8	1048841	1048841	cg22346032	0.0024311972572713	0.267689334070885	ERICH1-AS1
chr8	1818253	1818253	cg08427854	0.0024994357816142	0.271216415419512	ARHGEF10
chr8	61823027	61823027	cg20904475	0.0024992472353076	0.271216415419512	AC022182.1
chr8	143398776	143398776	cg08856841	0.002537698041825	0.272834678903522	TSNARE1
chr8	962468	962468	cg07796977	0.0025691109059699	0.273801620470278	ERICH1-AS1
chr8	145023014	145023014	cg03280622	0.0026185992325146	0.276270486898545	PLEC
chr8	98290362	98290362	cg08858210	0.0026656025049007	0.278555795212527	
chr8	688133	688133	cg23156916	0.0026697768197439	0.278817619829576	ERICH1-AS1
chr8	54164052	54164052	cg11701471	0.0027474116298662	0.283033202970517	OPRK1
chr8	145578113	145578113	cg21553145	0.0027855534335583	0.284541319883273	GS1-393G12.13,SLC52A2,TMEM249
chr8	521182	521182	cg22870667	0.0028180960173702	0.28595524596968	
chr8	142405052	142405052	cg24911891	0.0028263210414395	0.286290179904391	PTP4A3
chr8	1892271	1892271	cg02368706	0.0028408583177978	0.287139347074007	ARHGEF10
chr8	54164374	54164374	cg25614094	0.0028756764030936	0.288421815290909	
chr8	143752436	143752436	cg02723063	0.0028907286845789	0.288950666421393	JRK,PSCA
chr8	4441860	4441860	cg17307919	0.0029074443092166	0.289746704743223	CSMD1
chr8	106330540	106330540	cg01546729	0.0029108645334705	0.29000125805408	RP11-127H5.1
chr8	114389388	114389388	cg02292450	0.0029209187780193	0.290483286103469	CSMD3,RP11-709P2.1
chr8	22409254	22409254	cg20568227	0.003041681681957	0.296943063384741	SORBS3
chr8	12869723	12869723	cg05238386	0.0030848859347787	0.299172250995044	KIAA1456
chr8	94892614	94892614	cg10558233	0.0030899112906468	0.299377354965532	PDP1
chr8	24772333	24772333	cg20585869	0.0030940794880699	0.299628969407915	NEFM
chr8	41518139	41518139	cg10715527	0.0031109447038235	0.300613339619648	ANK1
chr8	65711659	65711659	cg01510388	0.0031251279596313	0.30136759102716	
chr8	61194236	61194236	cg08623062	0.0031401501014264	0.302034131231847	
chr8	114389438	114389438	cg23676042	0.0031794919758894	0.303669835948875	CSMD3,RP11-709P2.1
chr8	68864770	68864770	cg06617456	0.0031822332098303	0.303811986906151	PREX2
chr8	143616588	143616588	cg22258527	0.003192202211599	0.30420747550905	BAI1
chr8	8748793	8748793	cg03899721	0.0032593473529908	0.307177398694546	MFHAS1
chr8	145578141	145578141	cg25862768	0.0032634485387727	0.307416637304186	GS1-393G12.13,SLC52A2,TMEM249
chr8	9760855	9760855	cg16424920	0.0032646093980463	0.307425297179973	LINC00599
chr8	65294636	65294636	cg27272679	0.003396897855964	0.312821207294451	LINC00966
chr8	6664282	6664282	cg07362164	0.0034905486615692	0.316726191985051	
chr8	1385462	1385462	cg25057157	0.0035279236629188	0.318402733576837	
chr8	109096007	109096007	cg16845394	0.003538625151515	0.318706437771416	
chr8	9760958	9760958	cg00571033	0.0035555851959223	0.319106513478557	LINC00599
chr8	1757959	1757959	cg03411742	0.0035554148528791	0.319106513478557	
chr8	2046498	2046498	cg07744547	0.003594649423282	0.320751620094511	MYOM2
chr8	142439260	142439260	cg06402589	0.0036477447213241	0.32266466325283	PTP4A3
chr8	143086065	143086065	cg25363559	0.0036466507113782	0.32266466325283	
chr8	736572	736572	cg27627662	0.0036859356768176	0.323710558251249	ERICH1-AS1
chr8	22409634	22409634	cg03572859	0.0037138601273751	0.324849894752183	SORBS3
chr8	15094114	15094114	cg01117274	0.00374907121922	0.326008683781508	SGCZ
chr8	1890641	1890641	cg12734820	0.0037900642393378	0.327958433587767	ARHGEF10
chr8	24772345	24772345	cg17078116	0.003793721942856	0.328033124284418	NEFM
chr8	22423092	22423092	cg24805258	0.0038320592254242	0.329681013736307	SORBS3
chr8	63160257	63160257	cg09525112	0.0038395767825334	0.329932572160836	
chr8	144652042	144652042	cg11904266	0.0038502508155681	0.330351313122168	MROH6
chr8	37605717	37605717	cg21505509	0.0038509231639764	0.330351313122168	ERLIN2
chr8	10339410	10339410	cg17886471	0.0038781865076587	0.331125937821843	RP11-981G7.2
chr8	852353	852353	cg03646096	0.003990300363383	0.335756766293389	ERICH1-AS1
chr8	3974934	3974934	cg11925907	0.0040111717816485	0.336259770790053	CSMD1
chr8	65711645	65711645	cg00054210	0.0040825413005513	0.338695175270233	
chr8	1885887	1885887	cg13621836	0.0040868920289524	0.338695175270233	ARHGEF10
chr8	1895431	1895431	cg11498228	0.0041072446986212	0.339334348946254	ARHGEF10
chr8	120220799	120220799	cg14338425	0.0041318333414416	0.340242716569873	MAL2
chr8	1497078	1497078	cg26607620	0.0041468965454999	0.340787603582753	DLGAP2
chr8	68864319	68864319	cg05293738	0.004161215703965	0.341166489284401	
chr8	847576	847576	cg02730139	0.0041646174055463	0.341335736648281	ERICH1-AS1
chr8	145752292	145752292	cg00688297	0.0041834824306991	0.342007089709785	C8orf82,LRRC24
chr8	110703889	110703889	cg14745270	0.0041873349373024	0.342068329348144	SYBU
chr8	61822740	61822740	cg22340072	0.0041955634898958	0.342416421380802	AC022182.1
chr8	85096037	85096037	cg00034076	0.0042396750661153	0.344202256132245	RALYL
chr8	142439129	142439129	cg23278359	0.004240109322584	0.344202256132245	PTP4A3
chr8	144388975	144388975	cg11933583	0.0042708140414545	0.345486616498901	TOP1MT
chr8	120220463	120220463	cg13272701	0.0043592957812858	0.349013604482233	MAL2
chr8	99440280	99440280	cg14486338	0.0043692531274775	0.349311940100813	KCNS2,STK3
chr8	38831599	38831599	cg18990313	0.0044138027664633	0.351092751117079	
chr8	786398	786398	cg16897264	0.0044305529796439	0.351822125933181	ERICH1-AS1
chr8	86019187	86019187	cg06900861	0.0044846514127206	0.353496998419525	
chr8	7156744	7156744	cg22227893	0.0044898057010716	0.353694433539484	
chr8	9409864	9409864	cg18049182	0.0045139917650326	0.35420546277685	
chr8	61822817	61822817	cg26295808	0.0045250527966759	0.354437662343601	AC022182.1
chr8	1263108	1263108	cg13954161	0.0045660564872253	0.355983655805826	
chr8	88886320	88886320	cg18543993	0.0045716575578989	0.356167582355858	
chr8	1245699	1245699	cg20533754	0.0046376565920814	0.358365319298952	CTD-2281E23.1
chr8	144652049	144652049	cg24467290	0.004669873274644	0.359155449705578	MROH6
chr8	94753245	94753245	cg02931907	0.0047228767371506	0.360702910168266	RBM12B
chr8	24242110	24242110	cg13059335	0.0047834967941934	0.362745901502596	ADAMDEC1,RP11-624C23.1
chr8	2415717	2415717	cg06448284	0.0048281143888804	0.364227403760824	
chr8	142984614	142984614	cg00187981	0.0048417083726297	0.364746206215963	
chr8	140744200	140744200	cg07551054	0.0048514437506726	0.365114411871565	TRAPPC9
chr8	35979338	35979338	cg21206021	0.0048728830114194	0.365717736076307	
chr8	120221186	120221186	cg05767421	0.0048939381885284	0.366327163901465	MAL2
chr8	143413005	143413005	cg26040200	0.0049043773449529	0.366621854011927	TSNARE1
chr8	145048137	145048137	cg16720947	0.0049326551633919	0.367638609775431	PLEC
chr8	63614552	63614552	cg21047695	0.0049672384492407	0.369139921029808	NKAIN3
chr8	789978	789978	cg23548640	0.0049818386938722	0.369398862222087	ERICH1-AS1
chr8	1617617	1617617	cg11966432	0.0049851756812516	0.369552413661364	DLGAP2
chr8	144822284	144822284	cg00580965	0.0050059104312529	0.370257316184724	FAM83H-AS1
chr8	23567941	23567941	cg21231715	0.0050183840813796	0.370632798479218	RP11-175E9.1
chr8	18743899	18743899	cg06866712	0.005028464766382	0.370963204588726	PSD3
chr8	808326	808326	cg21158981	0.00503768956363	0.371270832071272	ERICH1-AS1
chr8	31497830	31497830	cg26267340	0.0052237433914211	0.376778417404994	NRG1
chr8	1328707	1328707	cg19616654	0.0052542535396027	0.377896409504273	
chr8	140990902	140990902	cg07454640	0.0053124579953936	0.379598775591823	TRAPPC9
chr8	9761454	9761454	cg12616174	0.0053121206033908	0.379598775591823	LINC00599
chr8	94753124	94753124	cg20976575	0.0053169955043257	0.379760585023137	RBM12B
chr8	3974226	3974226	cg25340432	0.0054611370708194	0.384622493777412	CSMD1
chr8	145577702	145577702	cg22453529	0.0054854226722668	0.385171007768534	GS1-393G12.13,TMEM249
chr8	53485670	53485670	cg09390022	0.0055565433290341	0.387291508002177	
chr8	142214343	142214343	cg21610957	0.0056485679212553	0.389586094670635	
chr8	41754182	41754182	cg17331296	0.0056602675595402	0.390024612645707	ANK1
chr8	22786374	22786374	cg18050520	0.005662996497638	0.390024612645707	PEBP4
chr8	11204542	11204542	cg21293242	0.0057153109945638	0.391442338835189	AF131216.5,TDH
chr8	37698621	37698621	cg02250400	0.0057340037045848	0.392035121754909	GPR124
chr8	144332526	144332526	cg26873254	0.0057845184029534	0.393632801918279	ZFP41
chr8	142440047	142440047	cg08096812	0.0058058807301863	0.39426390725745	PTP4A3
chr8	49044542	49044542	cg11491002	0.0059842012195685	0.39925294382205	
chr8	142437237	142437237	cg05973317	0.0060209165039011	0.400487069315226	PTP4A3
chr8	145048278	145048278	cg13527203	0.0060882441170491	0.402625145743808	PLEC
chr8	12285205	12285205	cg20583271	0.0061157227090872	0.403420383953022	FAM86B2
chr8	143427976	143427976	cg23890910	0.0061857093082675	0.405316552489188	TSNARE1
chr8	120220857	120220857	cg02225716	0.0062489716021724	0.407162343280026	MAL2
chr8	103750905	103750905	cg09129067	0.0063063412202438	0.408889834310006	
chr8	142350507	142350507	cg21308011	0.0063624209927084	0.410106764809085	
chr8	88886307	88886307	cg07086592	0.0064099121736951	0.411138972066063	
chr8	127569677	127569677	cg03959515	0.0064326275492208	0.411745506432019	FAM84B,RP11-103H7.5
chr8	145729800	145729800	cg09514524	0.0064570351639396	0.412546026236401	CTD-2517M22.14,GPT
chr8	28574948	28574948	cg15894748	0.0064643122899918	0.412758420464697	EXTL3
chr8	1440147	1440147	cg09896340	0.0064824160025455	0.413314134155889	
chr8	22409684	22409684	cg17142470	0.0064902902048056	0.413500586451288	SORBS3
chr8	1885575	1885575	cg25828741	0.0064933569286832	0.413601338234223	ARHGEF10
chr8	22423020	22423020	cg07924703	0.0065032677683258	0.413822426012908	SORBS3
chr8	145925314	145925314	cg20661138	0.006554758652899	0.415169835082791	
chr8	17767807	17767807	cg20742548	0.006557804349312	0.415277706373367	FGL1
chr8	74258684	74258684	cg10340048	0.0066602366467054	0.41845581592245	RP11-434I12.2
chr8	28174815	28174815	cg02787980	0.0066903022688836	0.419375313257038	PNOC,RP11-380I10.4
chr8	70602451	70602451	cg25148117	0.0066909362454299	0.419375313257038	SLCO5A1
chr8	670219	670219	cg07795888	0.0066920796568415	0.419384047355917	ERICH1
chr8	33792227	33792227	cg24299548	0.006694871844666	0.419496090036458	RP11-317N12.1
chr8	9107383	9107383	cg03185726	0.0067141163773547	0.420014026308983	RP11-115J16.1
chr8	1872336	1872336	cg01607321	0.0067315644869983	0.420439173963494	ARHGEF10
chr8	1460718	1460718	cg25398924	0.0067397698593119	0.420474412125828	DLGAP2
chr8	93091083	93091083	cg14552882	0.0067505751391479	0.420593965294943	RUNX1T1
chr8	10872820	10872820	cg16299576	0.0067734774801012	0.421261686752686	XKR6
chr8	20110405	20110405	cg05596199	0.0068185622400252	0.422242373068852	LZTS1
chr8	143474721	143474721	cg20422052	0.0068455525625152	0.422932334819588	TSNARE1
chr8	142439281	142439281	cg06411619	0.00692028447038	0.424679569797135	PTP4A3
chr8	142517807	142517807	cg15412718	0.006945996724634	0.425385717919235	
chr8	689908	689908	cg21198167	0.0069888644957729	0.426683891638662	ERICH1-AS1
chr8	38831148	38831148	cg21184369	0.0070124209095213	0.427320520045167	PLEKHA2
chr8	1809920	1809920	cg25881328	0.0070134920611061	0.427320520045167	ARHGEF10
chr8	145556953	145556953	cg00303982	0.0070716236494744	0.429008753417286	SCRT1
chr8	8182004	8182004	cg27000590	0.0071443165643535	0.431164304698042	SGK223
chr8	65286245	65286245	cg19848629	0.0071651940060626	0.431938200319914	LINC00966
chr8	1150991	1150991	cg23411932	0.0071991119182907	0.433032180272912	CTD-2281E23.2
chr8	68864179	68864179	cg16009633	0.0072123155167249	0.433420679265419	
chr8	623688	623688	cg21459713	0.0072189795130195	0.433665165519141	ERICH1
chr8	70602469	70602469	cg16792875	0.0073004356464183	0.435715443600493	SLCO5A1
chr8	142437138	142437138	cg03718353	0.0074701386930107	0.439512814374894	PTP4A3
chr8	9765584	9765584	cg07301044	0.007497769410624	0.440147877691955	
chr8	145048235	145048235	cg26549595	0.0075201703677449	0.440852968476112	PLEC
chr8	93107605	93107605	cg26959358	0.007533444605529	0.441259553631975	RUNX1T1
chr8	79428445	79428445	cg09043127	0.0075352797455357	0.441336099147947	PKIA,RP11-594N15.2
chr8	1850322	1850322	cg15164048	0.0075874323693824	0.442869181675552	ARHGEF10
chr8	143472994	143472994	cg20401786	0.0076088010587487	0.443165699359587	TSNARE1
chr8	2078387	2078387	cg23286105	0.0076451717542591	0.443851394053962	MYOM2
chr8	1278887	1278887	cg18540939	0.0077186563537815	0.445129097402974	
chr8	86186083	86186083	cg20508815	0.0077274713883301	0.445233551884372	CA13
chr8	1885916	1885916	cg05596468	0.0077546548344686	0.44604502933921	ARHGEF10
chr8	106330559	106330559	cg21916108	0.0077624011916692	0.446134590397434	RP11-127H5.1
chr8	145578604	145578604	cg01836096	0.0078051101555528	0.447086897820288	GS1-393G12.13,SLC52A2
chr8	143761586	143761586	cg00585116	0.0078176737448538	0.447228382072579	JRK,PSCA
chr8	37823475	37823475	cg17619823	0.0078243285279388	0.447410211258996	ADRB3
chr8	637909	637909	cg01053087	0.0078862669774617	0.448742074111443	ERICH1
chr8	140950027	140950027	cg21351483	0.0079367403984587	0.450323096321539	TRAPPC9
chr8	27692812	27692812	cg17795291	0.0079468274221994	0.450561491176357	PBK
chr8	143324673	143324673	cg03133686	0.0080051393277512	0.451815660598273	TSNARE1
chr8	1893978	1893978	cg17010522	0.0080078108686915	0.451902789746833	ARHGEF10
chr8	69244554	69244554	cg08620154	0.0080117322966133	0.451985426359404	C8orf34
chr8	143599477	143599477	cg01315139	0.0080465606116626	0.452743413585223	BAI1
chr8	11059176	11059176	cg26675876	0.008079621265286	0.453388940809264	
chr8	986000	986000	cg26096090	0.008086708780117	0.453658334596835	ERICH1-AS1
chr8	53326618	53326618	cg14689479	0.0080928458749859	0.453843394198564	ST18
chr8	1650036	1650036	cg11192059	0.0081777203358279	0.455764031863944	DLGAP2
chr8	143427922	143427922	cg06454464	0.0082045734839198	0.456161877154318	TSNARE1
chr8	1496759	1496759	cg21127601	0.0083004785892244	0.458508401047221	DLGAP2
chr8	110656442	110656442	cg25834419	0.0082991928502419	0.458508401047221	RP11-422N16.3,SYBU
chr8	112655156	112655156	cg06288869	0.0083250268616437	0.458861902185191	
chr8	26041003	26041003	cg25828093	0.0083499721215824	0.459267159013353	
chr8	31498257	31498257	cg12166610	0.0083529257928804	0.459317788861066	NRG1
chr8	2670188	2670188	cg10565662	0.0084860270409158	0.46281950468617	GS1-57L11.1
chr8	24772310	24772310	cg22562942	0.0084892042223157	0.462930548511842	NEFM
chr8	109144231	109144231	cg02362620	0.0084962522856271	0.462948241547183	AP001331.1
chr8	2242304	2242304	cg06822360	0.0085270158946277	0.4633609169296	
chr8	144314047	144314047	cg15704700	0.0085867786787054	0.464824497922815	
chr8	145180748	145180748	cg12833323	0.0086585404516209	0.466893853035913	
chr8	687385	687385	cg01200640	0.0086799822446739	0.46733192726196	ERICH1
chr8	68864550	68864550	cg15745900	0.0086869822360573	0.467552290346254	PREX2
chr8	109095992	109095992	cg22600043	0.0086949983912317	0.467712529689431	
chr8	1940413	1940413	cg11085616	0.0087454243233034	0.468614502800209	KBTBD11
chr8	24771466	24771466	cg23290344	0.0087820571910357	0.469583450291514	GS1-72M22.1,NEFM
chr8	284059	284059	cg06990142	0.0088045785985145	0.470044339682678	
chr8	11895253	11895253	cg01136922	0.0088362678193923	0.470615010716721	
chr8	61835849	61835849	cg06445016	0.0088501411534269	0.470887257935503	AC022182.1
chr8	141229379	141229379	cg13733787	0.0088688670504147	0.4713590115392	TRAPPC9
chr8	53490252	53490252	cg16308286	0.0089091035468364	0.47250545783347	
chr8	37688296	37688296	cg14922775	0.008983205227391	0.473968046714242	GPR124
chr8	94752807	94752807	cg03796543	0.009051277391352	0.475460156202341	RBM12B,RBM12B-AS1
chr8	125461773	125461773	cg22149995	0.0090815619319324	0.475920221092728	
chr8	37695051	37695051	cg06009497	0.009100708146881	0.476160436108881	GPR124
chr8	1740059	1740059	cg24885442	0.0091150996045329	0.47641867479646	
chr8	24772270	24772270	cg19677607	0.0091851602179883	0.478400066201707	NEFM
chr8	1640712	1640712	cg05636584	0.0092118161854216	0.478954645857538	DLGAP2
chr8	748456	748456	cg11667643	0.0092481671002419	0.479885604273402	ERICH1-AS1
chr8	12551033	12551033	cg18805486	0.0092664055855396	0.480265187964674	
chr8	142278230	142278230	cg16730172	0.0092952228903869	0.480697660708269	SLC45A4
chr8	70602467	70602467	cg01585069	0.0093912612712688	0.482762851995096	SLCO5A1
chr8	1008156	1008156	cg24530480	0.0094440413203732	0.484101509728296	ERICH1-AS1
chr8	19092407	19092407	cg12750757	0.0094567905205038	0.484333083457508	RP11-1080G15.1
chr8	21640305	21640305	cg26846409	0.0095092273894594	0.485466681001361	GFRA2
chr8	21640100	21640100	cg02601352	0.0095187979409549	0.485554966513748	GFRA2
chr8	129061048	129061048	cg26180383	0.0095833454386366	0.487174401755315	PVT1
chr8	129061054	129061054	cg02243522	0.0095926048340669	0.487421595078802	PVT1
chr8	105351092	105351092	cg01136183	0.0097269220813224	0.490769835804418	DPYS
chr8	143780435	143780435	cg00499248	0.0097329518841789	0.490914038017556	
chr8	86019162	86019162	cg24317002	0.0097473814961624	0.49130564080339	
chr8	143437568	143437568	cg25827936	0.0097809717237119	0.491720551262907	TSNARE1
chr8	69242922	69242922	cg08448589	0.0097958545341083	0.492023963849799	RP11-664D7.4
chr8	8146130	8146130	cg15741354	0.0098554160275677	0.492937197670595	
chr8	1798785	1798785	cg18499636	0.009952800898235	0.494811110966029	ARHGEF10
chr8	114389383	114389383	cg20134357	0.010043037628624	0.496697053387257	CSMD3,RP11-709P2.1
chr8	142431765	142431765	cg22981153	0.0100450421882099	0.496697053387257	PTP4A3
chr8	1201838	1201838	cg22006704	0.0101066471939262	0.497867100659211	CTD-2281E23.2
chr8	24772350	24772350	cg04118306	0.0101168056168829	0.497987099694369	NEFM
chr9	138900624	138900624	cg13501446	3.48856879796551e-06	0.054171566000017	NACC2
chr9	138967347	138967347	cg13923277	1.10982935419624e-05	0.054171566000017	NACC2
chr9	113658493	113658493	cg13960493	2.12775078803138e-05	0.054171566000017	LPAR1
chr9	138966848	138966848	cg14242024	4.29763817579778e-06	0.054171566000017	NACC2
chr9	109623731	109623731	cg14348397	1.84247047796669e-05	0.054171566000017	
chr9	19789287	19789287	cg19143209	1.7293991625885e-05	0.054171566000017	
chr9	19788757	19788757	cg08414570	2.71078312791966e-05	0.0543206248802127	
chr9	107091808	107091808	cg14615537	2.75830107233159e-05	0.0543206248802127	
chr9	127215670	127215670	cg14620572	3.4612474314794e-05	0.0543707177967035	GPR144
chr9	138969712	138969712	cg14350701	3.62622209506897e-05	0.0550731515654561	NACC2
chr9	132944036	132944036	cg13774505	3.87175804543214e-05	0.0551012872280427	NCS1
chr9	138912768	138912768	cg14333935	5.58660755726041e-05	0.0582635043887498	NACC2
chr9	138901541	138901541	cg02134606	5.86922887441416e-05	0.0589438365507034	NACC2
chr9	136814406	136814406	cg13751417	6.63780213620016e-05	0.0600763523480615	VAV2
chr9	139425582	139425582	cg13951862	7.06878652986402e-05	0.0615974473485097	NOTCH1
chr9	140293439	140293439	cg14256536	7.54040680642021e-05	0.0621912105819887	EXD3
chr9	138967844	138967844	cg13979562	8.31155602843104e-05	0.0636548161113578	NACC2
chr9	138904715	138904715	cg13959241	9.8824904564992e-05	0.0675026621635942	NACC2
chr9	133342842	133342842	cg14388093	0.0001071414084817	0.0692733812010263	ASS1
chr9	138972603	138972603	cg21229179	0.0001289400597744	0.0734241128112036	NACC2
chr9	133358531	133358531	cg14053997	0.0001456963376482	0.0764022946398898	ASS1
chr9	136747711	136747711	cg14157170	0.0001709515302924	0.0810288169095164	VAV2
chr9	132381976	132381976	cg14215338	0.0001769357343924	0.0825015141930855	C9orf50,NTMT1
chr9	90321327	90321327	cg05475556	0.000183319133419	0.0833977507394625	DAPK1
chr9	90320802	90320802	cg01463032	0.0001968660969121	0.0860744710818091	DAPK1
chr9	133357122	133357122	cg21228259	0.0002114096716816	0.0888360880640739	ASS1
chr9	139399349	139399349	cg13876222	0.0002171454789581	0.0897920071094427	NOTCH1
chr9	90344705	90344705	cg21177940	0.0002488827114118	0.0951969533713077	CTSL
chr9	138907450	138907450	cg13798270	0.0002555454215916	0.0963171226544805	NACC2
chr9	139427107	139427107	cg14410964	0.0002748491341471	0.0995671381565711	NOTCH1
chr9	139739661	139739661	cg13509363	0.0002862029344004	0.101222053396222	C9orf172
chr9	136805113	136805113	cg14012599	0.0002879813936234	0.101445521217287	VAV2
chr9	90114038	90114038	cg13527872	0.0002935810573978	0.102302987054083	DAPK1
chr9	14287484	14287484	cg14349131	0.0003018802230362	0.103656784506576	NFIB
chr9	14349430	14349430	cg13446474	0.0003032804126978	0.103833021097169	NFIB,RP11-120J1.1
chr9	84228185	84228185	cg13895650	0.0003128855763801	0.10508416801604	TLE1
chr9	136679025	136679025	cg14237189	0.0003227424040136	0.106556847020325	VAV2
chr9	136657884	136657884	cg03024860	0.0003246002348023	0.106816285317425	VAV2
chr9	136754397	136754397	cg13600947	0.0003493283130744	0.110873780473512	VAV2
chr9	140190868	140190868	cg15504047	0.0003669757437379	0.112842214977277	
chr9	10966084	10966084	cg13860785	0.0003690188215848	0.113167668525201	
chr9	133349223	133349223	cg14529412	0.0004197579004186	0.119310934434944	ASS1
chr9	139648322	139648322	cg13801057	0.000428968315532	0.120251334771557	
chr9	115650856	115650856	cg00238426	0.0004383134552778	0.121525278589199	SLC46A2
chr9	139421105	139421105	cg26779406	0.0004427234197313	0.121752801225555	NOTCH1
chr9	72131656	72131656	cg13982318	0.0004507958844502	0.122865631705296	APBA1
chr9	18777683	18777683	cg14523394	0.0004715125714497	0.125309344558717	ADAMTSL1
chr9	136659313	136659313	cg25268422	0.000486611762882	0.127270762306149	VAV2
chr9	136726575	136726575	cg12747056	0.0004899049898301	0.127403554319345	VAV2
chr9	136777561	136777561	cg13402624	0.0005012523953729	0.128496529779253	VAV2
chr9	136787004	136787004	cg13860612	0.0005174216645996	0.130286493527784	VAV2
chr9	1054346	1054346	cg13863701	0.0005211571625178	0.130817651286404	DMRT2
chr9	139528171	139528171	cg13936383	0.0005657690616899	0.136176244598319	
chr9	139401590	139401590	cg14178775	0.0005689313281042	0.136493520759256	NOTCH1
chr9	136847710	136847710	cg21245618	0.00060965648701	0.140339261002913	VAV2
chr9	139396419	139396419	cg13856295	0.0006635304451217	0.146021096433914	NOTCH1
chr9	34638142	34638142	cg14019826	0.0007084168982561	0.150201283747155	GALT
chr9	136729858	136729858	cg14448765	0.0007377069696784	0.152997436169693	VAV2
chr9	136727133	136727133	cg13947528	0.0008603169578998	0.164620979426915	VAV2
chr9	139327496	139327496	cg13741927	0.0008610966024635	0.164721253305794	INPP5E
chr9	17907019	17907019	cg14323675	0.0008651892867152	0.16505258118077	
chr9	112171845	112171845	cg21232704	0.0008662137254365	0.165057578620618	PTPN3
chr9	139401023	139401023	cg13537499	0.0009266043393467	0.170048588176071	NOTCH1
chr9	138949385	138949385	cg14175330	0.0009588800701643	0.173269193106954	NACC2
chr9	90342638	90342638	cg14190128	0.0009646972670768	0.173523292309043	CTSL
chr9	84213072	84213072	cg14254562	0.0009645904391168	0.173523292309043	TLE1
chr9	138989741	138989741	cg14609139	0.0010058781185992	0.17738746621211	
chr9	138967195	138967195	cg00648203	0.0010372372649141	0.179767851232443	NACC2
chr9	139390037	139390037	cg13613245	0.0010381405155706	0.179792948403426	NOTCH1
chr9	136628685	136628685	cg13836412	0.001055650914265	0.181155161637897	VAV2
chr9	109623055	109623055	cg14305313	0.0010612200342234	0.181625819477437	
chr9	116811954	116811954	cg03985630	0.0010723666430048	0.182598290263665	ZNF618
chr9	130209443	130209443	cg21173192	0.0010797498707444	0.182925148742135	
chr9	112402882	112402882	cg02442436	0.0010827523782869	0.183103796917682	
chr9	70922191	70922191	cg00534492	0.0011410747907525	0.188195901037405	RP11-561O23.5
chr9	139412404	139412404	cg27154237	0.0011782197580724	0.191172190073719	NOTCH1
chr9	127266395	127266395	cg14199762	0.0011945894363862	0.192068958649618	NR5A1
chr9	110249750	110249750	cg03066050	0.0012257956838556	0.19432000820506	KLF4
chr9	116990636	116990636	cg13427810	0.0012373473855378	0.194819311391114	COL27A1
chr9	68377658	68377658	cg18654956	0.0012379442104816	0.194864595230247	
chr9	139419958	139419958	cg13996750	0.0012562326744476	0.196349732249519	NOTCH1
chr9	139595477	139595477	cg08719642	0.0012674427119458	0.197315058935973	
chr9	139408993	139408993	cg13415390	0.0013199724995276	0.200631496874164	NOTCH1
chr9	136131708	136131708	cg00017475	0.0013568494151091	0.203350685916292	ABO
chr9	139393736	139393736	cg14570652	0.0014013637234012	0.206611863584993	NOTCH1
chr9	136653623	136653623	cg14286025	0.001480915644862	0.212406062724277	VAV2
chr9	84214169	84214169	cg21202406	0.0015090711050598	0.214042140214766	TLE1
chr9	19788565	19788565	cg07837260	0.0016008498987617	0.219508772759903	
chr9	139410089	139410089	cg14114284	0.0016121121849016	0.220099410004543	NOTCH1
chr9	34372090	34372090	cg14588448	0.0016271105308579	0.220784235115593	KIAA1161
chr9	136338302	136338302	cg14035202	0.0016584890934783	0.222135428567479	SLC2A6
chr9	18776940	18776940	cg06500883	0.0016836593811953	0.223713260999954	ADAMTSL1
chr9	140321150	140321150	cg14305420	0.0016996748802592	0.224854249827382	NOXA1
chr9	138150965	138150965	cg14541460	0.0017252502917375	0.22692212946187	AL390778.1
chr9	136677533	136677533	cg04999329	0.0017495685730369	0.228433779591445	VAV2
chr9	138983759	138983759	cg14152854	0.0017800394609384	0.229998167419879	NACC2
chr9	84225922	84225922	cg13769718	0.0017881788525269	0.23050506409541	TLE1
chr9	138823505	138823505	cg00549706	0.0018292935459641	0.23351837815805	
chr9	139013488	139013488	cg13808574	0.0018559105528982	0.234936772090753	
chr9	136781308	136781308	cg14308466	0.0019104596739275	0.238343539373891	VAV2
chr9	997476	997476	cg13554575	0.0019485891117387	0.240835881438693	
chr9	124087975	124087975	cg14136781	0.0019562581142697	0.241353886567706	GSN
chr9	136809652	136809652	cg21157725	0.0019682444978949	0.242142043444788	VAV2
chr9	139097876	139097876	cg14091657	0.0020930569011436	0.249263391676971	
chr9	119245443	119245443	cg13792444	0.0021827555449075	0.254326379791854	ASTN2
chr9	139426285	139426285	cg09073701	0.0021972379449783	0.254808265429906	NOTCH1
chr9	138973153	138973153	cg13978542	0.0022015350518847	0.254935561745658	NACC2
chr9	131843079	131843079	cg02002584	0.002272410231149	0.259245321560388	
chr9	135513120	135513120	cg21243021	0.0023370007852617	0.262507690464866	DDX31
chr9	35650561	35650561	cg15518883	0.0023430150584517	0.262912319701613	SIT1
chr9	139014709	139014709	cg08100069	0.0024012917857436	0.265977049946541	
chr9	47184910	47184910	cg14003237	0.0027030424797442	0.281024923724908	
chr9	134958488	134958488	cg13544806	0.0028158456428475	0.285942463103655	
chr9	139909161	139909161	cg14328683	0.0028185037995518	0.28595524596968	ABCA2
chr9	136836252	136836252	cg14398548	0.0028726676423087	0.288293111367855	VAV2
chr9	96706556	96706556	cg03994721	0.0028789554714846	0.288516089990878	
chr9	14307196	14307196	cg13977827	0.0029390504168477	0.291626832512618	NFIB
chr9	139396760	139396760	cg10835306	0.0029624429087134	0.292592549352516	NOTCH1
chr9	127533554	127533554	cg08758850	0.0030383474275009	0.296721585679356	NR6A1,RP11-175D17.3
chr9	138999217	138999217	cg13857210	0.0031599683996418	0.30266791568883	
chr9	44227340	44227340	cg27603630	0.0031747802067523	0.303481959084054	
chr9	139409726	139409726	cg00184461	0.0032155674756611	0.30510742285477	NOTCH1
chr9	136844768	136844768	cg13755204	0.0032210383104295	0.305368992669179	VAV2
chr9	96722330	96722330	cg07184658	0.00322579481989	0.305575554738206	
chr9	79633737	79633737	cg14487131	0.0032324988852608	0.306022838143235	
chr9	139410910	139410910	cg14494733	0.0032806254644879	0.30803070886492	NOTCH1
chr9	117026288	117026288	cg14031246	0.0032830309651655	0.30809929396459	COL27A1
chr9	136340262	136340262	cg02257517	0.0033742560785749	0.312231499207399	SLC2A6
chr9	14312436	14312436	cg02976355	0.0033823502356151	0.312523774552237	NFIB
chr9	140291173	140291173	cg14483412	0.0035248503720119	0.318249027304632	EXD3
chr9	140683649	140683649	cg01219549	0.0035945562651053	0.320751620094511	EHMT1
chr9	90317426	90317426	cg13778339	0.0035973453693686	0.320949137786858	DAPK1
chr9	136566991	136566991	cg13717350	0.0036890800164627	0.323751466413127	SARDH
chr9	109440017	109440017	cg14193808	0.0038246102605344	0.329488456564081	RP11-308N19.4
chr9	108800295	108800295	cg13601472	0.0038593702270529	0.330542407501857	
chr9	32954333	32954333	cg18469713	0.0038631598716191	0.330542407501857	
chr9	140147188	140147188	cg21174903	0.0038907949854318	0.33155874738498	C9orf173
chr9	34370821	34370821	cg13912480	0.0039269719778228	0.332906743067337	KIAA1161
chr9	97807693	97807693	cg17406248	0.004135310212419	0.340347845654124	C9orf3
chr9	134350461	134350461	cg21178711	0.0042109874490693	0.342927415605271	PRRC2B
chr9	136700102	136700102	cg14377416	0.0042605121212465	0.345143624202305	VAV2
chr9	71629130	71629130	cg08855953	0.0043022152685445	0.346672979429451	
chr9	93658227	93658227	cg14055502	0.0043427418230665	0.348298644947402	SYK
chr9	132247011	132247011	cg13874498	0.0043522980342633	0.348790926522901	LINC00963
chr9	139392621	139392621	cg13593436	0.0043707014390231	0.349334931013316	NOTCH1
chr9	139416102	139416102	cg14120703	0.004370795235369	0.349334931013316	NOTCH1
chr9	136834257	136834257	cg06128608	0.0044195947519516	0.351386175532205	VAV2
chr9	136844398	136844398	cg13424940	0.004555684391513	0.355485862679498	VAV2
chr9	110249966	110249966	cg14185918	0.0046540075588354	0.35882204988044	KLF4
chr9	138660693	138660693	cg14528437	0.0048113312295951	0.363799874600999	KCNT1
chr9	132113372	132113372	cg04649530	0.0048846889413972	0.365916768468853	RP11-65J3.1
chr9	84198747	84198747	cg21233057	0.0049006585573748	0.366518206402438	TLE1
chr9	140375580	140375580	cg12149666	0.0049766029588483	0.369292113348337	PNPLA7
chr9	140172277	140172277	cg20034617	0.0050031260981513	0.370257316184724	TOR4A
chr9	130222970	130222970	cg14012059	0.0050990963258612	0.372992944904908	LRSAM1
chr9	138902596	138902596	cg14263345	0.0051478203976935	0.374707573450958	NACC2
chr9	139400169	139400169	cg14334350	0.0051804170453124	0.376017526180455	NOTCH1
chr9	138903920	138903920	cg27408683	0.0051912757725211	0.376200290585568	NACC2
chr9	98638212	98638212	cg14274895	0.0051977912563931	0.376380910609563	ERCC6L2,LINC00476
chr9	130551580	130551580	cg14041462	0.0052959207337455	0.379065588812612	CDK9
chr9	19789384	19789384	cg14633398	0.0053041226381222	0.379425085177147	
chr9	133762660	133762660	cg14270890	0.0053843695051762	0.381927680310526	ABL1
chr9	140374463	140374463	cg13801740	0.0053857545170855	0.381993487345543	PNPLA7
chr9	47184380	47184380	cg12659692	0.0054022038840441	0.382755287333027	
chr9	138899187	138899187	cg13780207	0.0054164513894477	0.383062495784612	NACC2
chr9	21847542	21847542	cg13492671	0.0054939449918262	0.385482351837074	MTAP,RP11-145E5.5
chr9	136997504	136997504	cg13482649	0.0055203438106937	0.38606174744531	LL09NC01-251B2.3
chr9	5760346	5760346	cg14419441	0.0055285003751788	0.386371141129565	KIAA1432
chr9	136879299	136879299	cg17181956	0.0055634213113871	0.387423934192955	
chr9	130984483	130984483	cg13432906	0.0055764112735999	0.387773778599964	DNM1
chr9	131843184	131843184	cg19864487	0.0058109699159524	0.394340632215178	
chr9	139435339	139435339	cg21234123	0.0059311479083218	0.397541375869234	NOTCH1
chr9	98213755	98213755	cg13461049	0.0059345318820076	0.397614498567202	PTCH1
chr9	16500626	16500626	cg13659991	0.0059879050289527	0.399308707244863	BNC2
chr9	139006646	139006646	cg06788565	0.00610014617662	0.402960783464337	C9orf69
chr9	139252159	139252159	cg14489965	0.0060975039862853	0.402960783464337	GPSM1
chr9	15232702	15232702	cg24614473	0.0061287111986422	0.403735193506392	TTC39B
chr9	117012651	117012651	cg14610335	0.0061552839803233	0.404628159953049	COL27A1
chr9	69786571	69786571	cg12617538	0.0063696784419066	0.410259349169569	
chr9	131492179	131492179	cg14364926	0.006400250622746	0.41108787692188	RP11-545E17.3,ZER1
chr9	139402887	139402887	cg14479303	0.0064833403806669	0.413324473130583	NOTCH1
chr9	139407609	139407609	cg05784201	0.0064927887972623	0.413596686649702	NOTCH1
chr9	113430005	113430005	cg01737465	0.0065912700793269	0.416403582184815	
chr9	112899496	112899496	cg13804171	0.006641414146668	0.418216847682701	AKAP2,PALM2-AKAP2
chr9	135943307	135943307	cg14078687	0.0066638030539878	0.418552477261165	CEL
chr9	136660232	136660232	cg14421371	0.0068447340565076	0.422932334819588	VAV2
chr9	116930367	116930367	cg04382108	0.0068507661609223	0.422980337995279	COL27A1
chr9	73034988	73034988	cg10634185	0.0069853709644865	0.42662650124923	
chr9	19127549	19127549	cg14291622	0.0071552425112032	0.431667766126521	PLIN2
chr9	116860650	116860650	cg14326196	0.0072092103569331	0.433296416484112	KIF12
chr9	69786027	69786027	cg13066682	0.0073289456510444	0.436379946136537	
chr9	138150809	138150809	cg13848951	0.0074613517643312	0.439325396224075	AL390778.1
chr9	131670553	131670553	cg13435243	0.0075393420990174	0.441441075372269	LRRC8A
chr9	136843225	136843225	cg00282426	0.0075850567254065	0.442761454610426	VAV2
chr9	138984533	138984533	cg08763846	0.0078456393416835	0.448170344599256	NACC2
chr9	136776390	136776390	cg14137625	0.007912062043666	0.449644260308597	VAV2
chr9	71947039	71947039	cg14353958	0.0079454794854308	0.450545495699012	FAM189A2
chr9	139648167	139648167	cg14527875	0.0079794966207485	0.451444897886806	
chr9	132114770	132114770	cg14262955	0.0080679694335868	0.453123302554349	RP11-65J3.1
chr9	90472253	90472253	cg08070756	0.0081351837848932	0.454941827495073	XXyac-YM21GA2.7
chr9	707387	707387	cg13877502	0.008155491486403	0.455395430912245	KANK1
chr9	140293218	140293218	cg14188185	0.0081656118802776	0.45560699134998	EXD3
chr9	139566734	139566734	cg14548542	0.0081776557720448	0.455764031863944	EGFL7
chr9	139092501	139092501	cg21192468	0.0082134519568388	0.456332686815675	LHX3
chr9	33045506	33045506	cg14010472	0.0084455841516773	0.461880289042441	SMU1
chr9	1051580	1051580	cg00250430	0.0084869917090102	0.462841899198509	DMRT2
chr9	119306116	119306116	cg14350557	0.0084949811939914	0.462948241547183	ASTN2,RP11-264C15.2
chr9	140268682	140268682	cg13835073	0.0085430553716473	0.463569102827834	EXD3
chr9	19102686	19102686	cg14087061	0.0085737120403981	0.46459886624517	HAUS6
chr9	132598918	132598918	cg14059835	0.0085974291583549	0.465280434421587	USP20
chr9	139422109	139422109	cg13725899	0.0086435149324607	0.466531859073056	NOTCH1
chr9	136758765	136758765	cg14521777	0.0088142806283891	0.470373122886159	VAV2
chr9	100883593	100883593	cg13836518	0.0090513661605405	0.475460156202341	CORO2A
chr9	140293043	140293043	cg13425962	0.0090905436209527	0.476046338388558	EXD3
chr9	139394549	139394549	cg14364472	0.0092863773527412	0.480554927502253	NOTCH1
chr9	136151359	136151359	cg24267699	0.0093294687033701	0.481472514277453	
chr9	138550077	138550077	cg13659272	0.0093498984987091	0.481901660196238	
chr9	98981500	98981500	cg21167269	0.0094325447070376	0.483803192859142	
chr9	136882829	136882829	cg14276973	0.0094493113611266	0.484187513279142	
chr9	132956279	132956279	cg13426351	0.0095722724708933	0.486933841377424	NCS1
chr9	131842739	131842739	cg01027739	0.0095857491873724	0.487174401755315	
chr9	14317155	14317155	cg14577406	0.0095954111271745	0.4874875007573	NFIB,RP11-120J1.1
chr9	34050096	34050096	cg14408997	0.0096213003450162	0.48816019662404	RN7SKP114
chr9	139390734	139390734	cg14528979	0.0096797601889975	0.489653758975972	NOTCH1
chr9	130654774	130654774	cg14435232	0.0097171886531917	0.490604690972246	ST6GALNAC6
chr9	139096080	139096080	cg13614036	0.009812368183595	0.492430449297281	LHX3
chr9	139900076	139900076	cg02656089	0.0099804643881056	0.495334603894636	
chr9	140198752	140198752	cg13601936	0.0100877477150396	0.497464118046249	
chr9	138940950	138940950	cg02493986	0.0101109814006172	0.49790444332464	NACC2
chr9	68299111	68299111	cg13125506	0.0101371337696329	0.498399033939929	RP11-452D2.2
chr9	116740723	116740723	cg14598025	0.0101552080560311	0.498627963428541	ZNF618
chrX	30265188	30265188	cg02714462	1.53646733138493e-05	0.054171566000017	MAGEB1
chrX	30265185	30265185	cg03757053	1.10632113041924e-05	0.054171566000017	MAGEB1
chrX	11157324	11157324	cg17082365	4.33834792980252e-05	0.0556883318141202	ARHGAP6
chrX	35937781	35937781	cg06876079	4.58239143193725e-05	0.0566273766281531	
chrX	2838697	2838697	cg08582546	4.87820086374036e-05	0.0570949707730289	ARSD
chrX	9912724	9912724	cg26736837	9.37423984666939e-05	0.0660286360680573	SHROOM2
chrX	103499546	103499546	cg05788681	9.47532491356333e-05	0.0661947137266608	ESX1
chrX	39969104	39969104	cg02433927	9.75205388408764e-05	0.0668410046677928	BCOR
chrX	150346600	150346600	cg06538336	0.0001154623305696	0.0710807324055405	GPR50
chrX	115594181	115594181	cg26012731	0.000124870544543	0.0723600376393548	
chrX	8769500	8769500	cg16550477	0.0001429126353755	0.0759487815647982	
chrX	73507187	73507187	cg17674548	0.0001485576416309	0.0768751019801336	FTX,MIR374A
chrX	131547703	131547703	cg13633856	0.0001645673349533	0.0798346532342241	MBNL3,RAP2C-AS1
chrX	69673643	69673643	cg06786167	0.0001691372117339	0.0807404135429724	DLG3,DLG3-AS1
chrX	2843197	2843197	cg14258335	0.0001833016629687	0.0833977507394625	ARSD
chrX	9733544	9733544	cg22569587	0.000190133429493	0.0848463311091915	GPR143
chrX	118104340	118104340	cg23091067	0.0001989682551754	0.0863595878146538	
chrX	2836236	2836236	cg22366897	0.0002064688115218	0.0879096212824954	ARSD
chrX	2848382	2848382	cg04710661	0.0002138803195357	0.0892012271851563	
chrX	53280103	53280103	cg13983639	0.0002172316188535	0.0897920071094427	IQSEC2
chrX	131549051	131549051	cg16520030	0.0002647026615945	0.0978332868572159	MBNL3,RAP2C-AS1
chrX	48824500	48824500	cg00705055	0.0002695251687471	0.0987952252378299	KCND1
chrX	129306129	129306129	cg07342016	0.0002711631485301	0.0990479423000631	RAB33A
chrX	39866758	39866758	cg02540440	0.0002909685378015	0.101915115847984	
chrX	49831098	49831098	cg00812293	0.000291269066019	0.101977621440314	CLCN5
chrX	147062702	147062702	cg00812634	0.0002946568954864	0.102348735721469	
chrX	144903125	144903125	cg08609270	0.000296069863143	0.102583602593628	SLITRK2
chrX	83443155	83443155	cg06621863	0.0002966683071825	0.102676162257533	
chrX	9960207	9960207	cg04324607	0.0003037773923375	0.103917991542421	
chrX	142716024	142716024	cg27301423	0.0003098000736269	0.104748574920556	SLITRK4
chrX	39866079	39866079	cg09039264	0.0003140633516799	0.105238812012157	
chrX	73071194	73071194	cg05533223	0.0003546412447427	0.111795500070094	XIST
chrX	129197768	129197768	cg12950231	0.0003740221662099	0.114073893054205	
chrX	118207750	118207750	cg08850124	0.0003752775628832	0.114098278812469	
chrX	152687198	152687198	cg13397331	0.0004063544155678	0.118301727993586	
chrX	47441088	47441088	cg14218246	0.0004412628834867	0.121725291696194	SYN1
chrX	13667765	13667765	cg22848793	0.0004418931853283	0.121725291696194	
chrX	47373246	47373246	cg01069311	0.0004592505417412	0.123955935102134	
chrX	153040228	153040228	cg16832801	0.0005225111518493	0.131036338728506	PLXNB3
chrX	140271365	140271365	cg27076487	0.0005296600003365	0.131964842075678	
chrX	133118088	133118088	cg11442732	0.0006236881258586	0.141587658221153	GPC3
chrX	138769194	138769194	cg16564271	0.0006390105530565	0.143498064986316	MCF2
chrX	153032930	153032930	cg03315431	0.0006578530482791	0.145408628540625	PLXNB3
chrX	67912079	67912079	cg00820131	0.0006820783237818	0.147806911551877	STARD8
chrX	115594201	115594201	cg11629919	0.000689150082075	0.148578799574217	
chrX	69282003	69282003	cg18990483	0.0006893871915715	0.148580014389034	
chrX	152953167	152953167	cg01819787	0.0007233443882996	0.151596361021429	PNCK
chrX	73163626	73163626	cg24530587	0.0007511595300331	0.154352926268404	
chrX	70364546	70364546	cg15339180	0.0007977601008596	0.158334057138406	
chrX	109661396	109661396	cg13664798	0.0008001473197942	0.158636228414884	AMMECR1,RGAG1
chrX	15403118	15403118	cg04545159	0.000821958473016	0.160679490580829	PIR
chrX	152686726	152686726	cg01467086	0.0008523412229139	0.163758899896626	ZFP92
chrX	152991648	152991648	cg07761358	0.0008635236779144	0.164874032024265	ABCD1
chrX	51076330	51076330	cg16946997	0.0008847816163861	0.166518531111157	NUDT10
chrX	152686123	152686123	cg11039211	0.0009194328562381	0.169439731490638	ZFP92
chrX	9753568	9753568	cg12614984	0.0009398209145171	0.171206078760729	GPR143
chrX	134046598	134046598	cg14452204	0.0009392601513597	0.171206078760729	MOSPD1
chrX	49013901	49013901	cg11897377	0.0009480959632571	0.171990166603686	
chrX	35937795	35937795	cg03851490	0.0009662025664713	0.173597374509462	
chrX	39864206	39864206	cg06008640	0.0010023357728187	0.177107934977954	
chrX	9001351	9001351	cg02860323	0.0010050883195667	0.177323051714841	FAM9B
chrX	108725108	108725108	cg22901146	0.0010382954767036	0.179792948403426	GUCY2F
chrX	3790470	3790470	cg06001976	0.0010563705545362	0.181167007929622	RP11-706O15.3
chrX	69643845	69643845	cg25685838	0.0010565984604046	0.181168900300088	GDPD2
chrX	46938148	46938148	cg21049587	0.0010570325802196	0.181206142964999	RGN
chrX	108980568	108980568	cg20774140	0.0010715570015151	0.182523514513745	
chrX	100546292	100546292	cg01538344	0.0010745270255899	0.182695456124234	TAF7L
chrX	78003113	78003113	cg00401265	0.0010752969296598	0.182738220182252	
chrX	129122111	129122111	cg24490154	0.0011508506051229	0.189026872474238	BCORL1
chrX	77239706	77239706	cg27084087	0.0011834790123445	0.191461886258492	ATP7A
chrX	63005078	63005078	cg15035437	0.0011999596658075	0.192698021119628	ARHGEF9
chrX	48929809	48929809	cg05858130	0.001229370126329	0.194331425804344	AF196779.12,PRAF2,WDR45
chrX	96139067	96139067	cg07662137	0.0012490871701054	0.195696726489056	DIAPH2,RPA4
chrX	50648382	50648382	cg27643842	0.0012829860653063	0.198408871162234	
chrX	152712110	152712110	cg20431201	0.0013292936009612	0.201494038514353	TREX2
chrX	105969956	105969956	cg17592148	0.001342612560145	0.202634801231913	RNF128
chrX	45607271	45607271	cg25675072	0.0013636616870857	0.203859613133067	RP6-99M1.2
chrX	118013398	118013398	cg04421522	0.0013658100943709	0.203881332883532	RP4-562J12.2
chrX	9754595	9754595	cg05096731	0.0014204516972644	0.208359686769198	SHROOM2
chrX	108869721	108869721	cg18145088	0.0014563311859989	0.210736394971888	ACSL4
chrX	109661602	109661602	cg20522409	0.0014799251092147	0.212406062724277	AMMECR1,RGAG1
chrX	48826168	48826168	cg08578454	0.00150669562287	0.213917545003144	KCND1
chrX	70364776	70364776	cg04037732	0.0015334075313477	0.215578724855623	NLGN3
chrX	142718398	142718398	cg06475811	0.0015454404246856	0.216396370990833	SLITRK4
chrX	71699559	71699559	cg19169535	0.001566295778948	0.217638517971212	HDAC8
chrX	2800457	2800457	cg21193180	0.001596841947986	0.219444795296192	GYG2
chrX	13727133	13727133	cg04626105	0.0016333588575759	0.220929435863842	RAB9A
chrX	118722693	118722693	cg13108472	0.0016859461827047	0.223767970516486	NKRF
chrX	132091720	132091720	cg19782749	0.0017434944906954	0.227893908100481	HS6ST2
chrX	49777713	49777713	cg21664443	0.0017605880747439	0.229070233407916	CLCN5
chrX	99665951	99665951	cg19407410	0.0017639385508129	0.229132079450604	
chrX	114424745	114424745	cg24723496	0.0017730280562844	0.229563164831153	LRCH2,RBMXL3
chrX	99665948	99665948	cg05032903	0.0017981155250285	0.23130566039501	
chrX	49043356	49043356	cg10417559	0.0018043489930895	0.231763367369923	
chrX	48463512	48463512	cg14251060	0.0018407114850137	0.23408167393544	WDR13
chrX	99195116	99195116	cg05411132	0.0018440042635399	0.234286420935426	
chrX	47434562	47434562	cg13098917	0.0018643439392341	0.235443637438909	SYN1
chrX	153523344	153523344	cg16562533	0.0018812130868457	0.236555041368321	TEX28
chrX	49020469	49020469	cg04012614	0.0019365921899194	0.240418897913771	MAGIX
chrX	30233572	30233572	cg15167807	0.0019420180914913	0.240699023911205	
chrX	68058376	68058376	cg24239230	0.0019659711722653	0.241968845768656	EFNB1
chrX	135279019	135279019	cg13100667	0.0019795591041328	0.242865649442782	FHL1
chrX	125687042	125687042	cg01913196	0.0020331820450966	0.24601208252326	
chrX	78001745	78001745	cg19177332	0.0020365019203503	0.246217444012139	
chrX	54840890	54840890	cg18528798	0.0020420448811661	0.246513179271569	MAGED2,SNORA11
chrX	11157159	11157159	cg24401049	0.0020435544285166	0.246652000447133	ARHGAP6
chrX	2836028	2836028	cg26038441	0.0020513052068316	0.24709546299233	ARSD
chrX	99665588	99665588	cg00584971	0.0021028038229995	0.249591878493095	
chrX	15402593	15402593	cg13358623	0.0021331151559316	0.25139397577587	
chrX	49779545	49779545	cg00360298	0.002134147435997	0.251418880298772	CLCN5
chrX	9693690	9693690	cg19318920	0.0021356792949356	0.251528401991762	GPR143
chrX	48955534	48955534	cg02804708	0.0022153302160348	0.2555690899037	WDR45
chrX	49772512	49772512	cg27463946	0.0023092674274537	0.261212615875526	CLCN5
chrX	37404614	37404614	cg24448565	0.0023098591430147	0.261215144407307	TM4SF2
chrX	142719334	142719334	cg05322190	0.0023291885730702	0.262137726632483	SLITRK4
chrX	53283948	53283948	cg11475880	0.00241506309795	0.266897859556409	IQSEC2
chrX	39866161	39866161	cg09182733	0.0024159140306943	0.266921275952558	
chrX	49646860	49646860	cg03674851	0.0024267936122016	0.2675456713505	USP27X
chrX	153701160	153701160	cg19069416	0.0024821554031505	0.270272169936324	PLXNA3
chrX	153605300	153605300	cg00051952	0.0025437746693623	0.273064695231426	
chrX	73325026	73325026	cg01592490	0.0026032845051135	0.275395865303618	FTX
chrX	8769494	8769494	cg06873315	0.0026261736799455	0.276685232905897	
chrX	153561349	153561349	cg08530364	0.0026414717948144	0.277556060823862	
chrX	152712062	152712062	cg05999377	0.0026429542099575	0.277577977142202	TREX2
chrX	152666913	152666913	cg24202640	0.0027621298825326	0.28360514853624	
chrX	73071041	73071041	cg03554089	0.002782423896127	0.284309329148545	XIST
chrX	46938229	46938229	cg00926894	0.0027874272349616	0.284697914045585	RGN
chrX	17771386	17771386	cg17874273	0.0028039413154995	0.285442319338788	SCML1
chrX	13062862	13062862	cg00389276	0.002824143285628	0.286173686691926	
chrX	40066117	40066117	cg03174501	0.0028444365785672	0.287139347074007	
chrX	100548168	100548168	cg06963219	0.002844502809306	0.287139347074007	
chrX	67909944	67909944	cg13143866	0.0028415698202071	0.287139347074007	STARD8
chrX	53468979	53468979	cg13041595	0.0028588703519038	0.287530214465607	
chrX	70128644	70128644	cg16881398	0.0029059187046645	0.289681256800765	
chrX	64254657	64254657	cg17292622	0.0029378800085498	0.291586514184872	
chrX	49118314	49118314	cg02033323	0.0029490472295637	0.291925273178049	FOXP3
chrX	125687011	125687011	cg07344627	0.0029924171289466	0.294335036698062	
chrX	44707798	44707798	cg16839655	0.0030981881794192	0.299831539874213	
chrX	2746421	2746421	cg22539189	0.0031279638105433	0.301525460451057	
chrX	21676995	21676995	cg06775759	0.0031330152914944	0.301768651691095	
chrX	55101640	55101640	cg19744943	0.0031426432574417	0.302034131231847	PAGE2B
chrX	48825778	48825778	cg04587983	0.0031486457574412	0.302174267933615	KCND1
chrX	70128654	70128654	cg03101044	0.0031611919504138	0.30266791568883	
chrX	77225754	77225754	cg14736373	0.0031905136312081	0.304150648654213	ATP7A
chrX	20154231	20154231	cg07115116	0.0032804575498509	0.30803070886492	EIF1AX,snoU2-30
chrX	125300361	125300361	cg11720861	0.0033278102665346	0.310056454784311	
chrX	153044535	153044535	cg26780743	0.003342809347368	0.310829921610441	PLXNB3,SRPK3
chrX	153560829	153560829	cg06692867	0.0033494826558546	0.311138743928827	
chrX	118012979	118012979	cg05793108	0.0034300471870032	0.314286711932209	RP4-562J12.1,RP4-562J12.2
chrX	44202714	44202714	cg06831164	0.0034667945047303	0.315510403376688	EFHC2
chrX	48658023	48658023	cg00271516	0.0035026078312802	0.317213469726101	
chrX	49767916	49767916	cg26715986	0.0035229041314823	0.318201263307599	CLCN5
chrX	77912297	77912297	cg10860270	0.0035386114557087	0.318706437771416	ZCCHC5
chrX	79278012	79278012	cg00554969	0.0035477089756859	0.318913573426734	TBX22
chrX	136656576	136656576	cg20569128	0.0036634002462844	0.323049891638027	ZIC3
chrX	152666651	152666651	cg00207916	0.0036930043499944	0.323820700731841	
chrX	30265243	30265243	cg08706312	0.0037175681122537	0.324940024051358	MAGEB1
chrX	40692412	40692412	cg24783935	0.0037259299937116	0.324989571100339	
chrX	40693388	40693388	cg16997557	0.0038255529817795	0.329525349964944	
chrX	147062704	147062704	cg02834125	0.0038377253901229	0.329932572160836	
chrX	70460158	70460158	cg06256785	0.0038506345453721	0.330351313122168	ZMYM3
chrX	64771656	64771656	cg26674331	0.0038845512892604	0.331330727865495	FRMD8P1
chrX	144899996	144899996	cg13663706	0.0040262915486604	0.336847749806435	SLITRK2
chrX	139846688	139846688	cg23192736	0.0040262485908637	0.336847749806435	LINC00632
chrX	129305037	129305037	cg24340926	0.0040331997275697	0.337091564704234	
chrX	25025714	25025714	cg23221557	0.0040384868264611	0.337351165228122	ARX
chrX	108868238	108868238	cg23299641	0.0040436641516932	0.337527167971285	ACSL4,KCNE1L
chrX	105066793	105066793	cg11194545	0.0040859083157057	0.338695175270233	NRK
chrX	49107165	49107165	cg01564333	0.0041057571148515	0.339319622483383	FOXP3
chrX	53284008	53284008	cg22288147	0.0041138736836466	0.339553711550502	IQSEC2
chrX	134429972	134429972	cg07419680	0.0041359814745241	0.340356543201028	ZNF75D
chrX	53468826	53468826	cg16428596	0.0043153908482146	0.347232259144332	
chrX	41778212	41778212	cg25717578	0.0043392784918541	0.348215219102224	CASK
chrX	136115992	136115992	cg14463432	0.0043520079624714	0.348790926522901	
chrX	103358117	103358117	cg24671185	0.0044877296689632	0.353606176615779	SLC25A53,ZCCHC18
chrX	39865331	39865331	cg04823894	0.0044982698528445	0.353769316517622	
chrX	49774573	49774573	cg04861259	0.0045058198475253	0.353972160079168	CLCN5
chrX	71262879	71262879	cg24819451	0.0045429714058381	0.354978972517133	NHSL2
chrX	23927285	23927285	cg21567017	0.0045642525960905	0.355909450966723	CXorf58
chrX	25020239	25020239	cg10640004	0.0046079257965827	0.357769516996299	
chrX	129305481	129305481	cg11565980	0.0046202038823652	0.35809966580321	
chrX	73161223	73161223	cg08627270	0.0046357004035737	0.358365319298952	
chrX	12885115	12885115	cg01498090	0.0047177737069067	0.36048033307707	
chrX	152960453	152960453	cg13762255	0.004717804817401	0.36048033307707	SLC6A8
chrX	54947822	54947822	cg23360535	0.0047665297547551	0.362083752600603	TRO
chrX	124339261	124339261	cg04691867	0.0047803794978759	0.362619864379155	
chrX	9430465	9430465	cg00235887	0.004823981930584	0.364097314896971	
chrX	30233589	30233589	cg15715746	0.0048504219134127	0.365070398729187	
chrX	37545587	37545587	cg07489003	0.0049616107102809	0.368885776565523	TM4SF2,XK
chrX	44703680	44703680	cg13018252	0.0050522711478809	0.371758611392213	DUSP21
chrX	47441050	47441050	cg25652053	0.0051233879286471	0.373877371782241	SYN1
chrX	31090318	31090318	cg14372937	0.005159612965773	0.375094119020949	
chrX	100548161	100548161	cg06776776	0.0052823190254459	0.378448711283263	
chrX	128657894	128657894	cg24447042	0.0053293994703947	0.380191439212774	
chrX	49026775	49026775	cg25377867	0.0053377659244185	0.380495850443318	
chrX	73507324	73507324	cg22690030	0.0053592452200573	0.381083939092625	FTX
chrX	70128670	70128670	cg08167097	0.0055002905987849	0.385534465402703	
chrX	86772789	86772789	cg03766586	0.0056091706657365	0.38857180782306	KLHL4
chrX	25029285	25029285	cg11863130	0.0056271351242068	0.389036710679073	ARX
chrX	153038783	153038783	cg04641663	0.0057241800955316	0.391688373461742	PLXNB3
chrX	68058033	68058033	cg03240752	0.0057627125933654	0.393016040013236	EFNB1
chrX	68060375	68060375	cg11036290	0.0058825649780834	0.396014331211335	EFNB1
chrX	49050740	49050740	cg25434856	0.0059467044286897	0.397990888111864	SYP
chrX	10588407	10588407	cg16692308	0.005993248648455	0.399396147215721	MID1
chrX	49032529	49032529	cg17547226	0.0060355081576635	0.400741546766587	PRICKLE3
chrX	137793853	137793853	cg24401557	0.0061416794998841	0.404302550869681	FGF13,FGF13-AS1
chrX	131547698	131547698	cg14520512	0.0062368387494078	0.406900022658294	MBNL3,RAP2C-AS1
chrX	145701721	145701721	cg10346077	0.0063552614847504	0.40996295039088	RP1-203P18.1
chrX	78003346	78003346	cg14076132	0.0063543566822116	0.40996295039088	LPAR4
chrX	138774602	138774602	cg08476890	0.0063861115735191	0.410652880426214	MCF2
chrX	145700537	145700537	cg06864633	0.0064995603268449	0.413692142314266	
chrX	63420891	63420891	cg14923379	0.0065322701175739	0.414587832900448	AMER1
chrX	39681521	39681521	cg27208467	0.0065342030493337	0.414587832900448	
chrX	9755283	9755283	cg09665351	0.0065506788181171	0.415016462990844	SHROOM2
chrX	62954565	62954565	cg00242233	0.0065727756109245	0.415838068252083	ARHGEF9
chrX	30233576	30233576	cg01078565	0.0065760628225144	0.415951533603025	
chrX	153083134	153083134	cg04619644	0.0066174234608188	0.417398331784812	PDZD4
chrX	24332163	24332163	cg05028588	0.0066813657490021	0.4190898957206	
chrX	30265203	30265203	cg01331780	0.0067726986485172	0.421261686752686	MAGEB1
chrX	49773711	49773711	cg08342708	0.0070106006200632	0.427320520045167	CLCN5
chrX	96138787	96138787	cg26071642	0.0070218872603675	0.427481565970141	DIAPH2
chrX	53468667	53468667	cg05345404	0.0070421054607547	0.428088473815494	
chrX	53113523	53113523	cg15474769	0.0071849986359776	0.432525837755364	TSPYL2
chrX	2750101	2750101	cg22130067	0.0073241286355914	0.436277146638085	GYG2
chrX	66770278	66770278	cg20265337	0.0073735525542675	0.437570085349769	AR
chrX	39864984	39864984	cg19045293	0.0075734804237337	0.442518614779054	
chrX	118679582	118679582	cg19567683	0.0076939526023586	0.444591690404246	CXorf56
chrX	68060739	68060739	cg22355031	0.0076925510652015	0.444591690404246	EFNB1
chrX	24045380	24045380	cg27561732	0.0078526458972098	0.448325328986864	
chrX	130216576	130216576	cg16084857	0.0078948483832967	0.44904684914197	ARHGAP36
chrX	136649094	136649094	cg10451760	0.0079506812112984	0.450642082240113	ZIC3
chrX	2844682	2844682	cg03210191	0.0079897468903638	0.451593334558794	ARSD
chrX	119442972	119442972	cg08760398	0.007991825643586	0.451593334558794	TMEM255A
chrX	108868283	108868283	cg06720669	0.008178277133325	0.455764031863944	ACSL4,KCNE1L
chrX	25020939	25020939	cg08792260	0.008194413124226	0.455991458397137	
chrX	49019150	49019150	cg24881209	0.0081937523495361	0.455991458397137	MAGIX
chrX	63411231	63411231	cg25422517	0.008457577260383	0.462142866713451	AMER1
chrX	142717164	142717164	cg18520603	0.0084807625748946	0.462779739122204	SLITRK4
chrX	110867638	110867638	cg07692215	0.0084912059108021	0.462930548511842	RPL18AP15
chrX	77225848	77225848	cg14176959	0.0085963542622677	0.465252403335773	ATP7A
chrX	64254668	64254668	cg22055524	0.0086216127009335	0.465895018334283	
chrX	25021346	25021346	cg25832925	0.0086259050787702	0.466036530156037	
chrX	70364544	70364544	cg02345317	0.0086795400630023	0.46733192726196	
chrX	118406912	118406912	cg24608087	0.0087159343112274	0.468042318124639	
chrX	39868678	39868678	cg19591080	0.0087878178590622	0.469690102059457	AC092198.1
chrX	114423926	114423926	cg05091491	0.0088729330673165	0.471519831077043	LRCH2
chrX	49768190	49768190	cg03662899	0.0090829902761049	0.475956211197524	CLCN5,MIR188
chrX	125300035	125300035	cg16108684	0.0091568111110726	0.47742865591694	DCAF12L2
chrX	133118132	133118132	cg02442693	0.0091886945373567	0.478463910144602	GPC3
chrX	48828398	48828398	cg06140460	0.0091908196523991	0.478485091381235	
chrX	2870499	2870499	cg16771588	0.0092930779972333	0.480693234604382	ARSE
chrX	124339463	124339463	cg07200487	0.0093072647890442	0.480958907448851	
chrX	70273114	70273114	cg02639793	0.0093435513643753	0.48180147845266	
chrX	29332163	29332163	cg11516680	0.0093437531449027	0.48180147845266	IL1RAPL1
chrX	73524047	73524047	cg15878116	0.0093560662051875	0.482100805791884	ZCCHC13
chrX	3235329	3235329	cg09293286	0.0093790240404616	0.482471944554203	MXRA5
chrX	13063969	13063969	cg23538707	0.0093950580844313	0.482799412661402	
chrX	2882333	2882333	cg11964613	0.0095132087631352	0.485545865404328	ARSE
chrX	24042366	24042366	cg05578291	0.0095905500360657	0.48735909397338	KLHL15
chrX	55101327	55101327	cg27492220	0.0096375539468017	0.488386790754699	
chrX	100807848	100807848	cg00408231	0.0097328509536195	0.490914038017556	ARMCX1
chrX	142716478	142716478	cg10868293	0.0097800556440944	0.491720551262907	SLITRK4
chrX	119074770	119074770	cg05239824	0.0098482142824125	0.492937197670595	NKAP
chrX	49040278	49040278	cg16594878	0.0098549605460321	0.492937197670595	PRICKLE3
chrX	25022004	25022004	cg02082650	0.0099251206896607	0.49428251470744	ARX
chrX	23018036	23018036	cg22052586	0.0099353712183234	0.494510173859005	RP11-40F8.2
chrX	47521427	47521427	cg02263204	0.0099980753682424	0.495734343107204	
chrX	13588175	13588175	cg07810164	0.0101139417275513	0.497987099694369	EGFL6
chrX	119868737	119868737	cg15600969	0.0101901930711948	0.499198064848842	
chrX	35937779	35937779	cg03176466	0.0102186348449111	0.499493055319735	
chrY	6777855	6777855	cg02002345	0.0087630340232309	0.468938509405613	
